dataset,k,algorithm,method,repeat,nodes,edges,baseline_rss_mib,baseline_maxrss_mib,peak_maxrss_mib,incremental_peak_rss_mib,end_rss_mib,output_matrix_mib,temporary_over_output_mib,affinity_cpu
wine,5,floyd_warshall,FW,1,178,634,37.609375,37.48828125,39.86328125,2.25390625,40.03125,0.241729736328125,2.012176513671875,0
wine,5,floyd_warshall,FW,2,178,634,37.609375,37.4921875,39.8671875,2.2578125,40.03125,0.241729736328125,2.016082763671875,0
wine,5,floyd_warshall,FW,3,178,634,37.609375,37.4921875,39.8671875,2.2578125,40.03125,0.241729736328125,2.016082763671875,0
wine,5,floyd_warshall,FW,4,178,634,37.609375,37.4921875,39.8671875,2.2578125,40.03125,0.241729736328125,2.016082763671875,0
wine,5,floyd_warshall,FW,5,178,634,37.61328125,37.4921875,39.8671875,2.25390625,40.03515625,0.241729736328125,2.012176513671875,0
wine,5,floyd_warshall,FW,6,178,634,37.61328125,37.49609375,39.87109375,2.2578125,40.03515625,0.241729736328125,2.016082763671875,0
wine,5,floyd_warshall,FW,7,178,634,37.61328125,37.49609375,39.87109375,2.2578125,40.03515625,0.241729736328125,2.016082763671875,0
wine,5,floyd_warshall,FW,8,178,634,37.61328125,37.49609375,39.87109375,2.2578125,40.03515625,0.241729736328125,2.016082763671875,0
wine,5,floyd_warshall,FW,9,178,634,37.61328125,37.49609375,39.87109375,2.2578125,40.0390625,0.241729736328125,2.016082763671875,0
wine,5,floyd_warshall,FW,10,178,634,37.6171875,37.5,39.875,2.2578125,40.0390625,0.241729736328125,2.016082763671875,0
wine,5,floyd_warshall,FW,11,178,634,37.6171875,37.5,39.875,2.2578125,40.0390625,0.241729736328125,2.016082763671875,0
wine,5,floyd_warshall,FW,12,178,634,37.6171875,37.5,39.875,2.2578125,40.0390625,0.241729736328125,2.016082763671875,0
wine,5,floyd_warshall,FW,13,178,634,37.6171875,37.5,39.875,2.2578125,40.0390625,0.241729736328125,2.016082763671875,0
wine,5,floyd_warshall,FW,14,178,634,37.6171875,37.5,39.875,2.2578125,40.04296875,0.241729736328125,2.016082763671875,0
wine,5,floyd_warshall,FW,15,178,634,37.625,37.5,40.0,2.375,40.046875,0.241729736328125,2.133270263671875,0
wine,5,floyd_warshall,FW,16,178,634,37.625,37.50390625,39.87890625,2.25390625,40.046875,0.241729736328125,2.012176513671875,0
wine,5,floyd_warshall,FW,17,178,634,37.625,37.5078125,39.8828125,2.2578125,40.046875,0.241729736328125,2.016082763671875,0
wine,5,floyd_warshall,FW,18,178,634,37.625,37.5078125,39.8828125,2.2578125,40.05078125,0.241729736328125,2.016082763671875,0
wine,5,floyd_warshall,FW,19,178,634,37.62890625,37.5078125,39.8828125,2.25390625,40.05078125,0.241729736328125,2.012176513671875,0
wine,5,floyd_warshall,FW,20,178,634,37.62890625,37.51171875,39.88671875,2.2578125,40.05078125,0.241729736328125,2.016082763671875,0
wine,5,floyd_warshall,FW,21,178,634,37.62890625,37.51171875,39.88671875,2.2578125,40.05078125,0.241729736328125,2.016082763671875,0
wine,5,floyd_warshall,FW,22,178,634,37.62890625,37.51171875,39.88671875,2.2578125,40.05078125,0.241729736328125,2.016082763671875,0
wine,5,floyd_warshall,FW,23,178,634,37.62890625,37.51171875,39.88671875,2.2578125,40.05078125,0.241729736328125,2.016082763671875,0
wine,5,floyd_warshall,FW,24,178,634,37.62890625,37.51171875,39.88671875,2.2578125,40.05078125,0.241729736328125,2.016082763671875,0
wine,5,floyd_warshall,FW,25,178,634,37.6328125,37.51171875,39.88671875,2.25390625,40.0546875,0.241729736328125,2.012176513671875,0
wine,5,floyd_warshall,FW,26,178,634,37.6328125,37.515625,39.890625,2.2578125,40.0546875,0.241729736328125,2.016082763671875,0
wine,5,floyd_warshall,FW,27,178,634,37.6328125,37.515625,39.890625,2.2578125,40.05859375,0.241729736328125,2.016082763671875,0
wine,5,floyd_warshall,FW,28,178,634,37.63671875,37.515625,39.890625,2.25390625,40.05859375,0.241729736328125,2.012176513671875,0
wine,5,floyd_warshall,FW,29,178,634,37.63671875,37.51953125,39.89453125,2.2578125,40.05859375,0.241729736328125,2.016082763671875,0
wine,5,floyd_warshall,FW,30,178,634,37.640625,37.51953125,39.89453125,2.25390625,40.0625,0.241729736328125,2.012176513671875,0
wine,5,johnson,J,1,178,634,37.5625,37.4609375,40.4609375,2.8984375,40.58984375,0.241729736328125,2.656707763671875,0
wine,5,johnson,J,2,178,634,37.5625,37.46484375,40.46484375,2.90234375,40.58984375,0.241729736328125,2.660614013671875,0
wine,5,johnson,J,3,178,634,37.5625,37.46484375,40.46484375,2.90234375,40.58984375,0.241729736328125,2.660614013671875,0
wine,5,johnson,J,4,178,634,37.5625,37.46484375,40.46484375,2.90234375,40.58984375,0.241729736328125,2.660614013671875,0
wine,5,johnson,J,5,178,634,37.56640625,37.46484375,40.46484375,2.8984375,40.59375,0.241729736328125,2.656707763671875,0
wine,5,johnson,J,6,178,634,37.56640625,37.46875,40.46875,2.90234375,40.59375,0.241729736328125,2.660614013671875,0
wine,5,johnson,J,7,178,634,37.56640625,37.46875,40.46875,2.90234375,40.59375,0.241729736328125,2.660614013671875,0
wine,5,johnson,J,8,178,634,37.56640625,37.46875,40.46875,2.90234375,40.59375,0.241729736328125,2.660614013671875,0
wine,5,johnson,J,9,178,634,37.56640625,37.46875,40.46875,2.90234375,40.59375,0.241729736328125,2.660614013671875,0
wine,5,johnson,J,10,178,634,37.56640625,37.46875,40.46875,2.90234375,40.59375,0.241729736328125,2.660614013671875,0
wine,5,johnson,J,11,178,634,37.56640625,37.46875,40.46875,2.90234375,40.59765625,0.241729736328125,2.660614013671875,0
wine,5,johnson,J,12,178,634,37.56640625,37.46875,40.46875,2.90234375,40.59765625,0.241729736328125,2.660614013671875,0
wine,5,johnson,J,13,178,634,37.5703125,37.46875,40.46875,2.8984375,40.6015625,0.241729736328125,2.656707763671875,0
wine,5,johnson,J,14,178,634,37.57421875,37.47265625,40.47265625,2.8984375,40.60546875,0.241729736328125,2.656707763671875,0
wine,5,johnson,J,15,178,634,37.578125,37.47265625,40.47265625,2.89453125,40.609375,0.241729736328125,2.652801513671875,0
wine,5,johnson,J,16,178,634,37.578125,37.4765625,40.4765625,2.8984375,40.609375,0.241729736328125,2.656707763671875,0
wine,5,johnson,J,17,178,634,37.578125,37.48046875,40.48046875,2.90234375,40.609375,0.241729736328125,2.660614013671875,0
wine,5,johnson,J,18,178,634,37.578125,37.48046875,40.48046875,2.90234375,40.609375,0.241729736328125,2.660614013671875,0
wine,5,johnson,J,19,178,634,37.578125,37.48046875,40.48046875,2.90234375,40.609375,0.241729736328125,2.660614013671875,0
wine,5,johnson,J,20,178,634,37.578125,37.48046875,40.48046875,2.90234375,40.61328125,0.241729736328125,2.660614013671875,0
wine,5,johnson,J,21,178,634,37.578125,37.48046875,40.48046875,2.90234375,40.61328125,0.241729736328125,2.660614013671875,0
wine,5,johnson,J,22,178,634,37.58203125,37.48046875,40.48046875,2.8984375,40.61328125,0.241729736328125,2.656707763671875,0
wine,5,johnson,J,23,178,634,37.58203125,37.484375,40.484375,2.90234375,40.61328125,0.241729736328125,2.660614013671875,0
wine,5,johnson,J,24,178,634,37.58203125,37.484375,40.484375,2.90234375,40.61328125,0.241729736328125,2.660614013671875,0
wine,5,johnson,J,25,178,634,37.5859375,37.484375,40.484375,2.8984375,40.61328125,0.241729736328125,2.656707763671875,0
wine,5,johnson,J,26,178,634,37.5859375,37.48828125,40.48828125,2.90234375,40.6171875,0.241729736328125,2.660614013671875,0
wine,5,johnson,J,27,178,634,37.5859375,37.48828125,40.48828125,2.90234375,40.6171875,0.241729736328125,2.660614013671875,0
wine,5,johnson,J,28,178,634,37.5859375,37.48828125,40.48828125,2.90234375,40.6171875,0.241729736328125,2.660614013671875,0
wine,5,johnson,J,29,178,634,37.5859375,37.48828125,40.48828125,2.90234375,40.62109375,0.241729736328125,2.660614013671875,0
wine,5,johnson,J,30,178,634,37.58984375,37.48828125,40.48828125,2.8984375,40.625,0.241729736328125,2.656707763671875,0
wine,5,dijkstra,D,1,178,634,37.4765625,37.27734375,40.40234375,2.92578125,40.50390625,0.241729736328125,2.684051513671875,0
wine,5,dijkstra,D,2,178,634,37.4765625,37.28515625,40.41015625,2.93359375,40.50390625,0.241729736328125,2.691864013671875,0
wine,5,dijkstra,D,3,178,634,37.4765625,37.28515625,40.41015625,2.93359375,40.50390625,0.241729736328125,2.691864013671875,0
wine,5,dijkstra,D,4,178,634,37.4765625,37.28515625,40.41015625,2.93359375,40.50390625,0.241729736328125,2.691864013671875,0
wine,5,dijkstra,D,5,178,634,37.48046875,37.28515625,40.41015625,2.9296875,40.5078125,0.241729736328125,2.687957763671875,0
wine,5,dijkstra,D,6,178,634,37.48046875,37.2890625,40.4140625,2.93359375,40.5078125,0.241729736328125,2.691864013671875,0
wine,5,dijkstra,D,7,178,634,37.48046875,37.2890625,40.4140625,2.93359375,40.5078125,0.241729736328125,2.691864013671875,0
wine,5,dijkstra,D,8,178,634,37.48046875,37.2890625,40.4140625,2.93359375,40.5078125,0.241729736328125,2.691864013671875,0
wine,5,dijkstra,D,9,178,634,37.48046875,37.2890625,40.4140625,2.93359375,40.5078125,0.241729736328125,2.691864013671875,0
wine,5,dijkstra,D,10,178,634,37.48046875,37.2890625,40.4140625,2.93359375,40.5078125,0.241729736328125,2.691864013671875,0
wine,5,dijkstra,D,11,178,634,37.48046875,37.2890625,40.4140625,2.93359375,40.51171875,0.241729736328125,2.691864013671875,0
wine,5,dijkstra,D,12,178,634,37.484375,37.2890625,40.4140625,2.9296875,40.51171875,0.241729736328125,2.687957763671875,0
wine,5,dijkstra,D,13,178,634,37.484375,37.2890625,40.4140625,2.9296875,40.515625,0.241729736328125,2.687957763671875,0
wine,5,dijkstra,D,14,178,634,37.48828125,37.2890625,40.4140625,2.92578125,40.51953125,0.241729736328125,2.684051513671875,0
wine,5,dijkstra,D,15,178,634,37.4921875,37.296875,40.421875,2.9296875,40.5234375,0.241729736328125,2.687957763671875,0
wine,5,dijkstra,D,16,178,634,37.4921875,37.30078125,40.42578125,2.93359375,40.5234375,0.241729736328125,2.691864013671875,0
wine,5,dijkstra,D,17,178,634,37.4921875,37.30078125,40.42578125,2.93359375,40.5234375,0.241729736328125,2.691864013671875,0
wine,5,dijkstra,D,18,178,634,37.4921875,37.30078125,40.42578125,2.93359375,40.5234375,0.241729736328125,2.691864013671875,0
wine,5,dijkstra,D,19,178,634,37.4921875,37.30078125,40.42578125,2.93359375,40.5234375,0.241729736328125,2.691864013671875,0
wine,5,dijkstra,D,20,178,634,37.4921875,37.30078125,40.42578125,2.93359375,40.5234375,0.241729736328125,2.691864013671875,0
wine,5,dijkstra,D,21,178,634,37.4921875,37.30078125,40.42578125,2.93359375,40.5234375,0.241729736328125,2.691864013671875,0
wine,5,dijkstra,D,22,178,634,37.4921875,37.30078125,40.42578125,2.93359375,40.52734375,0.241729736328125,2.691864013671875,0
wine,5,dijkstra,D,23,178,634,37.49609375,37.30078125,40.42578125,2.9296875,40.52734375,0.241729736328125,2.687957763671875,0
wine,5,dijkstra,D,24,178,634,37.49609375,37.3046875,40.4296875,2.93359375,40.52734375,0.241729736328125,2.691864013671875,0
wine,5,dijkstra,D,25,178,634,37.5,37.3046875,40.4296875,2.9296875,40.52734375,0.241729736328125,2.687957763671875,0
wine,5,dijkstra,D,26,178,634,37.5,37.30859375,40.43359375,2.93359375,40.53125,0.241729736328125,2.691864013671875,0
wine,5,dijkstra,D,27,178,634,37.5,37.30859375,40.43359375,2.93359375,40.53125,0.241729736328125,2.691864013671875,0
wine,5,dijkstra,D,28,178,634,37.5,37.30859375,40.43359375,2.93359375,40.53125,0.241729736328125,2.691864013671875,0
wine,5,dijkstra,D,29,178,634,37.5,37.30859375,40.43359375,2.93359375,40.53125,0.241729736328125,2.691864013671875,0
wine,5,dijkstra,D,30,178,634,37.50390625,37.30859375,40.43359375,2.9296875,40.53515625,0.241729736328125,2.687957763671875,0
wine,10,floyd_warshall,FW,1,178,1231,37.390625,37.28515625,39.78515625,2.39453125,39.91796875,0.241729736328125,2.152801513671875,0
wine,10,floyd_warshall,FW,2,178,1231,37.390625,37.2890625,39.7890625,2.3984375,39.91796875,0.241729736328125,2.156707763671875,0
wine,10,floyd_warshall,FW,3,178,1231,37.390625,37.2890625,39.7890625,2.3984375,39.91796875,0.241729736328125,2.156707763671875,0
wine,10,floyd_warshall,FW,4,178,1231,37.390625,37.2890625,39.7890625,2.3984375,39.91796875,0.241729736328125,2.156707763671875,0
wine,10,floyd_warshall,FW,5,178,1231,37.39453125,37.2890625,39.7890625,2.39453125,39.921875,0.241729736328125,2.152801513671875,0
wine,10,floyd_warshall,FW,6,178,1231,37.39453125,37.29296875,39.79296875,2.3984375,39.921875,0.241729736328125,2.156707763671875,0
wine,10,floyd_warshall,FW,7,178,1231,37.39453125,37.29296875,39.79296875,2.3984375,39.921875,0.241729736328125,2.156707763671875,0
wine,10,floyd_warshall,FW,8,178,1231,37.39453125,37.29296875,39.79296875,2.3984375,39.921875,0.241729736328125,2.156707763671875,0
wine,10,floyd_warshall,FW,9,178,1231,37.3984375,37.29296875,39.79296875,2.39453125,39.92578125,0.241729736328125,2.152801513671875,0
wine,10,floyd_warshall,FW,10,178,1231,37.3984375,37.296875,39.796875,2.3984375,39.92578125,0.241729736328125,2.156707763671875,0
wine,10,floyd_warshall,FW,11,178,1231,37.3984375,37.296875,39.796875,2.3984375,39.92578125,0.241729736328125,2.156707763671875,0
wine,10,floyd_warshall,FW,12,178,1231,37.3984375,37.296875,39.796875,2.3984375,39.9296875,0.241729736328125,2.156707763671875,0
wine,10,floyd_warshall,FW,13,178,1231,37.40234375,37.296875,39.796875,2.39453125,39.9296875,0.241729736328125,2.152801513671875,0
wine,10,floyd_warshall,FW,14,178,1231,37.40234375,37.296875,39.796875,2.39453125,39.9296875,0.241729736328125,2.152801513671875,0
wine,10,floyd_warshall,FW,15,178,1231,37.40625,37.30078125,39.80078125,2.39453125,39.93359375,0.241729736328125,2.152801513671875,0
wine,10,floyd_warshall,FW,16,178,1231,37.40625,37.3046875,39.8046875,2.3984375,39.93359375,0.241729736328125,2.156707763671875,0
wine,10,floyd_warshall,FW,17,178,1231,37.40625,37.3046875,39.8046875,2.3984375,39.93359375,0.241729736328125,2.156707763671875,0
wine,10,floyd_warshall,FW,18,178,1231,37.40625,37.3046875,39.8046875,2.3984375,39.9375,0.241729736328125,2.156707763671875,0
wine,10,floyd_warshall,FW,19,178,1231,37.41015625,37.3046875,39.8046875,2.39453125,39.9375,0.241729736328125,2.152801513671875,0
wine,10,floyd_warshall,FW,20,178,1231,37.41015625,37.30859375,39.80859375,2.3984375,39.9375,0.241729736328125,2.156707763671875,0
wine,10,floyd_warshall,FW,21,178,1231,37.41015625,37.30859375,39.80859375,2.3984375,39.9375,0.241729736328125,2.156707763671875,0
wine,10,floyd_warshall,FW,22,178,1231,37.41015625,37.30859375,39.80859375,2.3984375,39.9375,0.241729736328125,2.156707763671875,0
wine,10,floyd_warshall,FW,23,178,1231,37.41015625,37.30859375,39.80859375,2.3984375,39.9375,0.241729736328125,2.156707763671875,0
wine,10,floyd_warshall,FW,24,178,1231,37.41015625,37.30859375,39.80859375,2.3984375,39.9375,0.241729736328125,2.156707763671875,0
wine,10,floyd_warshall,FW,25,178,1231,37.4140625,37.30859375,39.80859375,2.39453125,39.94140625,0.241729736328125,2.152801513671875,0
wine,10,floyd_warshall,FW,26,178,1231,37.4140625,37.3125,39.8125,2.3984375,39.94140625,0.241729736328125,2.156707763671875,0
wine,10,floyd_warshall,FW,27,178,1231,37.4140625,37.3125,39.8125,2.3984375,39.9453125,0.241729736328125,2.156707763671875,0
wine,10,floyd_warshall,FW,28,178,1231,37.41796875,37.3125,39.8125,2.39453125,39.9453125,0.241729736328125,2.152801513671875,0
wine,10,floyd_warshall,FW,29,178,1231,37.41796875,37.31640625,39.81640625,2.3984375,39.9453125,0.241729736328125,2.156707763671875,0
wine,10,floyd_warshall,FW,30,178,1231,37.421875,37.31640625,39.81640625,2.39453125,39.94921875,0.241729736328125,2.152801513671875,0
wine,10,johnson,J,1,178,1231,37.57421875,37.41796875,40.29296875,2.71875,40.47265625,0.241729736328125,2.477020263671875,0
wine,10,johnson,J,2,178,1231,37.57421875,37.421875,40.296875,2.72265625,40.47265625,0.241729736328125,2.480926513671875,0
wine,10,johnson,J,3,178,1231,37.57421875,37.421875,40.296875,2.72265625,40.47265625,0.241729736328125,2.480926513671875,0
wine,10,johnson,J,4,178,1231,37.57421875,37.421875,40.296875,2.72265625,40.47265625,0.241729736328125,2.480926513671875,0
wine,10,johnson,J,5,178,1231,37.578125,37.421875,40.296875,2.71875,40.4765625,0.241729736328125,2.477020263671875,0
wine,10,johnson,J,6,178,1231,37.578125,37.42578125,40.30078125,2.72265625,40.4765625,0.241729736328125,2.480926513671875,0
wine,10,johnson,J,7,178,1231,37.578125,37.42578125,40.30078125,2.72265625,40.4765625,0.241729736328125,2.480926513671875,0
wine,10,johnson,J,8,178,1231,37.578125,37.42578125,40.30078125,2.72265625,40.48046875,0.241729736328125,2.480926513671875,0
wine,10,johnson,J,9,178,1231,37.578125,37.42578125,40.30078125,2.72265625,40.48046875,0.241729736328125,2.480926513671875,0
wine,10,johnson,J,10,178,1231,37.58203125,37.42578125,40.30078125,2.71875,40.484375,0.241729736328125,2.477020263671875,0
wine,10,johnson,J,11,178,1231,37.5859375,37.4296875,40.3046875,2.71875,40.484375,0.241729736328125,2.477020263671875,0
wine,10,johnson,J,12,178,1231,37.5859375,37.4296875,40.3046875,2.71875,40.484375,0.241729736328125,2.477020263671875,0
wine,10,johnson,J,13,178,1231,37.5859375,37.4296875,40.3046875,2.71875,40.484375,0.241729736328125,2.477020263671875,0
wine,10,johnson,J,14,178,1231,37.5859375,37.43359375,40.30859375,2.72265625,40.48828125,0.241729736328125,2.480926513671875,0
wine,10,johnson,J,15,178,1231,37.58984375,37.43359375,40.30859375,2.71875,40.4921875,0.241729736328125,2.477020263671875,0
wine,10,johnson,J,16,178,1231,37.58984375,37.4375,40.3125,2.72265625,40.4921875,0.241729736328125,2.480926513671875,0
wine,10,johnson,J,17,178,1231,37.58984375,37.4375,40.3125,2.72265625,40.49609375,0.241729736328125,2.480926513671875,0
wine,10,johnson,J,18,178,1231,37.58984375,37.4375,40.3125,2.72265625,40.49609375,0.241729736328125,2.480926513671875,0
wine,10,johnson,J,19,178,1231,37.59375,37.4375,40.3125,2.71875,40.49609375,0.241729736328125,2.477020263671875,0
wine,10,johnson,J,20,178,1231,37.59375,37.44140625,40.31640625,2.72265625,40.49609375,0.241729736328125,2.480926513671875,0
wine,10,johnson,J,21,178,1231,37.59375,37.44140625,40.31640625,2.72265625,40.49609375,0.241729736328125,2.480926513671875,0
wine,10,johnson,J,22,178,1231,37.59375,37.44140625,40.31640625,2.72265625,40.49609375,0.241729736328125,2.480926513671875,0
wine,10,johnson,J,23,178,1231,37.59375,37.44140625,40.31640625,2.72265625,40.49609375,0.241729736328125,2.480926513671875,0
wine,10,johnson,J,24,178,1231,37.59375,37.44140625,40.31640625,2.72265625,40.49609375,0.241729736328125,2.480926513671875,0
wine,10,johnson,J,25,178,1231,37.59765625,37.44140625,40.31640625,2.71875,40.49609375,0.241729736328125,2.477020263671875,0
wine,10,johnson,J,26,178,1231,37.59765625,37.4453125,40.3203125,2.72265625,40.50390625,0.241729736328125,2.480926513671875,0
wine,10,johnson,J,27,178,1231,37.59765625,37.4453125,40.3203125,2.72265625,40.50390625,0.241729736328125,2.480926513671875,0
wine,10,johnson,J,28,178,1231,37.6015625,37.4453125,40.3203125,2.71875,40.50390625,0.241729736328125,2.477020263671875,0
wine,10,johnson,J,29,178,1231,37.6015625,37.44921875,40.32421875,2.72265625,40.50390625,0.241729736328125,2.480926513671875,0
wine,10,johnson,J,30,178,1231,37.60546875,37.44921875,40.32421875,2.71875,40.5078125,0.241729736328125,2.477020263671875,0
wine,10,dijkstra,D,1,178,1231,37.3828125,37.3046875,40.4296875,3.046875,40.48828125,0.241729736328125,2.805145263671875,0
wine,10,dijkstra,D,2,178,1231,37.3828125,37.30859375,40.43359375,3.05078125,40.48828125,0.241729736328125,2.809051513671875,0
wine,10,dijkstra,D,3,178,1231,37.3828125,37.30859375,40.43359375,3.05078125,40.48828125,0.241729736328125,2.809051513671875,0
wine,10,dijkstra,D,4,178,1231,37.3828125,37.30859375,40.43359375,3.05078125,40.48828125,0.241729736328125,2.809051513671875,0
wine,10,dijkstra,D,5,178,1231,37.38671875,37.30859375,40.43359375,3.046875,40.4921875,0.241729736328125,2.805145263671875,0
wine,10,dijkstra,D,6,178,1231,37.38671875,37.3125,40.4375,3.05078125,40.4921875,0.241729736328125,2.809051513671875,0
wine,10,dijkstra,D,7,178,1231,37.38671875,37.3125,40.4375,3.05078125,40.4921875,0.241729736328125,2.809051513671875,0
wine,10,dijkstra,D,8,178,1231,37.38671875,37.3125,40.4375,3.05078125,40.4921875,0.241729736328125,2.809051513671875,0
wine,10,dijkstra,D,9,178,1231,37.38671875,37.3125,40.4375,3.05078125,40.4921875,0.241729736328125,2.809051513671875,0
wine,10,dijkstra,D,10,178,1231,37.38671875,37.3125,40.4375,3.05078125,40.4921875,0.241729736328125,2.809051513671875,0
wine,10,dijkstra,D,11,178,1231,37.38671875,37.3125,40.4375,3.05078125,40.5,0.241729736328125,2.809051513671875,0
wine,10,dijkstra,D,12,178,1231,37.390625,37.3125,40.4375,3.046875,40.5,0.241729736328125,2.805145263671875,0
wine,10,dijkstra,D,13,178,1231,37.3984375,37.32421875,40.44921875,3.05078125,40.5,0.241729736328125,2.809051513671875,0
wine,10,dijkstra,D,14,178,1231,37.3984375,37.32421875,40.44921875,3.05078125,40.50390625,0.241729736328125,2.809051513671875,0
wine,10,dijkstra,D,15,178,1231,37.40234375,37.328125,40.453125,3.05078125,40.5078125,0.241729736328125,2.809051513671875,0
wine,10,dijkstra,D,16,178,1231,37.40234375,37.33203125,40.45703125,3.0546875,40.5078125,0.241729736328125,2.812957763671875,0
wine,10,dijkstra,D,17,178,1231,37.40234375,37.33203125,40.45703125,3.0546875,40.5078125,0.241729736328125,2.812957763671875,0
wine,10,dijkstra,D,18,178,1231,37.40234375,37.33203125,40.45703125,3.0546875,40.5078125,0.241729736328125,2.812957763671875,0
wine,10,dijkstra,D,19,178,1231,37.40234375,37.33203125,40.45703125,3.0546875,40.5078125,0.241729736328125,2.812957763671875,0
wine,10,dijkstra,D,20,178,1231,37.40234375,37.33203125,40.45703125,3.0546875,40.51171875,0.241729736328125,2.812957763671875,0
wine,10,dijkstra,D,21,178,1231,37.40625,37.33203125,40.45703125,3.05078125,40.51171875,0.241729736328125,2.809051513671875,0
wine,10,dijkstra,D,22,178,1231,37.40625,37.3359375,40.4609375,3.0546875,40.51171875,0.241729736328125,2.812957763671875,0
wine,10,dijkstra,D,23,178,1231,37.40625,37.3359375,40.4609375,3.0546875,40.51171875,0.241729736328125,2.812957763671875,0
wine,10,dijkstra,D,24,178,1231,37.40625,37.3359375,40.4609375,3.0546875,40.51171875,0.241729736328125,2.812957763671875,0
wine,10,dijkstra,D,25,178,1231,37.41015625,37.3359375,40.4609375,3.05078125,40.51171875,0.241729736328125,2.809051513671875,0
wine,10,dijkstra,D,26,178,1231,37.41015625,37.33984375,40.46484375,3.0546875,40.515625,0.241729736328125,2.812957763671875,0
wine,10,dijkstra,D,27,178,1231,37.41015625,37.33984375,40.46484375,3.0546875,40.515625,0.241729736328125,2.812957763671875,0
wine,10,dijkstra,D,28,178,1231,37.41015625,37.33984375,40.46484375,3.0546875,40.515625,0.241729736328125,2.812957763671875,0
wine,10,dijkstra,D,29,178,1231,37.41015625,37.33984375,40.46484375,3.0546875,40.51953125,0.241729736328125,2.812957763671875,0
wine,10,dijkstra,D,30,178,1231,37.41796875,37.33984375,40.46484375,3.046875,40.5234375,0.241729736328125,2.805145263671875,0
wine,20,floyd_warshall,FW,1,178,2390,37.578125,37.4453125,39.9453125,2.3671875,39.984375,0.241729736328125,2.125457763671875,0
wine,20,floyd_warshall,FW,2,178,2390,37.578125,37.44921875,39.82421875,2.24609375,39.984375,0.241729736328125,2.004364013671875,0
wine,20,floyd_warshall,FW,3,178,2390,37.578125,37.44921875,39.82421875,2.24609375,39.984375,0.241729736328125,2.004364013671875,0
wine,20,floyd_warshall,FW,4,178,2390,37.578125,37.44921875,39.82421875,2.24609375,39.984375,0.241729736328125,2.004364013671875,0
wine,20,floyd_warshall,FW,5,178,2390,37.58203125,37.44921875,39.94921875,2.3671875,39.98828125,0.241729736328125,2.125457763671875,0
wine,20,floyd_warshall,FW,6,178,2390,37.58203125,37.453125,39.828125,2.24609375,39.98828125,0.241729736328125,2.004364013671875,0
wine,20,floyd_warshall,FW,7,178,2390,37.58203125,37.453125,39.828125,2.24609375,39.98828125,0.241729736328125,2.004364013671875,0
wine,20,floyd_warshall,FW,8,178,2390,37.58203125,37.453125,39.828125,2.24609375,39.9921875,0.241729736328125,2.004364013671875,0
wine,20,floyd_warshall,FW,9,178,2390,37.5859375,37.453125,39.953125,2.3671875,39.9921875,0.241729736328125,2.125457763671875,0
wine,20,floyd_warshall,FW,10,178,2390,37.5859375,37.45703125,39.83203125,2.24609375,39.9921875,0.241729736328125,2.004364013671875,0
wine,20,floyd_warshall,FW,11,178,2390,37.5859375,37.45703125,39.95703125,2.37109375,39.99609375,0.241729736328125,2.129364013671875,0
wine,20,floyd_warshall,FW,12,178,2390,37.5859375,37.45703125,39.95703125,2.37109375,39.99609375,0.241729736328125,2.129364013671875,0
wine,20,floyd_warshall,FW,13,178,2390,37.58984375,37.45703125,39.95703125,2.3671875,39.99609375,0.241729736328125,2.125457763671875,0
wine,20,floyd_warshall,FW,14,178,2390,37.58984375,37.45703125,39.95703125,2.3671875,39.99609375,0.241729736328125,2.125457763671875,0
wine,20,floyd_warshall,FW,15,178,2390,37.59375,37.4609375,39.9609375,2.3671875,40.0,0.241729736328125,2.125457763671875,0
wine,20,floyd_warshall,FW,16,178,2390,37.59375,37.46484375,39.83984375,2.24609375,40.0,0.241729736328125,2.004364013671875,0
wine,20,floyd_warshall,FW,17,178,2390,37.59375,37.46484375,39.83984375,2.24609375,40.0,0.241729736328125,2.004364013671875,0
wine,20,floyd_warshall,FW,18,178,2390,37.59765625,37.46484375,39.96484375,2.3671875,40.00390625,0.241729736328125,2.125457763671875,0
wine,20,floyd_warshall,FW,19,178,2390,37.59765625,37.46875,39.84375,2.24609375,40.00390625,0.241729736328125,2.004364013671875,0
wine,20,floyd_warshall,FW,20,178,2390,37.59765625,37.46875,39.84375,2.24609375,40.00390625,0.241729736328125,2.004364013671875,0
wine,20,floyd_warshall,FW,21,178,2390,37.59765625,37.46875,39.84375,2.24609375,40.00390625,0.241729736328125,2.004364013671875,0
wine,20,floyd_warshall,FW,22,178,2390,37.59765625,37.46875,39.84375,2.24609375,40.00390625,0.241729736328125,2.004364013671875,0
wine,20,floyd_warshall,FW,23,178,2390,37.59765625,37.46875,39.84375,2.24609375,40.00390625,0.241729736328125,2.004364013671875,0
wine,20,floyd_warshall,FW,24,178,2390,37.59765625,37.46875,39.84375,2.24609375,40.00390625,0.241729736328125,2.004364013671875,0
wine,20,floyd_warshall,FW,25,178,2390,37.6015625,37.46875,39.96875,2.3671875,40.0078125,0.241729736328125,2.125457763671875,0
wine,20,floyd_warshall,FW,26,178,2390,37.6015625,37.47265625,39.84765625,2.24609375,40.0078125,0.241729736328125,2.004364013671875,0
wine,20,floyd_warshall,FW,27,178,2390,37.60546875,37.47265625,39.97265625,2.3671875,40.01171875,0.241729736328125,2.125457763671875,0
wine,20,floyd_warshall,FW,28,178,2390,37.60546875,37.4765625,39.8515625,2.24609375,40.01171875,0.241729736328125,2.004364013671875,0
wine,20,floyd_warshall,FW,29,178,2390,37.60546875,37.4765625,39.8515625,2.24609375,40.01171875,0.241729736328125,2.004364013671875,0
wine,20,floyd_warshall,FW,30,178,2390,37.609375,37.4765625,39.9765625,2.3671875,40.015625,0.241729736328125,2.125457763671875,0
wine,20,johnson,J,1,178,2390,37.44921875,37.26953125,40.51953125,3.0703125,40.56640625,0.241729736328125,2.828582763671875,0
wine,20,johnson,J,2,178,2390,37.44921875,37.2734375,40.5234375,3.07421875,40.56640625,0.241729736328125,2.832489013671875,0
wine,20,johnson,J,3,178,2390,37.44921875,37.2734375,40.5234375,3.07421875,40.56640625,0.241729736328125,2.832489013671875,0
wine,20,johnson,J,4,178,2390,37.44921875,37.2734375,40.5234375,3.07421875,40.56640625,0.241729736328125,2.832489013671875,0
wine,20,johnson,J,5,178,2390,37.453125,37.2734375,40.5234375,3.0703125,40.5703125,0.241729736328125,2.828582763671875,0
wine,20,johnson,J,6,178,2390,37.453125,37.27734375,40.52734375,3.07421875,40.5703125,0.241729736328125,2.832489013671875,0
wine,20,johnson,J,7,178,2390,37.453125,37.27734375,40.52734375,3.07421875,40.5703125,0.241729736328125,2.832489013671875,0
wine,20,johnson,J,8,178,2390,37.453125,37.27734375,40.52734375,3.07421875,40.5703125,0.241729736328125,2.832489013671875,0
wine,20,johnson,J,9,178,2390,37.453125,37.27734375,40.52734375,3.07421875,40.5703125,0.241729736328125,2.832489013671875,0
wine,20,johnson,J,10,178,2390,37.453125,37.27734375,40.52734375,3.07421875,40.5703125,0.241729736328125,2.832489013671875,0
wine,20,johnson,J,11,178,2390,37.453125,37.27734375,40.52734375,3.07421875,40.5703125,0.241729736328125,2.832489013671875,0
wine,20,johnson,J,12,178,2390,37.453125,37.27734375,40.52734375,3.07421875,40.5703125,0.241729736328125,2.832489013671875,0
wine,20,johnson,J,13,178,2390,37.453125,37.27734375,40.52734375,3.07421875,40.578125,0.241729736328125,2.832489013671875,0
wine,20,johnson,J,14,178,2390,37.4609375,37.27734375,40.52734375,3.06640625,40.58203125,0.241729736328125,2.824676513671875,0
wine,20,johnson,J,15,178,2390,37.46484375,37.28125,40.53125,3.06640625,40.5859375,0.241729736328125,2.824676513671875,0
wine,20,johnson,J,16,178,2390,37.46484375,37.2890625,40.5390625,3.07421875,40.5859375,0.241729736328125,2.832489013671875,0
wine,20,johnson,J,17,178,2390,37.46484375,37.2890625,40.5390625,3.07421875,40.5859375,0.241729736328125,2.832489013671875,0
wine,20,johnson,J,18,178,2390,37.46484375,37.2890625,40.5390625,3.07421875,40.5859375,0.241729736328125,2.832489013671875,0
wine,20,johnson,J,19,178,2390,37.46484375,37.2890625,40.5390625,3.07421875,40.5859375,0.241729736328125,2.832489013671875,0
wine,20,johnson,J,20,178,2390,37.46484375,37.2890625,40.5390625,3.07421875,40.5859375,0.241729736328125,2.832489013671875,0
wine,20,johnson,J,21,178,2390,37.46484375,37.2890625,40.5390625,3.07421875,40.5859375,0.241729736328125,2.832489013671875,0
wine,20,johnson,J,22,178,2390,37.46484375,37.2890625,40.5390625,3.07421875,40.58984375,0.241729736328125,2.832489013671875,0
wine,20,johnson,J,23,178,2390,37.46875,37.2890625,40.5390625,3.0703125,40.58984375,0.241729736328125,2.828582763671875,0
wine,20,johnson,J,24,178,2390,37.46875,37.29296875,40.54296875,3.07421875,40.58984375,0.241729736328125,2.832489013671875,0
wine,20,johnson,J,25,178,2390,37.47265625,37.29296875,40.54296875,3.0703125,40.58984375,0.241729736328125,2.828582763671875,0
wine,20,johnson,J,26,178,2390,37.47265625,37.296875,40.546875,3.07421875,40.59375,0.241729736328125,2.832489013671875,0
wine,20,johnson,J,27,178,2390,37.47265625,37.296875,40.546875,3.07421875,40.59375,0.241729736328125,2.832489013671875,0
wine,20,johnson,J,28,178,2390,37.47265625,37.296875,40.546875,3.07421875,40.59375,0.241729736328125,2.832489013671875,0
wine,20,johnson,J,29,178,2390,37.47265625,37.296875,40.546875,3.07421875,40.59375,0.241729736328125,2.832489013671875,0
wine,20,johnson,J,30,178,2390,37.4765625,37.296875,40.546875,3.0703125,40.6015625,0.241729736328125,2.828582763671875,0
wine,20,dijkstra,D,1,178,2390,37.50390625,37.3671875,40.3671875,2.86328125,40.484375,0.241729736328125,2.621551513671875,0
wine,20,dijkstra,D,2,178,2390,37.50390625,37.37109375,40.37109375,2.8671875,40.484375,0.241729736328125,2.625457763671875,0
wine,20,dijkstra,D,3,178,2390,37.50390625,37.37109375,40.37109375,2.8671875,40.484375,0.241729736328125,2.625457763671875,0
wine,20,dijkstra,D,4,178,2390,37.50390625,37.37109375,40.37109375,2.8671875,40.484375,0.241729736328125,2.625457763671875,0
wine,20,dijkstra,D,5,178,2390,37.5078125,37.37109375,40.37109375,2.86328125,40.48828125,0.241729736328125,2.621551513671875,0
wine,20,dijkstra,D,6,178,2390,37.5078125,37.375,40.375,2.8671875,40.48828125,0.241729736328125,2.625457763671875,0
wine,20,dijkstra,D,7,178,2390,37.5078125,37.375,40.375,2.8671875,40.48828125,0.241729736328125,2.625457763671875,0
wine,20,dijkstra,D,8,178,2390,37.5078125,37.375,40.375,2.8671875,40.48828125,0.241729736328125,2.625457763671875,0
wine,20,dijkstra,D,9,178,2390,37.5078125,37.375,40.375,2.8671875,40.48828125,0.241729736328125,2.625457763671875,0
wine,20,dijkstra,D,10,178,2390,37.5078125,37.375,40.375,2.8671875,40.48828125,0.241729736328125,2.625457763671875,0
wine,20,dijkstra,D,11,178,2390,37.5078125,37.375,40.375,2.8671875,40.48828125,0.241729736328125,2.625457763671875,0
wine,20,dijkstra,D,12,178,2390,37.5078125,37.375,40.375,2.8671875,40.4921875,0.241729736328125,2.625457763671875,0
wine,20,dijkstra,D,13,178,2390,37.51171875,37.375,40.375,2.86328125,40.49609375,0.241729736328125,2.621551513671875,0
wine,20,dijkstra,D,14,178,2390,37.515625,37.37890625,40.37890625,2.86328125,40.5,0.241729736328125,2.621551513671875,0
wine,20,dijkstra,D,15,178,2390,37.51953125,37.37890625,40.37890625,2.859375,40.50390625,0.241729736328125,2.617645263671875,0
wine,20,dijkstra,D,16,178,2390,37.51953125,37.38671875,40.38671875,2.8671875,40.50390625,0.241729736328125,2.625457763671875,0
wine,20,dijkstra,D,17,178,2390,37.51953125,37.38671875,40.38671875,2.8671875,40.50390625,0.241729736328125,2.625457763671875,0
wine,20,dijkstra,D,18,178,2390,37.51953125,37.38671875,40.38671875,2.8671875,40.50390625,0.241729736328125,2.625457763671875,0
wine,20,dijkstra,D,19,178,2390,37.51953125,37.38671875,40.38671875,2.8671875,40.50390625,0.241729736328125,2.625457763671875,0
wine,20,dijkstra,D,20,178,2390,37.51953125,37.38671875,40.38671875,2.8671875,40.50390625,0.241729736328125,2.625457763671875,0
wine,20,dijkstra,D,21,178,2390,37.51953125,37.38671875,40.38671875,2.8671875,40.5078125,0.241729736328125,2.625457763671875,0
wine,20,dijkstra,D,22,178,2390,37.5234375,37.38671875,40.38671875,2.86328125,40.5078125,0.241729736328125,2.621551513671875,0
wine,20,dijkstra,D,23,178,2390,37.5234375,37.390625,40.390625,2.8671875,40.5078125,0.241729736328125,2.625457763671875,0
wine,20,dijkstra,D,24,178,2390,37.5234375,37.390625,40.390625,2.8671875,40.5078125,0.241729736328125,2.625457763671875,0
wine,20,dijkstra,D,25,178,2390,37.52734375,37.390625,40.390625,2.86328125,40.5078125,0.241729736328125,2.621551513671875,0
wine,20,dijkstra,D,26,178,2390,37.52734375,37.39453125,40.39453125,2.8671875,40.51171875,0.241729736328125,2.625457763671875,0
wine,20,dijkstra,D,27,178,2390,37.52734375,37.39453125,40.39453125,2.8671875,40.51171875,0.241729736328125,2.625457763671875,0
wine,20,dijkstra,D,28,178,2390,37.52734375,37.39453125,40.39453125,2.8671875,40.51171875,0.241729736328125,2.625457763671875,0
wine,20,dijkstra,D,29,178,2390,37.52734375,37.39453125,40.39453125,2.8671875,40.51171875,0.241729736328125,2.625457763671875,0
wine,20,dijkstra,D,30,178,2390,37.53125,37.39453125,40.39453125,2.86328125,40.51953125,0.241729736328125,2.621551513671875,0
diabetes,5,floyd_warshall,FW,1,442,1586,37.64453125,37.5,41.375,3.73046875,41.484375,1.490509033203125,2.239959716796875,0
diabetes,5,floyd_warshall,FW,2,442,1586,37.64453125,37.50390625,41.37890625,3.734375,41.484375,1.490509033203125,2.243865966796875,0
diabetes,5,floyd_warshall,FW,3,442,1586,37.64453125,37.50390625,41.37890625,3.734375,41.484375,1.490509033203125,2.243865966796875,0
diabetes,5,floyd_warshall,FW,4,442,1586,37.64453125,37.50390625,41.37890625,3.734375,41.484375,1.490509033203125,2.243865966796875,0
diabetes,5,floyd_warshall,FW,5,442,1586,37.6484375,37.50390625,41.37890625,3.73046875,41.48828125,1.490509033203125,2.239959716796875,0
diabetes,5,floyd_warshall,FW,6,442,1586,37.6484375,37.5078125,41.3828125,3.734375,41.48828125,1.490509033203125,2.243865966796875,0
diabetes,5,floyd_warshall,FW,7,442,1586,37.6484375,37.5078125,41.3828125,3.734375,41.48828125,1.490509033203125,2.243865966796875,0
diabetes,5,floyd_warshall,FW,8,442,1586,37.6484375,37.5078125,41.3828125,3.734375,41.48828125,1.490509033203125,2.243865966796875,0
diabetes,5,floyd_warshall,FW,9,442,1586,37.6484375,37.5078125,41.3828125,3.734375,41.48828125,1.490509033203125,2.243865966796875,0
diabetes,5,floyd_warshall,FW,10,442,1586,37.65234375,37.5078125,41.3828125,3.73046875,41.4921875,1.490509033203125,2.239959716796875,0
diabetes,5,floyd_warshall,FW,11,442,1586,37.65234375,37.51171875,41.38671875,3.734375,41.49609375,1.490509033203125,2.243865966796875,0
diabetes,5,floyd_warshall,FW,12,442,1586,37.65234375,37.51171875,41.38671875,3.734375,41.49609375,1.490509033203125,2.243865966796875,0
diabetes,5,floyd_warshall,FW,13,442,1586,37.65625,37.51171875,41.38671875,3.73046875,41.49609375,1.490509033203125,2.239959716796875,0
diabetes,5,floyd_warshall,FW,14,442,1586,37.65625,37.51171875,41.38671875,3.73046875,41.49609375,1.490509033203125,2.239959716796875,0
diabetes,5,floyd_warshall,FW,15,442,1586,37.66015625,37.515625,41.390625,3.73046875,41.5,1.490509033203125,2.239959716796875,0
diabetes,5,floyd_warshall,FW,16,442,1586,37.66015625,37.51953125,41.39453125,3.734375,41.5,1.490509033203125,2.243865966796875,0
diabetes,5,floyd_warshall,FW,17,442,1586,37.66015625,37.51953125,41.39453125,3.734375,41.5,1.490509033203125,2.243865966796875,0
diabetes,5,floyd_warshall,FW,18,442,1586,37.66015625,37.51953125,41.39453125,3.734375,41.5,1.490509033203125,2.243865966796875,0
diabetes,5,floyd_warshall,FW,19,442,1586,37.66015625,37.51953125,41.39453125,3.734375,41.50390625,1.490509033203125,2.243865966796875,0
diabetes,5,floyd_warshall,FW,20,442,1586,37.6640625,37.51953125,41.39453125,3.73046875,41.50390625,1.490509033203125,2.239959716796875,0
diabetes,5,floyd_warshall,FW,21,442,1586,37.6640625,37.5234375,41.3984375,3.734375,41.50390625,1.490509033203125,2.243865966796875,0
diabetes,5,floyd_warshall,FW,22,442,1586,37.6640625,37.5234375,41.3984375,3.734375,41.50390625,1.490509033203125,2.243865966796875,0
diabetes,5,floyd_warshall,FW,23,442,1586,37.6640625,37.5234375,41.3984375,3.734375,41.50390625,1.490509033203125,2.243865966796875,0
diabetes,5,floyd_warshall,FW,24,442,1586,37.6640625,37.5234375,41.3984375,3.734375,41.50390625,1.490509033203125,2.243865966796875,0
diabetes,5,floyd_warshall,FW,25,442,1586,37.66796875,37.5234375,41.3984375,3.73046875,41.5078125,1.490509033203125,2.239959716796875,0
diabetes,5,floyd_warshall,FW,26,442,1586,37.66796875,37.52734375,41.40234375,3.734375,41.5078125,1.490509033203125,2.243865966796875,0
diabetes,5,floyd_warshall,FW,27,442,1586,37.66796875,37.52734375,41.40234375,3.734375,41.5078125,1.490509033203125,2.243865966796875,0
diabetes,5,floyd_warshall,FW,28,442,1586,37.66796875,37.52734375,41.40234375,3.734375,41.51171875,1.490509033203125,2.243865966796875,0
diabetes,5,floyd_warshall,FW,29,442,1586,37.671875,37.52734375,41.40234375,3.73046875,41.51171875,1.490509033203125,2.239959716796875,0
diabetes,5,floyd_warshall,FW,30,442,1586,37.67578125,37.53125,41.40625,3.73046875,41.515625,1.490509033203125,2.239959716796875,0
diabetes,5,johnson,J,1,442,1586,37.48828125,37.43359375,41.80859375,4.3203125,41.94140625,1.490509033203125,2.829803466796875,0
diabetes,5,johnson,J,2,442,1586,37.48828125,37.4375,41.8125,4.32421875,41.94140625,1.490509033203125,2.833709716796875,0
diabetes,5,johnson,J,3,442,1586,37.48828125,37.4375,41.8125,4.32421875,41.94140625,1.490509033203125,2.833709716796875,0
diabetes,5,johnson,J,4,442,1586,37.48828125,37.4375,41.8125,4.32421875,41.94140625,1.490509033203125,2.833709716796875,0
diabetes,5,johnson,J,5,442,1586,37.4921875,37.4375,41.8125,4.3203125,41.9453125,1.490509033203125,2.829803466796875,0
diabetes,5,johnson,J,6,442,1586,37.4921875,37.44140625,41.81640625,4.32421875,41.9453125,1.490509033203125,2.833709716796875,0
diabetes,5,johnson,J,7,442,1586,37.4921875,37.44140625,41.81640625,4.32421875,41.9453125,1.490509033203125,2.833709716796875,0
diabetes,5,johnson,J,8,442,1586,37.4921875,37.44140625,41.81640625,4.32421875,41.9453125,1.490509033203125,2.833709716796875,0
diabetes,5,johnson,J,9,442,1586,37.4921875,37.44140625,41.81640625,4.32421875,41.9453125,1.490509033203125,2.833709716796875,0
diabetes,5,johnson,J,10,442,1586,37.4921875,37.44140625,41.81640625,4.32421875,41.9453125,1.490509033203125,2.833709716796875,0
diabetes,5,johnson,J,11,442,1586,37.4921875,37.44140625,41.81640625,4.32421875,41.9453125,1.490509033203125,2.833709716796875,0
diabetes,5,johnson,J,12,442,1586,37.4921875,37.44140625,41.81640625,4.32421875,41.94921875,1.490509033203125,2.833709716796875,0
diabetes,5,johnson,J,13,442,1586,37.49609375,37.44140625,41.81640625,4.3203125,41.953125,1.490509033203125,2.829803466796875,0
diabetes,5,johnson,J,14,442,1586,37.49609375,37.44140625,41.81640625,4.3203125,41.95703125,1.490509033203125,2.829803466796875,0
diabetes,5,johnson,J,15,442,1586,37.50390625,37.4453125,41.8203125,4.31640625,41.9609375,1.490509033203125,2.825897216796875,0
diabetes,5,johnson,J,16,442,1586,37.50390625,37.453125,41.828125,4.32421875,41.9609375,1.490509033203125,2.833709716796875,0
diabetes,5,johnson,J,17,442,1586,37.50390625,37.453125,41.828125,4.32421875,41.9609375,1.490509033203125,2.833709716796875,0
diabetes,5,johnson,J,18,442,1586,37.50390625,37.453125,41.828125,4.32421875,41.9609375,1.490509033203125,2.833709716796875,0
diabetes,5,johnson,J,19,442,1586,37.50390625,37.453125,41.828125,4.32421875,41.9609375,1.490509033203125,2.833709716796875,0
diabetes,5,johnson,J,20,442,1586,37.50390625,37.453125,41.828125,4.32421875,41.9609375,1.490509033203125,2.833709716796875,0
diabetes,5,johnson,J,21,442,1586,37.50390625,37.453125,41.828125,4.32421875,41.9609375,1.490509033203125,2.833709716796875,0
diabetes,5,johnson,J,22,442,1586,37.50390625,37.453125,41.828125,4.32421875,41.96484375,1.490509033203125,2.833709716796875,0
diabetes,5,johnson,J,23,442,1586,37.50390625,37.453125,41.828125,4.32421875,41.96484375,1.490509033203125,2.833709716796875,0
diabetes,5,johnson,J,24,442,1586,37.5078125,37.453125,41.828125,4.3203125,41.96484375,1.490509033203125,2.829803466796875,0
diabetes,5,johnson,J,25,442,1586,37.51171875,37.45703125,41.83203125,4.3203125,41.96484375,1.490509033203125,2.829803466796875,0
diabetes,5,johnson,J,26,442,1586,37.51171875,37.4609375,41.8359375,4.32421875,41.96875,1.490509033203125,2.833709716796875,0
diabetes,5,johnson,J,27,442,1586,37.51171875,37.4609375,41.8359375,4.32421875,41.96875,1.490509033203125,2.833709716796875,0
diabetes,5,johnson,J,28,442,1586,37.51171875,37.4609375,41.8359375,4.32421875,41.96875,1.490509033203125,2.833709716796875,0
diabetes,5,johnson,J,29,442,1586,37.51171875,37.4609375,41.8359375,4.32421875,41.97265625,1.490509033203125,2.833709716796875,0
diabetes,5,johnson,J,30,442,1586,37.515625,37.4609375,41.8359375,4.3203125,41.97265625,1.490509033203125,2.829803466796875,0
diabetes,5,dijkstra,D,1,442,1586,37.43359375,37.234375,41.859375,4.42578125,41.875,1.490509033203125,2.935272216796875,0
diabetes,5,dijkstra,D,2,442,1586,37.43359375,37.23828125,41.86328125,4.4296875,41.875,1.490509033203125,2.939178466796875,0
diabetes,5,dijkstra,D,3,442,1586,37.43359375,37.23828125,41.86328125,4.4296875,41.875,1.490509033203125,2.939178466796875,0
diabetes,5,dijkstra,D,4,442,1586,37.43359375,37.23828125,41.86328125,4.4296875,41.875,1.490509033203125,2.939178466796875,0
diabetes,5,dijkstra,D,5,442,1586,37.4375,37.23828125,41.86328125,4.42578125,41.87890625,1.490509033203125,2.935272216796875,0
diabetes,5,dijkstra,D,6,442,1586,37.4375,37.2421875,41.8671875,4.4296875,41.87890625,1.490509033203125,2.939178466796875,0
diabetes,5,dijkstra,D,7,442,1586,37.4375,37.2421875,41.8671875,4.4296875,41.87890625,1.490509033203125,2.939178466796875,0
diabetes,5,dijkstra,D,8,442,1586,37.4375,37.2421875,41.8671875,4.4296875,41.87890625,1.490509033203125,2.939178466796875,0
diabetes,5,dijkstra,D,9,442,1586,37.4375,37.2421875,41.8671875,4.4296875,41.87890625,1.490509033203125,2.939178466796875,0
diabetes,5,dijkstra,D,10,442,1586,37.4375,37.2421875,41.8671875,4.4296875,41.87890625,1.490509033203125,2.939178466796875,0
diabetes,5,dijkstra,D,11,442,1586,37.4375,37.2421875,41.8671875,4.4296875,41.8828125,1.490509033203125,2.939178466796875,0
diabetes,5,dijkstra,D,12,442,1586,37.4375,37.2421875,41.8671875,4.4296875,41.8828125,1.490509033203125,2.939178466796875,0
diabetes,5,dijkstra,D,13,442,1586,37.44140625,37.2421875,41.8671875,4.42578125,41.8828125,1.490509033203125,2.935272216796875,0
diabetes,5,dijkstra,D,14,442,1586,37.44140625,37.2421875,41.8671875,4.42578125,41.88671875,1.490509033203125,2.935272216796875,0
diabetes,5,dijkstra,D,15,442,1586,37.4453125,37.24609375,41.87109375,4.42578125,41.890625,1.490509033203125,2.935272216796875,0
diabetes,5,dijkstra,D,16,442,1586,37.4453125,37.25,41.875,4.4296875,41.89453125,1.490509033203125,2.939178466796875,0
diabetes,5,dijkstra,D,17,442,1586,37.44921875,37.25,41.875,4.42578125,41.89453125,1.490509033203125,2.935272216796875,0
diabetes,5,dijkstra,D,18,442,1586,37.44921875,37.25390625,41.87890625,4.4296875,41.89453125,1.490509033203125,2.939178466796875,0
diabetes,5,dijkstra,D,19,442,1586,37.44921875,37.25390625,41.87890625,4.4296875,41.89453125,1.490509033203125,2.939178466796875,0
diabetes,5,dijkstra,D,20,442,1586,37.44921875,37.25390625,41.87890625,4.4296875,41.89453125,1.490509033203125,2.939178466796875,0
diabetes,5,dijkstra,D,21,442,1586,37.44921875,37.25390625,41.87890625,4.4296875,41.89453125,1.490509033203125,2.939178466796875,0
diabetes,5,dijkstra,D,22,442,1586,37.44921875,37.25390625,41.87890625,4.4296875,41.89453125,1.490509033203125,2.939178466796875,0
diabetes,5,dijkstra,D,23,442,1586,37.44921875,37.25390625,41.87890625,4.4296875,41.89453125,1.490509033203125,2.939178466796875,0
diabetes,5,dijkstra,D,24,442,1586,37.44921875,37.25390625,41.87890625,4.4296875,41.89453125,1.490509033203125,2.939178466796875,0
diabetes,5,dijkstra,D,25,442,1586,37.453125,37.25390625,41.87890625,4.42578125,41.89453125,1.490509033203125,2.935272216796875,0
diabetes,5,dijkstra,D,26,442,1586,37.45703125,37.2578125,41.8828125,4.42578125,41.90234375,1.490509033203125,2.935272216796875,0
diabetes,5,dijkstra,D,27,442,1586,37.45703125,37.26171875,41.88671875,4.4296875,41.90234375,1.490509033203125,2.939178466796875,0
diabetes,5,dijkstra,D,28,442,1586,37.45703125,37.26171875,41.88671875,4.4296875,41.90234375,1.490509033203125,2.939178466796875,0
diabetes,5,dijkstra,D,29,442,1586,37.45703125,37.26171875,41.88671875,4.4296875,41.90625,1.490509033203125,2.939178466796875,0
diabetes,5,dijkstra,D,30,442,1586,37.4609375,37.26171875,41.88671875,4.42578125,41.90625,1.490509033203125,2.935272216796875,0
diabetes,10,floyd_warshall,FW,1,442,3083,37.63671875,37.53515625,41.41015625,3.7734375,41.49609375,1.490509033203125,2.282928466796875,0
diabetes,10,floyd_warshall,FW,2,442,3083,37.63671875,37.5390625,41.4140625,3.77734375,41.49609375,1.490509033203125,2.286834716796875,0
diabetes,10,floyd_warshall,FW,3,442,3083,37.63671875,37.5390625,41.4140625,3.77734375,41.49609375,1.490509033203125,2.286834716796875,0
diabetes,10,floyd_warshall,FW,4,442,3083,37.63671875,37.5390625,41.4140625,3.77734375,41.49609375,1.490509033203125,2.286834716796875,0
diabetes,10,floyd_warshall,FW,5,442,3083,37.640625,37.5390625,41.4140625,3.7734375,41.5,1.490509033203125,2.282928466796875,0
diabetes,10,floyd_warshall,FW,6,442,3083,37.640625,37.54296875,41.41796875,3.77734375,41.5,1.490509033203125,2.286834716796875,0
diabetes,10,floyd_warshall,FW,7,442,3083,37.640625,37.54296875,41.41796875,3.77734375,41.5,1.490509033203125,2.286834716796875,0
diabetes,10,floyd_warshall,FW,8,442,3083,37.640625,37.54296875,41.41796875,3.77734375,41.5,1.490509033203125,2.286834716796875,0
diabetes,10,floyd_warshall,FW,9,442,3083,37.64453125,37.54296875,41.41796875,3.7734375,41.50390625,1.490509033203125,2.282928466796875,0
diabetes,10,floyd_warshall,FW,10,442,3083,37.64453125,37.546875,41.421875,3.77734375,41.50390625,1.490509033203125,2.286834716796875,0
diabetes,10,floyd_warshall,FW,11,442,3083,37.64453125,37.546875,41.421875,3.77734375,41.50390625,1.490509033203125,2.286834716796875,0
diabetes,10,floyd_warshall,FW,12,442,3083,37.64453125,37.546875,41.421875,3.77734375,41.5078125,1.490509033203125,2.286834716796875,0
diabetes,10,floyd_warshall,FW,13,442,3083,37.6484375,37.546875,41.421875,3.7734375,41.5078125,1.490509033203125,2.282928466796875,0
diabetes,10,floyd_warshall,FW,14,442,3083,37.6484375,37.546875,41.421875,3.7734375,41.5078125,1.490509033203125,2.282928466796875,0
diabetes,10,floyd_warshall,FW,15,442,3083,37.65234375,37.55078125,41.42578125,3.7734375,41.51171875,1.490509033203125,2.282928466796875,0
diabetes,10,floyd_warshall,FW,16,442,3083,37.65234375,37.5546875,41.4296875,3.77734375,41.51171875,1.490509033203125,2.286834716796875,0
diabetes,10,floyd_warshall,FW,17,442,3083,37.65234375,37.5546875,41.4296875,3.77734375,41.51171875,1.490509033203125,2.286834716796875,0
diabetes,10,floyd_warshall,FW,18,442,3083,37.65234375,37.5546875,41.4296875,3.77734375,41.515625,1.490509033203125,2.286834716796875,0
diabetes,10,floyd_warshall,FW,19,442,3083,37.65625,37.55859375,41.43359375,3.77734375,41.515625,1.490509033203125,2.286834716796875,0
diabetes,10,floyd_warshall,FW,20,442,3083,37.65625,37.55859375,41.43359375,3.77734375,41.515625,1.490509033203125,2.286834716796875,0
diabetes,10,floyd_warshall,FW,21,442,3083,37.65625,37.55859375,41.43359375,3.77734375,41.515625,1.490509033203125,2.286834716796875,0
diabetes,10,floyd_warshall,FW,22,442,3083,37.65625,37.55859375,41.43359375,3.77734375,41.515625,1.490509033203125,2.286834716796875,0
diabetes,10,floyd_warshall,FW,23,442,3083,37.65625,37.55859375,41.43359375,3.77734375,41.515625,1.490509033203125,2.286834716796875,0
diabetes,10,floyd_warshall,FW,24,442,3083,37.65625,37.55859375,41.43359375,3.77734375,41.515625,1.490509033203125,2.286834716796875,0
diabetes,10,floyd_warshall,FW,25,442,3083,37.66015625,37.55859375,41.43359375,3.7734375,41.51953125,1.490509033203125,2.282928466796875,0
diabetes,10,floyd_warshall,FW,26,442,3083,37.66015625,37.5625,41.4375,3.77734375,41.51953125,1.490509033203125,2.286834716796875,0
diabetes,10,floyd_warshall,FW,27,442,3083,37.66015625,37.5625,41.4375,3.77734375,41.5234375,1.490509033203125,2.286834716796875,0
diabetes,10,floyd_warshall,FW,28,442,3083,37.6640625,37.56640625,41.44140625,3.77734375,41.5234375,1.490509033203125,2.286834716796875,0
diabetes,10,floyd_warshall,FW,29,442,3083,37.6640625,37.56640625,41.44140625,3.77734375,41.5234375,1.490509033203125,2.286834716796875,0
diabetes,10,floyd_warshall,FW,30,442,3083,37.66796875,37.56640625,41.44140625,3.7734375,41.52734375,1.490509033203125,2.282928466796875,0
diabetes,10,johnson,J,1,442,3083,37.625,37.46875,41.96875,4.34375,42.0234375,1.490509033203125,2.853240966796875,0
diabetes,10,johnson,J,2,442,3083,37.62890625,37.47265625,41.97265625,4.34375,42.0234375,1.490509033203125,2.853240966796875,0
diabetes,10,johnson,J,3,442,3083,37.62890625,37.47265625,41.97265625,4.34375,42.0234375,1.490509033203125,2.853240966796875,0
diabetes,10,johnson,J,4,442,3083,37.62890625,37.47265625,41.97265625,4.34375,42.0234375,1.490509033203125,2.853240966796875,0
diabetes,10,johnson,J,5,442,3083,37.6328125,37.47265625,41.97265625,4.33984375,42.02734375,1.490509033203125,2.849334716796875,0
diabetes,10,johnson,J,6,442,3083,37.6328125,37.4765625,41.9765625,4.34375,42.02734375,1.490509033203125,2.853240966796875,0
diabetes,10,johnson,J,7,442,3083,37.6328125,37.4765625,41.9765625,4.34375,42.02734375,1.490509033203125,2.853240966796875,0
diabetes,10,johnson,J,8,442,3083,37.6328125,37.4765625,41.9765625,4.34375,42.02734375,1.490509033203125,2.853240966796875,0
diabetes,10,johnson,J,9,442,3083,37.6328125,37.4765625,41.9765625,4.34375,42.02734375,1.490509033203125,2.853240966796875,0
diabetes,10,johnson,J,10,442,3083,37.6328125,37.4765625,41.9765625,4.34375,42.02734375,1.490509033203125,2.853240966796875,0
diabetes,10,johnson,J,11,442,3083,37.6328125,37.4765625,41.9765625,4.34375,42.02734375,1.490509033203125,2.853240966796875,0
diabetes,10,johnson,J,12,442,3083,37.6328125,37.4765625,41.9765625,4.34375,42.03125,1.490509033203125,2.853240966796875,0
diabetes,10,johnson,J,13,442,3083,37.6328125,37.4765625,41.9765625,4.34375,42.03125,1.490509033203125,2.853240966796875,0
diabetes,10,johnson,J,14,442,3083,37.63671875,37.4765625,41.9765625,4.33984375,42.03515625,1.490509033203125,2.849334716796875,0
diabetes,10,johnson,J,15,442,3083,37.640625,37.4765625,41.9765625,4.3359375,42.0390625,1.490509033203125,2.845428466796875,0
diabetes,10,johnson,J,16,442,3083,37.640625,37.484375,41.984375,4.34375,42.04296875,1.490509033203125,2.853240966796875,0
diabetes,10,johnson,J,17,442,3083,37.640625,37.484375,41.984375,4.34375,42.04296875,1.490509033203125,2.853240966796875,0
diabetes,10,johnson,J,18,442,3083,37.64453125,37.484375,41.984375,4.33984375,42.04296875,1.490509033203125,2.849334716796875,0
diabetes,10,johnson,J,19,442,3083,37.64453125,37.48828125,41.98828125,4.34375,42.04296875,1.490509033203125,2.853240966796875,0
diabetes,10,johnson,J,20,442,3083,37.64453125,37.48828125,41.98828125,4.34375,42.04296875,1.490509033203125,2.853240966796875,0
diabetes,10,johnson,J,21,442,3083,37.64453125,37.48828125,41.98828125,4.34375,42.04296875,1.490509033203125,2.853240966796875,0
diabetes,10,johnson,J,22,442,3083,37.64453125,37.48828125,41.98828125,4.34375,42.04296875,1.490509033203125,2.853240966796875,0
diabetes,10,johnson,J,23,442,3083,37.64453125,37.48828125,41.98828125,4.34375,42.04296875,1.490509033203125,2.853240966796875,0
diabetes,10,johnson,J,24,442,3083,37.64453125,37.48828125,41.98828125,4.34375,42.04296875,1.490509033203125,2.853240966796875,0
diabetes,10,johnson,J,25,442,3083,37.6484375,37.48828125,41.98828125,4.33984375,42.046875,1.490509033203125,2.849334716796875,0
diabetes,10,johnson,J,26,442,3083,37.6484375,37.4921875,41.9921875,4.34375,42.05078125,1.490509033203125,2.853240966796875,0
diabetes,10,johnson,J,27,442,3083,37.65234375,37.4921875,41.9921875,4.33984375,42.05078125,1.490509033203125,2.849334716796875,0
diabetes,10,johnson,J,28,442,3083,37.65234375,37.49609375,41.99609375,4.34375,42.05078125,1.490509033203125,2.853240966796875,0
diabetes,10,johnson,J,29,442,3083,37.65234375,37.49609375,41.99609375,4.34375,42.0546875,1.490509033203125,2.853240966796875,0
diabetes,10,johnson,J,30,442,3083,37.65625,37.49609375,41.99609375,4.33984375,42.0546875,1.490509033203125,2.849334716796875,0
diabetes,10,dijkstra,D,1,442,3083,37.640625,37.5390625,41.9140625,4.2734375,42.0390625,1.490509033203125,2.782928466796875,0
diabetes,10,dijkstra,D,2,442,3083,37.640625,37.54296875,41.91796875,4.27734375,42.0390625,1.490509033203125,2.786834716796875,0
diabetes,10,dijkstra,D,3,442,3083,37.640625,37.54296875,41.91796875,4.27734375,42.0390625,1.490509033203125,2.786834716796875,0
diabetes,10,dijkstra,D,4,442,3083,37.640625,37.54296875,41.91796875,4.27734375,42.0390625,1.490509033203125,2.786834716796875,0
diabetes,10,dijkstra,D,5,442,3083,37.64453125,37.54296875,41.91796875,4.2734375,42.04296875,1.490509033203125,2.782928466796875,0
diabetes,10,dijkstra,D,6,442,3083,37.64453125,37.546875,41.921875,4.27734375,42.04296875,1.490509033203125,2.786834716796875,0
diabetes,10,dijkstra,D,7,442,3083,37.64453125,37.546875,41.921875,4.27734375,42.04296875,1.490509033203125,2.786834716796875,0
diabetes,10,dijkstra,D,8,442,3083,37.64453125,37.546875,41.921875,4.27734375,42.04296875,1.490509033203125,2.786834716796875,0
diabetes,10,dijkstra,D,9,442,3083,37.64453125,37.546875,41.921875,4.27734375,42.04296875,1.490509033203125,2.786834716796875,0
diabetes,10,dijkstra,D,10,442,3083,37.64453125,37.546875,41.921875,4.27734375,42.04296875,1.490509033203125,2.786834716796875,0
diabetes,10,dijkstra,D,11,442,3083,37.64453125,37.546875,41.921875,4.27734375,42.046875,1.490509033203125,2.786834716796875,0
diabetes,10,dijkstra,D,12,442,3083,37.64453125,37.546875,41.921875,4.27734375,42.046875,1.490509033203125,2.786834716796875,0
diabetes,10,dijkstra,D,13,442,3083,37.6484375,37.546875,41.921875,4.2734375,42.046875,1.490509033203125,2.782928466796875,0
diabetes,10,dijkstra,D,14,442,3083,37.6484375,37.546875,41.921875,4.2734375,42.05078125,1.490509033203125,2.782928466796875,0
diabetes,10,dijkstra,D,15,442,3083,37.65234375,37.55078125,41.92578125,4.2734375,42.05859375,1.490509033203125,2.782928466796875,0
diabetes,10,dijkstra,D,16,442,3083,37.65625,37.5546875,41.9296875,4.2734375,42.05859375,1.490509033203125,2.782928466796875,0
diabetes,10,dijkstra,D,17,442,3083,37.65625,37.55859375,41.93359375,4.27734375,42.05859375,1.490509033203125,2.786834716796875,0
diabetes,10,dijkstra,D,18,442,3083,37.65625,37.55859375,41.93359375,4.27734375,42.05859375,1.490509033203125,2.786834716796875,0
diabetes,10,dijkstra,D,19,442,3083,37.65625,37.55859375,41.93359375,4.27734375,42.05859375,1.490509033203125,2.786834716796875,0
diabetes,10,dijkstra,D,20,442,3083,37.65625,37.55859375,41.93359375,4.27734375,42.05859375,1.490509033203125,2.786834716796875,0
diabetes,10,dijkstra,D,21,442,3083,37.65625,37.55859375,41.93359375,4.27734375,42.05859375,1.490509033203125,2.786834716796875,0
diabetes,10,dijkstra,D,22,442,3083,37.65625,37.55859375,41.93359375,4.27734375,42.05859375,1.490509033203125,2.786834716796875,0
diabetes,10,dijkstra,D,23,442,3083,37.65625,37.55859375,41.93359375,4.27734375,42.05859375,1.490509033203125,2.786834716796875,0
diabetes,10,dijkstra,D,24,442,3083,37.65625,37.55859375,41.93359375,4.27734375,42.0625,1.490509033203125,2.786834716796875,0
diabetes,10,dijkstra,D,25,442,3083,37.6640625,37.55859375,41.93359375,4.26953125,42.0625,1.490509033203125,2.779022216796875,0
diabetes,10,dijkstra,D,26,442,3083,37.6640625,37.56640625,41.94140625,4.27734375,42.06640625,1.490509033203125,2.786834716796875,0
diabetes,10,dijkstra,D,27,442,3083,37.6640625,37.56640625,41.94140625,4.27734375,42.06640625,1.490509033203125,2.786834716796875,0
diabetes,10,dijkstra,D,28,442,3083,37.6640625,37.56640625,41.94140625,4.27734375,42.06640625,1.490509033203125,2.786834716796875,0
diabetes,10,dijkstra,D,29,442,3083,37.6640625,37.56640625,41.94140625,4.27734375,42.0703125,1.490509033203125,2.786834716796875,0
diabetes,10,dijkstra,D,30,442,3083,37.66796875,37.56640625,41.94140625,4.2734375,42.0703125,1.490509033203125,2.782928466796875,0
diabetes,20,floyd_warshall,FW,1,442,6084,37.69140625,37.59765625,41.59765625,3.90625,41.640625,1.490509033203125,2.415740966796875,0
diabetes,20,floyd_warshall,FW,2,442,6084,37.6953125,37.6015625,41.6015625,3.90625,41.640625,1.490509033203125,2.415740966796875,0
diabetes,20,floyd_warshall,FW,3,442,6084,37.6953125,37.6015625,41.6015625,3.90625,41.640625,1.490509033203125,2.415740966796875,0
diabetes,20,floyd_warshall,FW,4,442,6084,37.6953125,37.6015625,41.6015625,3.90625,41.640625,1.490509033203125,2.415740966796875,0
diabetes,20,floyd_warshall,FW,5,442,6084,37.69921875,37.6015625,41.6015625,3.90234375,41.64453125,1.490509033203125,2.411834716796875,0
diabetes,20,floyd_warshall,FW,6,442,6084,37.69921875,37.60546875,41.60546875,3.90625,41.64453125,1.490509033203125,2.415740966796875,0
diabetes,20,floyd_warshall,FW,7,442,6084,37.69921875,37.60546875,41.60546875,3.90625,41.64453125,1.490509033203125,2.415740966796875,0
diabetes,20,floyd_warshall,FW,8,442,6084,37.69921875,37.60546875,41.60546875,3.90625,41.64453125,1.490509033203125,2.415740966796875,0
diabetes,20,floyd_warshall,FW,9,442,6084,37.69921875,37.60546875,41.60546875,3.90625,41.64453125,1.490509033203125,2.415740966796875,0
diabetes,20,floyd_warshall,FW,10,442,6084,37.69921875,37.60546875,41.60546875,3.90625,41.64453125,1.490509033203125,2.415740966796875,0
diabetes,20,floyd_warshall,FW,11,442,6084,37.69921875,37.60546875,41.60546875,3.90625,41.64453125,1.490509033203125,2.415740966796875,0
diabetes,20,floyd_warshall,FW,12,442,6084,37.69921875,37.60546875,41.60546875,3.90625,41.64453125,1.490509033203125,2.415740966796875,0
diabetes,20,floyd_warshall,FW,13,442,6084,37.69921875,37.60546875,41.60546875,3.90625,41.65234375,1.490509033203125,2.415740966796875,0
diabetes,20,floyd_warshall,FW,14,442,6084,37.70703125,37.609375,41.609375,3.90234375,41.65234375,1.490509033203125,2.411834716796875,0
diabetes,20,floyd_warshall,FW,15,442,6084,37.7109375,37.609375,41.609375,3.8984375,41.65625,1.490509033203125,2.407928466796875,0
diabetes,20,floyd_warshall,FW,16,442,6084,37.7109375,37.61328125,41.61328125,3.90234375,41.65625,1.490509033203125,2.411834716796875,0
diabetes,20,floyd_warshall,FW,17,442,6084,37.7109375,37.6171875,41.6171875,3.90625,41.65625,1.490509033203125,2.415740966796875,0
diabetes,20,floyd_warshall,FW,18,442,6084,37.7109375,37.6171875,41.6171875,3.90625,41.65625,1.490509033203125,2.415740966796875,0
diabetes,20,floyd_warshall,FW,19,442,6084,37.7109375,37.6171875,41.6171875,3.90625,41.65625,1.490509033203125,2.415740966796875,0
diabetes,20,floyd_warshall,FW,20,442,6084,37.7109375,37.6171875,41.6171875,3.90625,41.65625,1.490509033203125,2.415740966796875,0
diabetes,20,floyd_warshall,FW,21,442,6084,37.7109375,37.6171875,41.6171875,3.90625,41.65625,1.490509033203125,2.415740966796875,0
diabetes,20,floyd_warshall,FW,22,442,6084,37.7109375,37.6171875,41.6171875,3.90625,41.66015625,1.490509033203125,2.415740966796875,0
diabetes,20,floyd_warshall,FW,23,442,6084,37.71484375,37.62109375,41.62109375,3.90625,41.66015625,1.490509033203125,2.415740966796875,0
diabetes,20,floyd_warshall,FW,24,442,6084,37.71484375,37.62109375,41.62109375,3.90625,41.66015625,1.490509033203125,2.415740966796875,0
diabetes,20,floyd_warshall,FW,25,442,6084,37.71875,37.62109375,41.62109375,3.90234375,41.6640625,1.490509033203125,2.411834716796875,0
diabetes,20,floyd_warshall,FW,26,442,6084,37.71875,37.625,41.625,3.90625,41.6640625,1.490509033203125,2.415740966796875,0
diabetes,20,floyd_warshall,FW,27,442,6084,37.71484375,37.625,41.625,3.91015625,41.6640625,1.490509033203125,2.419647216796875,0
diabetes,20,floyd_warshall,FW,28,442,6084,37.71875,37.625,41.625,3.90625,41.6640625,1.490509033203125,2.415740966796875,0
diabetes,20,floyd_warshall,FW,29,442,6084,37.71875,37.625,41.625,3.90625,41.6640625,1.490509033203125,2.415740966796875,0
diabetes,20,floyd_warshall,FW,30,442,6084,37.72265625,37.625,41.625,3.90234375,41.66796875,1.490509033203125,2.411834716796875,0
diabetes,20,johnson,J,1,442,6084,37.60546875,37.44921875,41.82421875,4.21875,41.9296875,1.490509033203125,2.728240966796875,0
diabetes,20,johnson,J,2,442,6084,37.60546875,37.453125,41.828125,4.22265625,41.9296875,1.490509033203125,2.732147216796875,0
diabetes,20,johnson,J,3,442,6084,37.60546875,37.453125,41.828125,4.22265625,41.9296875,1.490509033203125,2.732147216796875,0
diabetes,20,johnson,J,4,442,6084,37.60546875,37.453125,41.828125,4.22265625,41.9296875,1.490509033203125,2.732147216796875,0
diabetes,20,johnson,J,5,442,6084,37.609375,37.453125,41.828125,4.21875,41.93359375,1.490509033203125,2.728240966796875,0
diabetes,20,johnson,J,6,442,6084,37.609375,37.45703125,41.83203125,4.22265625,41.93359375,1.490509033203125,2.732147216796875,0
diabetes,20,johnson,J,7,442,6084,37.609375,37.45703125,41.83203125,4.22265625,41.93359375,1.490509033203125,2.732147216796875,0
diabetes,20,johnson,J,8,442,6084,37.609375,37.45703125,41.83203125,4.22265625,41.93359375,1.490509033203125,2.732147216796875,0
diabetes,20,johnson,J,9,442,6084,37.609375,37.45703125,41.83203125,4.22265625,41.93359375,1.490509033203125,2.732147216796875,0
diabetes,20,johnson,J,10,442,6084,37.609375,37.45703125,41.83203125,4.22265625,41.9375,1.490509033203125,2.732147216796875,0
diabetes,20,johnson,J,11,442,6084,37.61328125,37.45703125,41.83203125,4.21875,41.9375,1.490509033203125,2.728240966796875,0
diabetes,20,johnson,J,12,442,6084,37.61328125,37.45703125,41.83203125,4.21875,41.9375,1.490509033203125,2.728240966796875,0
diabetes,20,johnson,J,13,442,6084,37.61328125,37.45703125,41.83203125,4.21875,41.9375,1.490509033203125,2.728240966796875,0
diabetes,20,johnson,J,14,442,6084,37.61328125,37.4609375,41.8359375,4.22265625,41.94921875,1.490509033203125,2.732147216796875,0
diabetes,20,johnson,J,15,442,6084,37.6171875,37.4609375,41.8359375,4.21875,41.953125,1.490509033203125,2.728240966796875,0
diabetes,20,johnson,J,16,442,6084,37.625,37.46484375,41.83984375,4.21484375,41.953125,1.490509033203125,2.724334716796875,0
diabetes,20,johnson,J,17,442,6084,37.625,37.47265625,41.84765625,4.22265625,41.953125,1.490509033203125,2.732147216796875,0
diabetes,20,johnson,J,18,442,6084,37.625,37.47265625,41.84765625,4.22265625,41.953125,1.490509033203125,2.732147216796875,0
diabetes,20,johnson,J,19,442,6084,37.625,37.47265625,41.84765625,4.22265625,41.953125,1.490509033203125,2.732147216796875,0
diabetes,20,johnson,J,20,442,6084,37.625,37.47265625,41.84765625,4.22265625,41.953125,1.490509033203125,2.732147216796875,0
diabetes,20,johnson,J,21,442,6084,37.625,37.47265625,41.84765625,4.22265625,41.953125,1.490509033203125,2.732147216796875,0
diabetes,20,johnson,J,22,442,6084,37.625,37.47265625,41.84765625,4.22265625,41.953125,1.490509033203125,2.732147216796875,0
diabetes,20,johnson,J,23,442,6084,37.625,37.47265625,41.84765625,4.22265625,41.95703125,1.490509033203125,2.732147216796875,0
diabetes,20,johnson,J,24,442,6084,37.625,37.47265625,41.84765625,4.22265625,41.95703125,1.490509033203125,2.732147216796875,0
diabetes,20,johnson,J,25,442,6084,37.6328125,37.47265625,41.84765625,4.21484375,41.95703125,1.490509033203125,2.724334716796875,0
diabetes,20,johnson,J,26,442,6084,37.6328125,37.48046875,41.85546875,4.22265625,41.9609375,1.490509033203125,2.732147216796875,0
diabetes,20,johnson,J,27,442,6084,37.6328125,37.48046875,41.85546875,4.22265625,41.9609375,1.490509033203125,2.732147216796875,0
diabetes,20,johnson,J,28,442,6084,37.6328125,37.48046875,41.85546875,4.22265625,41.9609375,1.490509033203125,2.732147216796875,0
diabetes,20,johnson,J,29,442,6084,37.6328125,37.48046875,41.85546875,4.22265625,41.96484375,1.490509033203125,2.732147216796875,0
diabetes,20,johnson,J,30,442,6084,37.63671875,37.48046875,41.85546875,4.21875,41.96484375,1.490509033203125,2.728240966796875,0
diabetes,20,dijkstra,D,1,442,6084,37.62890625,37.41796875,41.91796875,4.2890625,42.04296875,1.490509033203125,2.798553466796875,0
diabetes,20,dijkstra,D,2,442,6084,37.62890625,37.42578125,41.92578125,4.296875,42.04296875,1.490509033203125,2.806365966796875,0
diabetes,20,dijkstra,D,3,442,6084,37.62890625,37.42578125,41.92578125,4.296875,42.04296875,1.490509033203125,2.806365966796875,0
diabetes,20,dijkstra,D,4,442,6084,37.62890625,37.42578125,41.92578125,4.296875,42.04296875,1.490509033203125,2.806365966796875,0
diabetes,20,dijkstra,D,5,442,6084,37.6328125,37.42578125,41.92578125,4.29296875,42.046875,1.490509033203125,2.802459716796875,0
diabetes,20,dijkstra,D,6,442,6084,37.6328125,37.4296875,41.9296875,4.296875,42.046875,1.490509033203125,2.806365966796875,0
diabetes,20,dijkstra,D,7,442,6084,37.6328125,37.4296875,41.9296875,4.296875,42.046875,1.490509033203125,2.806365966796875,0
diabetes,20,dijkstra,D,8,442,6084,37.6328125,37.4296875,41.9296875,4.296875,42.046875,1.490509033203125,2.806365966796875,0
diabetes,20,dijkstra,D,9,442,6084,37.6328125,37.4296875,41.9296875,4.296875,42.046875,1.490509033203125,2.806365966796875,0
diabetes,20,dijkstra,D,10,442,6084,37.6328125,37.4296875,41.9296875,4.296875,42.05078125,1.490509033203125,2.806365966796875,0
diabetes,20,dijkstra,D,11,442,6084,37.63671875,37.4296875,41.9296875,4.29296875,42.05078125,1.490509033203125,2.802459716796875,0
diabetes,20,dijkstra,D,12,442,6084,37.63671875,37.4296875,41.9296875,4.29296875,42.05078125,1.490509033203125,2.802459716796875,0
diabetes,20,dijkstra,D,13,442,6084,37.63671875,37.4296875,41.9296875,4.29296875,42.05078125,1.490509033203125,2.802459716796875,0
diabetes,20,dijkstra,D,14,442,6084,37.63671875,37.43359375,41.93359375,4.296875,42.0546875,1.490509033203125,2.806365966796875,0
diabetes,20,dijkstra,D,15,442,6084,37.640625,37.43359375,41.93359375,4.29296875,42.05859375,1.490509033203125,2.802459716796875,0
diabetes,20,dijkstra,D,16,442,6084,37.640625,37.4375,41.9375,4.296875,42.0625,1.490509033203125,2.806365966796875,0
diabetes,20,dijkstra,D,17,442,6084,37.64453125,37.4375,41.9375,4.29296875,42.0625,1.490509033203125,2.802459716796875,0
diabetes,20,dijkstra,D,18,442,6084,37.64453125,37.44140625,41.94140625,4.296875,42.0625,1.490509033203125,2.806365966796875,0
diabetes,20,dijkstra,D,19,442,6084,37.64453125,37.44140625,41.94140625,4.296875,42.0625,1.490509033203125,2.806365966796875,0
diabetes,20,dijkstra,D,20,442,6084,37.64453125,37.44140625,41.94140625,4.296875,42.0625,1.490509033203125,2.806365966796875,0
diabetes,20,dijkstra,D,21,442,6084,37.64453125,37.44140625,41.94140625,4.296875,42.0625,1.490509033203125,2.806365966796875,0
diabetes,20,dijkstra,D,22,442,6084,37.64453125,37.44140625,41.94140625,4.296875,42.0625,1.490509033203125,2.806365966796875,0
diabetes,20,dijkstra,D,23,442,6084,37.64453125,37.44140625,41.94140625,4.296875,42.0625,1.490509033203125,2.806365966796875,0
diabetes,20,dijkstra,D,24,442,6084,37.64453125,37.44140625,41.94140625,4.296875,42.0625,1.490509033203125,2.806365966796875,0
diabetes,20,dijkstra,D,25,442,6084,37.6484375,37.44140625,41.94140625,4.29296875,42.06640625,1.490509033203125,2.802459716796875,0
diabetes,20,dijkstra,D,26,442,6084,37.65234375,37.4453125,41.9453125,4.29296875,42.0703125,1.490509033203125,2.802459716796875,0
diabetes,20,dijkstra,D,27,442,6084,37.65234375,37.44921875,41.94921875,4.296875,42.0703125,1.490509033203125,2.806365966796875,0
diabetes,20,dijkstra,D,28,442,6084,37.65234375,37.44921875,41.94921875,4.296875,42.0703125,1.490509033203125,2.806365966796875,0
diabetes,20,dijkstra,D,29,442,6084,37.65234375,37.44921875,41.94921875,4.296875,42.07421875,1.490509033203125,2.806365966796875,0
diabetes,20,dijkstra,D,30,442,6084,37.65625,37.44921875,41.94921875,4.29296875,42.07421875,1.490509033203125,2.802459716796875,0
breast_cancer,5,floyd_warshall,FW,1,569,2168,37.5078125,37.3984375,42.2734375,4.765625,42.375,2.4701004028320312,2.2955245971679688,0
breast_cancer,5,floyd_warshall,FW,2,569,2168,37.5078125,37.40234375,42.27734375,4.76953125,42.37890625,2.4701004028320312,2.2994308471679688,0
breast_cancer,5,floyd_warshall,FW,3,569,2168,37.5078125,37.40234375,42.27734375,4.76953125,42.37890625,2.4701004028320312,2.2994308471679688,0
breast_cancer,5,floyd_warshall,FW,4,569,2168,37.5078125,37.40234375,42.27734375,4.76953125,42.37890625,2.4701004028320312,2.2994308471679688,0
breast_cancer,5,floyd_warshall,FW,5,569,2168,37.51171875,37.40234375,42.27734375,4.765625,42.3828125,2.4701004028320312,2.2955245971679688,0
breast_cancer,5,floyd_warshall,FW,6,569,2168,37.51171875,37.40625,42.28125,4.76953125,42.3828125,2.4701004028320312,2.2994308471679688,0
breast_cancer,5,floyd_warshall,FW,7,569,2168,37.51171875,37.40625,42.28125,4.76953125,42.3828125,2.4701004028320312,2.2994308471679688,0
breast_cancer,5,floyd_warshall,FW,8,569,2168,37.51171875,37.40625,42.28125,4.76953125,42.38671875,2.4701004028320312,2.2994308471679688,0
breast_cancer,5,floyd_warshall,FW,9,569,2168,37.515625,37.40625,42.28125,4.765625,42.38671875,2.4701004028320312,2.2955245971679688,0
breast_cancer,5,floyd_warshall,FW,10,569,2168,37.515625,37.41015625,42.28515625,4.76953125,42.38671875,2.4701004028320312,2.2994308471679688,0
breast_cancer,5,floyd_warshall,FW,11,569,2168,37.515625,37.41015625,42.28515625,4.76953125,42.390625,2.4701004028320312,2.2994308471679688,0
breast_cancer,5,floyd_warshall,FW,12,569,2168,37.51953125,37.41015625,42.28515625,4.765625,42.390625,2.4701004028320312,2.2955245971679688,0
breast_cancer,5,floyd_warshall,FW,13,569,2168,37.51953125,37.41015625,42.28515625,4.765625,42.390625,2.4701004028320312,2.2955245971679688,0
breast_cancer,5,floyd_warshall,FW,14,569,2168,37.51953125,37.41015625,42.28515625,4.765625,42.390625,2.4701004028320312,2.2955245971679688,0
breast_cancer,5,floyd_warshall,FW,15,569,2168,37.5234375,37.4140625,42.2890625,4.765625,42.39453125,2.4701004028320312,2.2955245971679688,0
breast_cancer,5,floyd_warshall,FW,16,569,2168,37.5234375,37.41796875,42.29296875,4.76953125,42.39453125,2.4701004028320312,2.2994308471679688,0
breast_cancer,5,floyd_warshall,FW,17,569,2168,37.5234375,37.41796875,42.29296875,4.76953125,42.3984375,2.4701004028320312,2.2994308471679688,0
breast_cancer,5,floyd_warshall,FW,18,569,2168,37.52734375,37.41796875,42.29296875,4.765625,42.3984375,2.4701004028320312,2.2955245971679688,0
breast_cancer,5,floyd_warshall,FW,19,569,2168,37.52734375,37.421875,42.296875,4.76953125,42.3984375,2.4701004028320312,2.2994308471679688,0
breast_cancer,5,floyd_warshall,FW,20,569,2168,37.52734375,37.421875,42.296875,4.76953125,42.3984375,2.4701004028320312,2.2994308471679688,0
breast_cancer,5,floyd_warshall,FW,21,569,2168,37.52734375,37.421875,42.296875,4.76953125,42.3984375,2.4701004028320312,2.2994308471679688,0
breast_cancer,5,floyd_warshall,FW,22,569,2168,37.52734375,37.421875,42.296875,4.76953125,42.3984375,2.4701004028320312,2.2994308471679688,0
breast_cancer,5,floyd_warshall,FW,23,569,2168,37.52734375,37.421875,42.296875,4.76953125,42.3984375,2.4701004028320312,2.2994308471679688,0
breast_cancer,5,floyd_warshall,FW,24,569,2168,37.52734375,37.421875,42.296875,4.76953125,42.3984375,2.4701004028320312,2.2994308471679688,0
breast_cancer,5,floyd_warshall,FW,25,569,2168,37.53125,37.421875,42.296875,4.765625,42.40234375,2.4701004028320312,2.2955245971679688,0
breast_cancer,5,floyd_warshall,FW,26,569,2168,37.53125,37.42578125,42.30078125,4.76953125,42.40625,2.4701004028320312,2.2994308471679688,0
breast_cancer,5,floyd_warshall,FW,27,569,2168,37.53515625,37.42578125,42.30078125,4.765625,42.40625,2.4701004028320312,2.2955245971679688,0
breast_cancer,5,floyd_warshall,FW,28,569,2168,37.53515625,37.4296875,42.3046875,4.76953125,42.40625,2.4701004028320312,2.2994308471679688,0
breast_cancer,5,floyd_warshall,FW,29,569,2168,37.53515625,37.4296875,42.3046875,4.76953125,42.40625,2.4701004028320312,2.2994308471679688,0
breast_cancer,5,floyd_warshall,FW,30,569,2168,37.5390625,37.4296875,42.3046875,4.765625,42.41015625,2.4701004028320312,2.2955245971679688,0
breast_cancer,5,johnson,J,1,569,2168,37.6171875,37.45703125,42.83203125,5.21484375,43.04296875,2.4701004028320312,2.7447433471679688,0
breast_cancer,5,johnson,J,2,569,2168,37.6171875,37.4609375,42.8359375,5.21875,43.04296875,2.4701004028320312,2.7486495971679688,0
breast_cancer,5,johnson,J,3,569,2168,37.6171875,37.4609375,42.8359375,5.21875,43.04296875,2.4701004028320312,2.7486495971679688,0
breast_cancer,5,johnson,J,4,569,2168,37.6171875,37.4609375,42.8359375,5.21875,43.04296875,2.4701004028320312,2.7486495971679688,0
breast_cancer,5,johnson,J,5,569,2168,37.62109375,37.4609375,42.8359375,5.21484375,43.046875,2.4701004028320312,2.7447433471679688,0
breast_cancer,5,johnson,J,6,569,2168,37.62109375,37.46484375,42.83984375,5.21875,43.046875,2.4701004028320312,2.7486495971679688,0
breast_cancer,5,johnson,J,7,569,2168,37.62109375,37.46484375,42.83984375,5.21875,43.046875,2.4701004028320312,2.7486495971679688,0
breast_cancer,5,johnson,J,8,569,2168,37.62109375,37.46484375,42.83984375,5.21875,43.046875,2.4701004028320312,2.7486495971679688,0
breast_cancer,5,johnson,J,9,569,2168,37.62109375,37.46484375,42.83984375,5.21875,43.046875,2.4701004028320312,2.7486495971679688,0
breast_cancer,5,johnson,J,10,569,2168,37.62109375,37.46484375,42.83984375,5.21875,43.046875,2.4701004028320312,2.7486495971679688,0
breast_cancer,5,johnson,J,11,569,2168,37.62109375,37.46484375,42.83984375,5.21875,43.046875,2.4701004028320312,2.7486495971679688,0
breast_cancer,5,johnson,J,12,569,2168,37.62109375,37.46484375,42.83984375,5.21875,43.05078125,2.4701004028320312,2.7486495971679688,0
breast_cancer,5,johnson,J,13,569,2168,37.625,37.46484375,42.83984375,5.21484375,43.05078125,2.4701004028320312,2.7447433471679688,0
breast_cancer,5,johnson,J,14,569,2168,37.625,37.46484375,42.83984375,5.21484375,43.0546875,2.4701004028320312,2.7447433471679688,0
breast_cancer,5,johnson,J,15,569,2168,37.62890625,37.46875,42.84375,5.21484375,43.0625,2.4701004028320312,2.7447433471679688,0
breast_cancer,5,johnson,J,16,569,2168,37.62890625,37.47265625,42.84765625,5.21875,43.0625,2.4701004028320312,2.7486495971679688,0
breast_cancer,5,johnson,J,17,569,2168,37.6328125,37.47265625,42.84765625,5.21484375,43.0625,2.4701004028320312,2.7447433471679688,0
breast_cancer,5,johnson,J,18,569,2168,37.6328125,37.4765625,42.8515625,5.21875,43.0625,2.4701004028320312,2.7486495971679688,0
breast_cancer,5,johnson,J,19,569,2168,37.6328125,37.4765625,42.8515625,5.21875,43.0625,2.4701004028320312,2.7486495971679688,0
breast_cancer,5,johnson,J,20,569,2168,37.6328125,37.4765625,42.8515625,5.21875,43.0625,2.4701004028320312,2.7486495971679688,0
breast_cancer,5,johnson,J,21,569,2168,37.6328125,37.4765625,42.8515625,5.21875,43.0625,2.4701004028320312,2.7486495971679688,0
breast_cancer,5,johnson,J,22,569,2168,37.6328125,37.4765625,42.8515625,5.21875,43.0625,2.4701004028320312,2.7486495971679688,0
breast_cancer,5,johnson,J,23,569,2168,37.6328125,37.4765625,42.8515625,5.21875,43.0625,2.4701004028320312,2.7486495971679688,0
breast_cancer,5,johnson,J,24,569,2168,37.6328125,37.4765625,42.8515625,5.21875,43.06640625,2.4701004028320312,2.7486495971679688,0
breast_cancer,5,johnson,J,25,569,2168,37.63671875,37.4765625,42.8515625,5.21484375,43.06640625,2.4701004028320312,2.7447433471679688,0
breast_cancer,5,johnson,J,26,569,2168,37.640625,37.48046875,42.85546875,5.21484375,43.0703125,2.4701004028320312,2.7447433471679688,0
breast_cancer,5,johnson,J,27,569,2168,37.640625,37.484375,42.859375,5.21875,43.0703125,2.4701004028320312,2.7486495971679688,0
breast_cancer,5,johnson,J,28,569,2168,37.640625,37.484375,42.859375,5.21875,43.0703125,2.4701004028320312,2.7486495971679688,0
breast_cancer,5,johnson,J,29,569,2168,37.640625,37.484375,42.859375,5.21875,43.07421875,2.4701004028320312,2.7486495971679688,0
breast_cancer,5,johnson,J,30,569,2168,37.64453125,37.484375,42.859375,5.21484375,43.07421875,2.4701004028320312,2.7447433471679688,0
breast_cancer,5,dijkstra,D,1,569,2168,37.60546875,37.4453125,42.8203125,5.21484375,42.87890625,2.4701004028320312,2.7447433471679688,0
breast_cancer,5,dijkstra,D,2,569,2168,37.60546875,37.44921875,42.69921875,5.09375,42.87890625,2.4701004028320312,2.6236495971679688,0
breast_cancer,5,dijkstra,D,3,569,2168,37.60546875,37.44921875,42.69921875,5.09375,42.87890625,2.4701004028320312,2.6236495971679688,0
breast_cancer,5,dijkstra,D,4,569,2168,37.60546875,37.44921875,42.69921875,5.09375,42.87890625,2.4701004028320312,2.6236495971679688,0
breast_cancer,5,dijkstra,D,5,569,2168,37.609375,37.44921875,42.82421875,5.21484375,42.8828125,2.4701004028320312,2.7447433471679688,0
breast_cancer,5,dijkstra,D,6,569,2168,37.609375,37.453125,42.703125,5.09375,42.8828125,2.4701004028320312,2.6236495971679688,0
breast_cancer,5,dijkstra,D,7,569,2168,37.609375,37.453125,42.703125,5.09375,42.8828125,2.4701004028320312,2.6236495971679688,0
breast_cancer,5,dijkstra,D,8,569,2168,37.609375,37.453125,42.703125,5.09375,42.8828125,2.4701004028320312,2.6236495971679688,0
breast_cancer,5,dijkstra,D,9,569,2168,37.609375,37.453125,42.703125,5.09375,42.8828125,2.4701004028320312,2.6236495971679688,0
breast_cancer,5,dijkstra,D,10,569,2168,37.609375,37.453125,42.828125,5.21875,42.88671875,2.4701004028320312,2.7486495971679688,0
breast_cancer,5,dijkstra,D,11,569,2168,37.61328125,37.453125,42.828125,5.21484375,42.88671875,2.4701004028320312,2.7447433471679688,0
breast_cancer,5,dijkstra,D,12,569,2168,37.61328125,37.453125,42.828125,5.21484375,42.88671875,2.4701004028320312,2.7447433471679688,0
breast_cancer,5,dijkstra,D,13,569,2168,37.61328125,37.453125,42.828125,5.21484375,42.88671875,2.4701004028320312,2.7447433471679688,0
breast_cancer,5,dijkstra,D,14,569,2168,37.61328125,37.45703125,42.83203125,5.21875,42.890625,2.4701004028320312,2.7486495971679688,0
breast_cancer,5,dijkstra,D,15,569,2168,37.6171875,37.45703125,42.83203125,5.21484375,42.89453125,2.4701004028320312,2.7447433471679688,0
breast_cancer,5,dijkstra,D,16,569,2168,37.6171875,37.4609375,42.8359375,5.21875,42.89453125,2.4701004028320312,2.7486495971679688,0
breast_cancer,5,dijkstra,D,17,569,2168,37.6171875,37.4609375,42.8359375,5.21875,42.8984375,2.4701004028320312,2.7486495971679688,0
breast_cancer,5,dijkstra,D,18,569,2168,37.62109375,37.46484375,42.83984375,5.21875,42.8984375,2.4701004028320312,2.7486495971679688,0
breast_cancer,5,dijkstra,D,19,569,2168,37.62109375,37.46484375,42.83984375,5.21875,42.8984375,2.4701004028320312,2.7486495971679688,0
breast_cancer,5,dijkstra,D,20,569,2168,37.62109375,37.46484375,42.83984375,5.21875,42.8984375,2.4701004028320312,2.7486495971679688,0
breast_cancer,5,dijkstra,D,21,569,2168,37.62109375,37.46484375,42.83984375,5.21875,42.8984375,2.4701004028320312,2.7486495971679688,0
breast_cancer,5,dijkstra,D,22,569,2168,37.62109375,37.46484375,42.83984375,5.21875,42.8984375,2.4701004028320312,2.7486495971679688,0
breast_cancer,5,dijkstra,D,23,569,2168,37.62109375,37.46484375,42.83984375,5.21875,42.8984375,2.4701004028320312,2.7486495971679688,0
breast_cancer,5,dijkstra,D,24,569,2168,37.62109375,37.46484375,42.83984375,5.21875,42.8984375,2.4701004028320312,2.7486495971679688,0
breast_cancer,5,dijkstra,D,25,569,2168,37.625,37.46484375,42.83984375,5.21484375,42.8984375,2.4701004028320312,2.7447433471679688,0
breast_cancer,5,dijkstra,D,26,569,2168,37.625,37.46875,42.84375,5.21875,42.90625,2.4701004028320312,2.7486495971679688,0
breast_cancer,5,dijkstra,D,27,569,2168,37.62890625,37.46875,42.84375,5.21484375,42.90625,2.4701004028320312,2.7447433471679688,0
breast_cancer,5,dijkstra,D,28,569,2168,37.62890625,37.4765625,42.7265625,5.09765625,42.90625,2.4701004028320312,2.6275558471679688,0
breast_cancer,5,dijkstra,D,29,569,2168,37.62890625,37.4765625,42.8515625,5.22265625,42.91015625,2.4701004028320312,2.7525558471679688,0
breast_cancer,5,dijkstra,D,30,569,2168,37.6328125,37.4765625,42.8515625,5.21875,42.91015625,2.4701004028320312,2.7486495971679688,0
breast_cancer,10,floyd_warshall,FW,1,569,4277,37.58203125,37.3828125,42.3828125,4.80078125,42.58203125,2.4701004028320312,2.3306808471679688,0
breast_cancer,10,floyd_warshall,FW,2,569,4277,37.58203125,37.38671875,42.38671875,4.8046875,42.58203125,2.4701004028320312,2.3345870971679688,0
breast_cancer,10,floyd_warshall,FW,3,569,4277,37.58203125,37.38671875,42.38671875,4.8046875,42.58203125,2.4701004028320312,2.3345870971679688,0
breast_cancer,10,floyd_warshall,FW,4,569,4277,37.58203125,37.38671875,42.38671875,4.8046875,42.58203125,2.4701004028320312,2.3345870971679688,0
breast_cancer,10,floyd_warshall,FW,5,569,4277,37.5859375,37.38671875,42.38671875,4.80078125,42.5859375,2.4701004028320312,2.3306808471679688,0
breast_cancer,10,floyd_warshall,FW,6,569,4277,37.5859375,37.390625,42.390625,4.8046875,42.5859375,2.4701004028320312,2.3345870971679688,0
breast_cancer,10,floyd_warshall,FW,7,569,4277,37.5859375,37.390625,42.390625,4.8046875,42.5859375,2.4701004028320312,2.3345870971679688,0
breast_cancer,10,floyd_warshall,FW,8,569,4277,37.5859375,37.390625,42.390625,4.8046875,42.5859375,2.4701004028320312,2.3345870971679688,0
breast_cancer,10,floyd_warshall,FW,9,569,4277,37.5859375,37.390625,42.390625,4.8046875,42.5859375,2.4701004028320312,2.3345870971679688,0
breast_cancer,10,floyd_warshall,FW,10,569,4277,37.5859375,37.390625,42.390625,4.8046875,42.5859375,2.4701004028320312,2.3345870971679688,0
breast_cancer,10,floyd_warshall,FW,11,569,4277,37.5859375,37.390625,42.390625,4.8046875,42.58984375,2.4701004028320312,2.3345870971679688,0
breast_cancer,10,floyd_warshall,FW,12,569,4277,37.5859375,37.390625,42.390625,4.8046875,42.59375,2.4701004028320312,2.3345870971679688,0
breast_cancer,10,floyd_warshall,FW,13,569,4277,37.59375,37.390625,42.390625,4.796875,42.59375,2.4701004028320312,2.3267745971679688,0
breast_cancer,10,floyd_warshall,FW,14,569,4277,37.59375,37.39453125,42.39453125,4.80078125,42.59375,2.4701004028320312,2.3306808471679688,0
breast_cancer,10,floyd_warshall,FW,15,569,4277,37.59765625,37.3984375,42.3984375,4.80078125,42.59765625,2.4701004028320312,2.3306808471679688,0
breast_cancer,10,floyd_warshall,FW,16,569,4277,37.59765625,37.40234375,42.40234375,4.8046875,42.59765625,2.4701004028320312,2.3345870971679688,0
breast_cancer,10,floyd_warshall,FW,17,569,4277,37.59765625,37.40234375,42.40234375,4.8046875,42.59765625,2.4701004028320312,2.3345870971679688,0
breast_cancer,10,floyd_warshall,FW,18,569,4277,37.59765625,37.40234375,42.40234375,4.8046875,42.59765625,2.4701004028320312,2.3345870971679688,0
breast_cancer,10,floyd_warshall,FW,19,569,4277,37.59765625,37.40234375,42.40234375,4.8046875,42.59765625,2.4701004028320312,2.3345870971679688,0
breast_cancer,10,floyd_warshall,FW,20,569,4277,37.59765625,37.40234375,42.40234375,4.8046875,42.59765625,2.4701004028320312,2.3345870971679688,0
breast_cancer,10,floyd_warshall,FW,21,569,4277,37.59765625,37.40234375,42.40234375,4.8046875,42.6015625,2.4701004028320312,2.3345870971679688,0
breast_cancer,10,floyd_warshall,FW,22,569,4277,37.6015625,37.40234375,42.40234375,4.80078125,42.6015625,2.4701004028320312,2.3306808471679688,0
breast_cancer,10,floyd_warshall,FW,23,569,4277,37.6015625,37.40625,42.40625,4.8046875,42.6015625,2.4701004028320312,2.3345870971679688,0
breast_cancer,10,floyd_warshall,FW,24,569,4277,37.6015625,37.40625,42.40625,4.8046875,42.6015625,2.4701004028320312,2.3345870971679688,0
breast_cancer,10,floyd_warshall,FW,25,569,4277,37.60546875,37.40625,42.40625,4.80078125,42.60546875,2.4701004028320312,2.3306808471679688,0
breast_cancer,10,floyd_warshall,FW,26,569,4277,37.60546875,37.41015625,42.41015625,4.8046875,42.60546875,2.4701004028320312,2.3345870971679688,0
breast_cancer,10,floyd_warshall,FW,27,569,4277,37.60546875,37.41015625,42.41015625,4.8046875,42.60546875,2.4701004028320312,2.3345870971679688,0
breast_cancer,10,floyd_warshall,FW,28,569,4277,37.60546875,37.41015625,42.41015625,4.8046875,42.60546875,2.4701004028320312,2.3345870971679688,0
breast_cancer,10,floyd_warshall,FW,29,569,4277,37.60546875,37.41015625,42.41015625,4.8046875,42.60546875,2.4701004028320312,2.3345870971679688,0
breast_cancer,10,floyd_warshall,FW,30,569,4277,37.609375,37.41015625,42.41015625,4.80078125,42.609375,2.4701004028320312,2.3306808471679688,0
breast_cancer,10,johnson,J,1,569,4277,37.63671875,37.4921875,42.8671875,5.23046875,42.93359375,2.4701004028320312,2.7603683471679688,0
breast_cancer,10,johnson,J,2,569,4277,37.63671875,37.49609375,42.87109375,5.234375,42.93359375,2.4701004028320312,2.7642745971679688,0
breast_cancer,10,johnson,J,3,569,4277,37.63671875,37.49609375,42.87109375,5.234375,42.93359375,2.4701004028320312,2.7642745971679688,0
breast_cancer,10,johnson,J,4,569,4277,37.63671875,37.49609375,42.87109375,5.234375,42.93359375,2.4701004028320312,2.7642745971679688,0
breast_cancer,10,johnson,J,5,569,4277,37.640625,37.49609375,42.87109375,5.23046875,42.9375,2.4701004028320312,2.7603683471679688,0
breast_cancer,10,johnson,J,6,569,4277,37.640625,37.5,42.875,5.234375,42.9375,2.4701004028320312,2.7642745971679688,0
breast_cancer,10,johnson,J,7,569,4277,37.640625,37.5,42.875,5.234375,42.9375,2.4701004028320312,2.7642745971679688,0
breast_cancer,10,johnson,J,8,569,4277,37.640625,37.5,42.875,5.234375,42.94140625,2.4701004028320312,2.7642745971679688,0
breast_cancer,10,johnson,J,9,569,4277,37.640625,37.5,42.875,5.234375,42.94140625,2.4701004028320312,2.7642745971679688,0
breast_cancer,10,johnson,J,10,569,4277,37.64453125,37.5,42.875,5.23046875,42.9453125,2.4701004028320312,2.7603683471679688,0
breast_cancer,10,johnson,J,11,569,4277,37.64453125,37.50390625,42.87890625,5.234375,42.9453125,2.4701004028320312,2.7642745971679688,0
breast_cancer,10,johnson,J,12,569,4277,37.6484375,37.50390625,42.87890625,5.23046875,42.9453125,2.4701004028320312,2.7603683471679688,0
breast_cancer,10,johnson,J,13,569,4277,37.6484375,37.50390625,42.87890625,5.23046875,42.9453125,2.4701004028320312,2.7603683471679688,0
breast_cancer,10,johnson,J,14,569,4277,37.6484375,37.5078125,42.8828125,5.234375,42.94921875,2.4701004028320312,2.7642745971679688,0
breast_cancer,10,johnson,J,15,569,4277,37.65234375,37.5078125,42.8828125,5.23046875,42.953125,2.4701004028320312,2.7603683471679688,0
breast_cancer,10,johnson,J,16,569,4277,37.65234375,37.51171875,42.88671875,5.234375,42.953125,2.4701004028320312,2.7642745971679688,0
breast_cancer,10,johnson,J,17,569,4277,37.65234375,37.51171875,42.88671875,5.234375,42.95703125,2.4701004028320312,2.7642745971679688,0
breast_cancer,10,johnson,J,18,569,4277,37.65234375,37.51171875,42.88671875,5.234375,42.95703125,2.4701004028320312,2.7642745971679688,0
breast_cancer,10,johnson,J,19,569,4277,37.65625,37.51171875,42.88671875,5.23046875,42.95703125,2.4701004028320312,2.7603683471679688,0
breast_cancer,10,johnson,J,20,569,4277,37.65625,37.515625,42.890625,5.234375,42.95703125,2.4701004028320312,2.7642745971679688,0
breast_cancer,10,johnson,J,21,569,4277,37.65625,37.515625,42.890625,5.234375,42.95703125,2.4701004028320312,2.7642745971679688,0
breast_cancer,10,johnson,J,22,569,4277,37.65625,37.515625,42.890625,5.234375,42.95703125,2.4701004028320312,2.7642745971679688,0
breast_cancer,10,johnson,J,23,569,4277,37.65625,37.515625,42.890625,5.234375,42.95703125,2.4701004028320312,2.7642745971679688,0
breast_cancer,10,johnson,J,24,569,4277,37.65625,37.515625,42.890625,5.234375,42.95703125,2.4701004028320312,2.7642745971679688,0
breast_cancer,10,johnson,J,25,569,4277,37.66015625,37.515625,42.890625,5.23046875,42.95703125,2.4701004028320312,2.7603683471679688,0
breast_cancer,10,johnson,J,26,569,4277,37.66015625,37.51953125,42.89453125,5.234375,42.96484375,2.4701004028320312,2.7642745971679688,0
breast_cancer,10,johnson,J,27,569,4277,37.66015625,37.51953125,42.89453125,5.234375,42.96484375,2.4701004028320312,2.7642745971679688,0
breast_cancer,10,johnson,J,28,569,4277,37.6640625,37.51953125,42.89453125,5.23046875,42.96484375,2.4701004028320312,2.7603683471679688,0
breast_cancer,10,johnson,J,29,569,4277,37.6640625,37.5234375,42.8984375,5.234375,42.96875,2.4701004028320312,2.7642745971679688,0
breast_cancer,10,johnson,J,30,569,4277,37.66796875,37.5234375,42.8984375,5.23046875,42.96875,2.4701004028320312,2.7603683471679688,0
breast_cancer,10,dijkstra,D,1,569,4277,37.68359375,37.59765625,42.97265625,5.2890625,43.10546875,2.4701004028320312,2.8189620971679688,0
breast_cancer,10,dijkstra,D,2,569,4277,37.68359375,37.6015625,42.9765625,5.29296875,43.10546875,2.4701004028320312,2.8228683471679688,0
breast_cancer,10,dijkstra,D,3,569,4277,37.68359375,37.6015625,42.9765625,5.29296875,43.10546875,2.4701004028320312,2.8228683471679688,0
breast_cancer,10,dijkstra,D,4,569,4277,37.6875,37.6015625,42.9765625,5.2890625,43.10546875,2.4701004028320312,2.8189620971679688,0
breast_cancer,10,dijkstra,D,5,569,4277,37.69140625,37.6015625,42.9765625,5.28515625,43.109375,2.4701004028320312,2.8150558471679688,0
breast_cancer,10,dijkstra,D,6,569,4277,37.69140625,37.60546875,42.98046875,5.2890625,43.109375,2.4701004028320312,2.8189620971679688,0
breast_cancer,10,dijkstra,D,7,569,4277,37.69140625,37.60546875,42.98046875,5.2890625,43.109375,2.4701004028320312,2.8189620971679688,0
breast_cancer,10,dijkstra,D,8,569,4277,37.69140625,37.60546875,42.98046875,5.2890625,43.109375,2.4701004028320312,2.8189620971679688,0
breast_cancer,10,dijkstra,D,9,569,4277,37.69140625,37.60546875,42.98046875,5.2890625,43.109375,2.4701004028320312,2.8189620971679688,0
breast_cancer,10,dijkstra,D,10,569,4277,37.69140625,37.60546875,42.98046875,5.2890625,43.109375,2.4701004028320312,2.8189620971679688,0
breast_cancer,10,dijkstra,D,11,569,4277,37.69140625,37.60546875,42.98046875,5.2890625,43.109375,2.4701004028320312,2.8189620971679688,0
breast_cancer,10,dijkstra,D,12,569,4277,37.69140625,37.60546875,42.98046875,5.2890625,43.109375,2.4701004028320312,2.8189620971679688,0
breast_cancer,10,dijkstra,D,13,569,4277,37.69140625,37.60546875,43.10546875,5.4140625,43.1171875,2.4701004028320312,2.9439620971679688,0
breast_cancer,10,dijkstra,D,14,569,4277,37.69140625,37.60546875,43.10546875,5.4140625,43.12109375,2.4701004028320312,2.9439620971679688,0
breast_cancer,10,dijkstra,D,15,569,4277,37.703125,37.60546875,43.10546875,5.40234375,43.125,2.4701004028320312,2.9322433471679688,0
breast_cancer,10,dijkstra,D,16,569,4277,37.703125,37.61328125,43.11328125,5.41015625,43.125,2.4701004028320312,2.9400558471679688,0
breast_cancer,10,dijkstra,D,17,569,4277,37.703125,37.6171875,42.9921875,5.2890625,43.125,2.4701004028320312,2.8189620971679688,0
breast_cancer,10,dijkstra,D,18,569,4277,37.703125,37.6171875,42.9921875,5.2890625,43.125,2.4701004028320312,2.8189620971679688,0
breast_cancer,10,dijkstra,D,19,569,4277,37.703125,37.6171875,42.9921875,5.2890625,43.125,2.4701004028320312,2.8189620971679688,0
breast_cancer,10,dijkstra,D,20,569,4277,37.703125,37.6171875,42.9921875,5.2890625,43.125,2.4701004028320312,2.8189620971679688,0
breast_cancer,10,dijkstra,D,21,569,4277,37.703125,37.6171875,42.9921875,5.2890625,43.125,2.4701004028320312,2.8189620971679688,0
breast_cancer,10,dijkstra,D,22,569,4277,37.703125,37.6171875,43.1171875,5.4140625,43.12890625,2.4701004028320312,2.9439620971679688,0
breast_cancer,10,dijkstra,D,23,569,4277,37.703125,37.6171875,43.1171875,5.4140625,43.12890625,2.4701004028320312,2.9439620971679688,0
breast_cancer,10,dijkstra,D,24,569,4277,37.70703125,37.6171875,43.1171875,5.41015625,43.12890625,2.4701004028320312,2.9400558471679688,0
breast_cancer,10,dijkstra,D,25,569,4277,37.7109375,37.62109375,42.99609375,5.28515625,43.12890625,2.4701004028320312,2.8150558471679688,0
breast_cancer,10,dijkstra,D,26,569,4277,37.7109375,37.625,43.0,5.2890625,43.1328125,2.4701004028320312,2.8189620971679688,0
breast_cancer,10,dijkstra,D,27,569,4277,37.7109375,37.625,43.0,5.2890625,43.1328125,2.4701004028320312,2.8189620971679688,0
breast_cancer,10,dijkstra,D,28,569,4277,37.7109375,37.625,43.0,5.2890625,43.1328125,2.4701004028320312,2.8189620971679688,0
breast_cancer,10,dijkstra,D,29,569,4277,37.7109375,37.625,43.125,5.4140625,43.13671875,2.4701004028320312,2.9439620971679688,0
breast_cancer,10,dijkstra,D,30,569,4277,37.71484375,37.625,43.125,5.41015625,43.13671875,2.4701004028320312,2.9400558471679688,0
breast_cancer,20,floyd_warshall,FW,1,569,8390,37.5859375,37.37109375,42.62109375,5.03515625,42.75,2.4701004028320312,2.5650558471679688,0
breast_cancer,20,floyd_warshall,FW,2,569,8390,37.5859375,37.375,42.625,5.0390625,42.75,2.4701004028320312,2.5689620971679688,0
breast_cancer,20,floyd_warshall,FW,3,569,8390,37.5859375,37.375,42.625,5.0390625,42.75,2.4701004028320312,2.5689620971679688,0
breast_cancer,20,floyd_warshall,FW,4,569,8390,37.5859375,37.375,42.625,5.0390625,42.75,2.4701004028320312,2.5689620971679688,0
breast_cancer,20,floyd_warshall,FW,5,569,8390,37.58984375,37.375,42.625,5.03515625,42.75390625,2.4701004028320312,2.5650558471679688,0
breast_cancer,20,floyd_warshall,FW,6,569,8390,37.58984375,37.37890625,42.62890625,5.0390625,42.75390625,2.4701004028320312,2.5689620971679688,0
breast_cancer,20,floyd_warshall,FW,7,569,8390,37.58984375,37.37890625,42.62890625,5.0390625,42.75390625,2.4701004028320312,2.5689620971679688,0
breast_cancer,20,floyd_warshall,FW,8,569,8390,37.58984375,37.37890625,42.62890625,5.0390625,42.75390625,2.4701004028320312,2.5689620971679688,0
breast_cancer,20,floyd_warshall,FW,9,569,8390,37.58984375,37.37890625,42.62890625,5.0390625,42.76171875,2.4701004028320312,2.5689620971679688,0
breast_cancer,20,floyd_warshall,FW,10,569,8390,37.59765625,37.37890625,42.62890625,5.03125,42.76171875,2.4701004028320312,2.5611495971679688,0
breast_cancer,20,floyd_warshall,FW,11,569,8390,37.59765625,37.3828125,42.6328125,5.03515625,42.76171875,2.4701004028320312,2.5650558471679688,0
breast_cancer,20,floyd_warshall,FW,12,569,8390,37.59765625,37.3828125,42.6328125,5.03515625,42.76171875,2.4701004028320312,2.5650558471679688,0
breast_cancer,20,floyd_warshall,FW,13,569,8390,37.59765625,37.38671875,42.63671875,5.0390625,42.76171875,2.4701004028320312,2.5689620971679688,0
breast_cancer,20,floyd_warshall,FW,14,569,8390,37.59765625,37.38671875,42.63671875,5.0390625,42.76171875,2.4701004028320312,2.5689620971679688,0
breast_cancer,20,floyd_warshall,FW,15,569,8390,37.6015625,37.38671875,42.63671875,5.03515625,42.765625,2.4701004028320312,2.5650558471679688,0
breast_cancer,20,floyd_warshall,FW,16,569,8390,37.6015625,37.390625,42.640625,5.0390625,42.765625,2.4701004028320312,2.5689620971679688,0
breast_cancer,20,floyd_warshall,FW,17,569,8390,37.6015625,37.390625,42.640625,5.0390625,42.765625,2.4701004028320312,2.5689620971679688,0
breast_cancer,20,floyd_warshall,FW,18,569,8390,37.6015625,37.390625,42.640625,5.0390625,42.76953125,2.4701004028320312,2.5689620971679688,0
breast_cancer,20,floyd_warshall,FW,19,569,8390,37.60546875,37.390625,42.640625,5.03515625,42.76953125,2.4701004028320312,2.5650558471679688,0
breast_cancer,20,floyd_warshall,FW,20,569,8390,37.60546875,37.39453125,42.64453125,5.0390625,42.76953125,2.4701004028320312,2.5689620971679688,0
breast_cancer,20,floyd_warshall,FW,21,569,8390,37.60546875,37.39453125,42.64453125,5.0390625,42.76953125,2.4701004028320312,2.5689620971679688,0
breast_cancer,20,floyd_warshall,FW,22,569,8390,37.60546875,37.39453125,42.64453125,5.0390625,42.76953125,2.4701004028320312,2.5689620971679688,0
breast_cancer,20,floyd_warshall,FW,23,569,8390,37.60546875,37.39453125,42.64453125,5.0390625,42.76953125,2.4701004028320312,2.5689620971679688,0
breast_cancer,20,floyd_warshall,FW,24,569,8390,37.60546875,37.39453125,42.64453125,5.0390625,42.76953125,2.4701004028320312,2.5689620971679688,0
breast_cancer,20,floyd_warshall,FW,25,569,8390,37.609375,37.39453125,42.64453125,5.03515625,42.7734375,2.4701004028320312,2.5650558471679688,0
breast_cancer,20,floyd_warshall,FW,26,569,8390,37.609375,37.3984375,42.6484375,5.0390625,42.7734375,2.4701004028320312,2.5689620971679688,0
breast_cancer,20,floyd_warshall,FW,27,569,8390,37.609375,37.3984375,42.6484375,5.0390625,42.7734375,2.4701004028320312,2.5689620971679688,0
breast_cancer,20,floyd_warshall,FW,28,569,8390,37.61328125,37.3984375,42.6484375,5.03515625,42.77734375,2.4701004028320312,2.5650558471679688,0
breast_cancer,20,floyd_warshall,FW,29,569,8390,37.61328125,37.40234375,42.65234375,5.0390625,42.77734375,2.4701004028320312,2.5689620971679688,0
breast_cancer,20,floyd_warshall,FW,30,569,8390,37.6171875,37.40234375,42.65234375,5.03515625,42.78125,2.4701004028320312,2.5650558471679688,0
breast_cancer,20,johnson,J,1,569,8390,37.76953125,37.57421875,43.07421875,5.3046875,43.21484375,2.4701004028320312,2.8345870971679688,0
breast_cancer,20,johnson,J,2,569,8390,37.76953125,37.578125,43.078125,5.30859375,43.21484375,2.4701004028320312,2.8384933471679688,0
breast_cancer,20,johnson,J,3,569,8390,37.76953125,37.578125,43.078125,5.30859375,43.21484375,2.4701004028320312,2.8384933471679688,0
breast_cancer,20,johnson,J,4,569,8390,37.76953125,37.578125,43.078125,5.30859375,43.21484375,2.4701004028320312,2.8384933471679688,0
breast_cancer,20,johnson,J,5,569,8390,37.7734375,37.578125,43.078125,5.3046875,43.21875,2.4701004028320312,2.8345870971679688,0
breast_cancer,20,johnson,J,6,569,8390,37.7734375,37.58203125,43.08203125,5.30859375,43.21875,2.4701004028320312,2.8384933471679688,0
breast_cancer,20,johnson,J,7,569,8390,37.7734375,37.58203125,43.08203125,5.30859375,43.21875,2.4701004028320312,2.8384933471679688,0
breast_cancer,20,johnson,J,8,569,8390,37.7734375,37.58203125,43.08203125,5.30859375,43.21875,2.4701004028320312,2.8384933471679688,0
breast_cancer,20,johnson,J,9,569,8390,37.7734375,37.58203125,43.08203125,5.30859375,43.21875,2.4701004028320312,2.8384933471679688,0
breast_cancer,20,johnson,J,10,569,8390,37.7734375,37.58203125,43.08203125,5.30859375,43.22265625,2.4701004028320312,2.8384933471679688,0
breast_cancer,20,johnson,J,11,569,8390,37.7734375,37.58203125,43.08203125,5.30859375,43.22265625,2.4701004028320312,2.8384933471679688,0
breast_cancer,20,johnson,J,12,569,8390,37.77734375,37.58203125,43.08203125,5.3046875,43.22265625,2.4701004028320312,2.8345870971679688,0
breast_cancer,20,johnson,J,13,569,8390,37.77734375,37.58203125,43.08203125,5.3046875,43.2265625,2.4701004028320312,2.8345870971679688,0
breast_cancer,20,johnson,J,14,569,8390,37.77734375,37.5859375,43.0859375,5.30859375,43.23046875,2.4701004028320312,2.8384933471679688,0
breast_cancer,20,johnson,J,15,569,8390,37.78515625,37.58984375,43.08984375,5.3046875,43.234375,2.4701004028320312,2.8345870971679688,0
breast_cancer,20,johnson,J,16,569,8390,37.78515625,37.59375,43.09375,5.30859375,43.234375,2.4701004028320312,2.8384933471679688,0
breast_cancer,20,johnson,J,17,569,8390,37.78515625,37.59375,43.09375,5.30859375,43.234375,2.4701004028320312,2.8384933471679688,0
breast_cancer,20,johnson,J,18,569,8390,37.78515625,37.59375,43.09375,5.30859375,43.234375,2.4701004028320312,2.8384933471679688,0
breast_cancer,20,johnson,J,19,569,8390,37.78515625,37.59375,43.09375,5.30859375,43.234375,2.4701004028320312,2.8384933471679688,0
breast_cancer,20,johnson,J,20,569,8390,37.78515625,37.59375,43.09375,5.30859375,43.234375,2.4701004028320312,2.8384933471679688,0
breast_cancer,20,johnson,J,21,569,8390,37.78515625,37.59375,43.09375,5.30859375,43.234375,2.4701004028320312,2.8384933471679688,0
breast_cancer,20,johnson,J,22,569,8390,37.78515625,37.59375,43.09375,5.30859375,43.23828125,2.4701004028320312,2.8384933471679688,0
breast_cancer,20,johnson,J,23,569,8390,37.78515625,37.59375,43.09375,5.30859375,43.23828125,2.4701004028320312,2.8384933471679688,0
breast_cancer,20,johnson,J,24,569,8390,37.7890625,37.59375,43.09375,5.3046875,43.23828125,2.4701004028320312,2.8345870971679688,0
breast_cancer,20,johnson,J,25,569,8390,37.79296875,37.59765625,43.09765625,5.3046875,43.23828125,2.4701004028320312,2.8345870971679688,0
breast_cancer,20,johnson,J,26,569,8390,37.79296875,37.6015625,43.1015625,5.30859375,43.2421875,2.4701004028320312,2.8384933471679688,0
breast_cancer,20,johnson,J,27,569,8390,37.79296875,37.6015625,43.1015625,5.30859375,43.2421875,2.4701004028320312,2.8384933471679688,0
breast_cancer,20,johnson,J,28,569,8390,37.79296875,37.6015625,43.1015625,5.30859375,43.2421875,2.4701004028320312,2.8384933471679688,0
breast_cancer,20,johnson,J,29,569,8390,37.79296875,37.6015625,43.1015625,5.30859375,43.24609375,2.4701004028320312,2.8384933471679688,0
breast_cancer,20,johnson,J,30,569,8390,37.796875,37.6015625,43.1015625,5.3046875,43.24609375,2.4701004028320312,2.8345870971679688,0
breast_cancer,20,dijkstra,D,1,569,8390,37.7578125,37.578125,43.203125,5.4453125,43.33984375,2.4701004028320312,2.9752120971679688,0
breast_cancer,20,dijkstra,D,2,569,8390,37.7578125,37.58203125,43.20703125,5.44921875,43.33984375,2.4701004028320312,2.9791183471679688,0
breast_cancer,20,dijkstra,D,3,569,8390,37.7578125,37.58203125,43.20703125,5.44921875,43.33984375,2.4701004028320312,2.9791183471679688,0
breast_cancer,20,dijkstra,D,4,569,8390,37.7578125,37.58203125,43.20703125,5.44921875,43.33984375,2.4701004028320312,2.9791183471679688,0
breast_cancer,20,dijkstra,D,5,569,8390,37.76171875,37.58203125,43.20703125,5.4453125,43.34375,2.4701004028320312,2.9752120971679688,0
breast_cancer,20,dijkstra,D,6,569,8390,37.76171875,37.5859375,43.2109375,5.44921875,43.34375,2.4701004028320312,2.9791183471679688,0
breast_cancer,20,dijkstra,D,7,569,8390,37.76171875,37.5859375,43.2109375,5.44921875,43.34375,2.4701004028320312,2.9791183471679688,0
breast_cancer,20,dijkstra,D,8,569,8390,37.76171875,37.5859375,43.2109375,5.44921875,43.34375,2.4701004028320312,2.9791183471679688,0
breast_cancer,20,dijkstra,D,9,569,8390,37.76171875,37.5859375,43.2109375,5.44921875,43.34375,2.4701004028320312,2.9791183471679688,0
breast_cancer,20,dijkstra,D,10,569,8390,37.76171875,37.5859375,43.2109375,5.44921875,43.34765625,2.4701004028320312,2.9791183471679688,0
breast_cancer,20,dijkstra,D,11,569,8390,37.76171875,37.5859375,43.2109375,5.44921875,43.34765625,2.4701004028320312,2.9791183471679688,0
breast_cancer,20,dijkstra,D,12,569,8390,37.765625,37.5859375,43.2109375,5.4453125,43.3515625,2.4701004028320312,2.9752120971679688,0
breast_cancer,20,dijkstra,D,13,569,8390,37.76953125,37.58984375,43.21484375,5.4453125,43.3515625,2.4701004028320312,2.9752120971679688,0
breast_cancer,20,dijkstra,D,14,569,8390,37.76953125,37.59375,43.21875,5.44921875,43.35546875,2.4701004028320312,2.9791183471679688,0
breast_cancer,20,dijkstra,D,15,569,8390,37.7734375,37.59375,43.21875,5.4453125,43.359375,2.4701004028320312,2.9752120971679688,0
breast_cancer,20,dijkstra,D,16,569,8390,37.7734375,37.59765625,43.22265625,5.44921875,43.359375,2.4701004028320312,2.9791183471679688,0
breast_cancer,20,dijkstra,D,17,569,8390,37.7734375,37.59765625,43.22265625,5.44921875,43.359375,2.4701004028320312,2.9791183471679688,0
breast_cancer,20,dijkstra,D,18,569,8390,37.7734375,37.59765625,43.22265625,5.44921875,43.359375,2.4701004028320312,2.9791183471679688,0
breast_cancer,20,dijkstra,D,19,569,8390,37.7734375,37.59765625,43.22265625,5.44921875,43.359375,2.4701004028320312,2.9791183471679688,0
breast_cancer,20,dijkstra,D,20,569,8390,37.7734375,37.59765625,43.22265625,5.44921875,43.359375,2.4701004028320312,2.9791183471679688,0
breast_cancer,20,dijkstra,D,21,569,8390,37.7734375,37.59765625,43.22265625,5.44921875,43.36328125,2.4701004028320312,2.9791183471679688,0
breast_cancer,20,dijkstra,D,22,569,8390,37.77734375,37.59765625,43.22265625,5.4453125,43.36328125,2.4701004028320312,2.9752120971679688,0
breast_cancer,20,dijkstra,D,23,569,8390,37.77734375,37.6015625,43.2265625,5.44921875,43.36328125,2.4701004028320312,2.9791183471679688,0
breast_cancer,20,dijkstra,D,24,569,8390,37.77734375,37.6015625,43.2265625,5.44921875,43.36328125,2.4701004028320312,2.9791183471679688,0
breast_cancer,20,dijkstra,D,25,569,8390,37.78125,37.6015625,43.2265625,5.4453125,43.36328125,2.4701004028320312,2.9752120971679688,0
breast_cancer,20,dijkstra,D,26,569,8390,37.78125,37.60546875,43.23046875,5.44921875,43.3671875,2.4701004028320312,2.9791183471679688,0
breast_cancer,20,dijkstra,D,27,569,8390,37.78125,37.60546875,43.23046875,5.44921875,43.3671875,2.4701004028320312,2.9791183471679688,0
breast_cancer,20,dijkstra,D,28,569,8390,37.78125,37.60546875,43.23046875,5.44921875,43.3671875,2.4701004028320312,2.9791183471679688,0
breast_cancer,20,dijkstra,D,29,569,8390,37.78125,37.60546875,43.23046875,5.44921875,43.37109375,2.4701004028320312,2.9791183471679688,0
breast_cancer,20,dijkstra,D,30,569,8390,37.78515625,37.60546875,43.23046875,5.4453125,43.375,2.4701004028320312,2.9752120971679688,0
digits,5,floyd_warshall,FW,1,1797,6427,37.71875,37.60546875,67.3828125,29.6640625,64.59765625,24.63690948486328,5.027153015136719,0
digits,5,floyd_warshall,FW,2,1797,6427,37.71875,37.62109375,67.3828125,29.6640625,64.59765625,24.63690948486328,5.027153015136719,0
digits,5,floyd_warshall,FW,3,1797,6427,37.71875,37.62109375,67.3828125,29.6640625,64.59765625,24.63690948486328,5.027153015136719,0
digits,5,floyd_warshall,FW,4,1797,6427,37.71875,37.62109375,67.3828125,29.6640625,64.59765625,24.63690948486328,5.027153015136719,0
digits,5,floyd_warshall,FW,5,1797,6427,37.72265625,37.62109375,67.38671875,29.6640625,64.6015625,24.63690948486328,5.027153015136719,0
digits,5,floyd_warshall,FW,6,1797,6427,37.72265625,37.625,67.38671875,29.6640625,64.6015625,24.63690948486328,5.027153015136719,0
digits,5,floyd_warshall,FW,7,1797,6427,37.72265625,37.625,67.38671875,29.6640625,64.6015625,24.63690948486328,5.027153015136719,0
digits,5,floyd_warshall,FW,8,1797,6427,37.72265625,37.625,67.38671875,29.6640625,64.6015625,24.63690948486328,5.027153015136719,0
digits,5,floyd_warshall,FW,9,1797,6427,37.72265625,37.625,67.38671875,29.6640625,64.6015625,24.63690948486328,5.027153015136719,0
digits,5,floyd_warshall,FW,10,1797,6427,37.72265625,37.625,67.38671875,29.6640625,64.6015625,24.63690948486328,5.027153015136719,0
digits,5,floyd_warshall,FW,11,1797,6427,37.72265625,37.625,67.38671875,29.6640625,64.6015625,24.63690948486328,5.027153015136719,0
digits,5,floyd_warshall,FW,12,1797,6427,37.72265625,37.625,67.38671875,29.6640625,64.60546875,24.63690948486328,5.027153015136719,0
digits,5,floyd_warshall,FW,13,1797,6427,37.73046875,37.625,67.39453125,29.6640625,64.609375,24.63690948486328,5.027153015136719,0
digits,5,floyd_warshall,FW,14,1797,6427,37.73046875,37.62890625,67.39453125,29.6640625,64.609375,24.63690948486328,5.027153015136719,0
digits,5,floyd_warshall,FW,15,1797,6427,37.734375,37.6328125,67.3984375,29.6640625,64.61328125,24.63690948486328,5.027153015136719,0
digits,5,floyd_warshall,FW,16,1797,6427,37.734375,37.63671875,67.3984375,29.6640625,64.61328125,24.63690948486328,5.027153015136719,0
digits,5,floyd_warshall,FW,17,1797,6427,37.734375,37.63671875,67.3984375,29.6640625,64.61328125,24.63690948486328,5.027153015136719,0
digits,5,floyd_warshall,FW,18,1797,6427,37.734375,37.63671875,67.3984375,29.6640625,64.61328125,24.63690948486328,5.027153015136719,0
digits,5,floyd_warshall,FW,19,1797,6427,37.734375,37.63671875,67.3984375,29.6640625,64.61328125,24.63690948486328,5.027153015136719,0
digits,5,floyd_warshall,FW,20,1797,6427,37.734375,37.63671875,67.3984375,29.6640625,64.61328125,24.63690948486328,5.027153015136719,0
digits,5,floyd_warshall,FW,21,1797,6427,37.734375,37.63671875,67.3984375,29.6640625,64.61328125,24.63690948486328,5.027153015136719,0
digits,5,floyd_warshall,FW,22,1797,6427,37.734375,37.63671875,67.3984375,29.6640625,64.6171875,24.63690948486328,5.027153015136719,0
digits,5,floyd_warshall,FW,23,1797,6427,37.73828125,37.63671875,67.40234375,29.6640625,64.6171875,24.63690948486328,5.027153015136719,0
digits,5,floyd_warshall,FW,24,1797,6427,37.73828125,37.640625,67.40234375,29.6640625,64.6171875,24.63690948486328,5.027153015136719,0
digits,5,floyd_warshall,FW,25,1797,6427,37.7421875,37.640625,67.40625,29.6640625,64.62109375,24.63690948486328,5.027153015136719,0
digits,5,floyd_warshall,FW,26,1797,6427,37.7421875,37.64453125,67.40625,29.6640625,64.62109375,24.63690948486328,5.027153015136719,0
digits,5,floyd_warshall,FW,27,1797,6427,37.7421875,37.64453125,67.40625,29.6640625,64.62109375,24.63690948486328,5.027153015136719,0
digits,5,floyd_warshall,FW,28,1797,6427,37.7421875,37.64453125,67.40625,29.6640625,64.62109375,24.63690948486328,5.027153015136719,0
digits,5,floyd_warshall,FW,29,1797,6427,37.7421875,37.64453125,67.40625,29.6640625,64.62109375,24.63690948486328,5.027153015136719,0
digits,5,floyd_warshall,FW,30,1797,6427,37.74609375,37.64453125,67.41015625,29.6640625,64.625,24.63690948486328,5.027153015136719,0
digits,5,johnson,J,1,1797,6427,37.64453125,37.4375,65.234375,27.58984375,65.375,24.63690948486328,2.9529342651367188,0
digits,5,johnson,J,2,1797,6427,37.64453125,37.44140625,65.234375,27.58984375,65.375,24.63690948486328,2.9529342651367188,0
digits,5,johnson,J,3,1797,6427,37.64453125,37.44140625,65.234375,27.58984375,65.375,24.63690948486328,2.9529342651367188,0
digits,5,johnson,J,4,1797,6427,37.64453125,37.44140625,65.234375,27.58984375,65.375,24.63690948486328,2.9529342651367188,0
digits,5,johnson,J,5,1797,6427,37.6484375,37.44140625,65.23828125,27.58984375,65.37890625,24.63690948486328,2.9529342651367188,0
digits,5,johnson,J,6,1797,6427,37.6484375,37.4453125,65.23828125,27.58984375,65.37890625,24.63690948486328,2.9529342651367188,0
digits,5,johnson,J,7,1797,6427,37.6484375,37.4453125,65.23828125,27.58984375,65.37890625,24.63690948486328,2.9529342651367188,0
digits,5,johnson,J,8,1797,6427,37.6484375,37.4453125,65.23828125,27.58984375,65.3828125,24.63690948486328,2.9529342651367188,0
digits,5,johnson,J,9,1797,6427,37.6484375,37.4453125,65.23828125,27.58984375,65.3828125,24.63690948486328,2.9529342651367188,0
digits,5,johnson,J,10,1797,6427,37.65234375,37.4453125,65.2421875,27.58984375,65.3828125,24.63690948486328,2.9529342651367188,0
digits,5,johnson,J,11,1797,6427,37.65234375,37.44921875,65.2421875,27.58984375,65.3828125,24.63690948486328,2.9529342651367188,0
digits,5,johnson,J,12,1797,6427,37.65234375,37.44921875,65.2421875,27.58984375,65.38671875,24.63690948486328,2.9529342651367188,0
digits,5,johnson,J,13,1797,6427,37.65625,37.44921875,65.24609375,27.58984375,65.38671875,24.63690948486328,2.9529342651367188,0
digits,5,johnson,J,14,1797,6427,37.65625,37.44921875,65.24609375,27.58984375,65.390625,24.63690948486328,2.9529342651367188,0
digits,5,johnson,J,15,1797,6427,37.66015625,37.453125,65.25,27.58984375,65.39453125,24.63690948486328,2.9529342651367188,0
digits,5,johnson,J,16,1797,6427,37.66015625,37.45703125,65.25,27.58984375,65.39453125,24.63690948486328,2.9529342651367188,0
digits,5,johnson,J,17,1797,6427,37.66015625,37.45703125,65.25,27.58984375,65.3984375,24.63690948486328,2.9529342651367188,0
digits,5,johnson,J,18,1797,6427,37.66015625,37.45703125,65.25,27.58984375,65.3984375,24.63690948486328,2.9529342651367188,0
digits,5,johnson,J,19,1797,6427,37.66015625,37.45703125,65.25,27.58984375,65.3984375,24.63690948486328,2.9529342651367188,0
digits,5,johnson,J,20,1797,6427,37.6640625,37.4609375,65.25390625,27.58984375,65.3984375,24.63690948486328,2.9529342651367188,0
digits,5,johnson,J,21,1797,6427,37.6640625,37.4609375,65.25390625,27.58984375,65.3984375,24.63690948486328,2.9529342651367188,0
digits,5,johnson,J,22,1797,6427,37.6640625,37.4609375,65.25390625,27.58984375,65.3984375,24.63690948486328,2.9529342651367188,0
digits,5,johnson,J,23,1797,6427,37.6640625,37.4609375,65.25390625,27.58984375,65.3984375,24.63690948486328,2.9529342651367188,0
digits,5,johnson,J,24,1797,6427,37.6640625,37.4609375,65.25390625,27.58984375,65.3984375,24.63690948486328,2.9529342651367188,0
digits,5,johnson,J,25,1797,6427,37.66796875,37.4609375,65.2578125,27.58984375,65.3984375,24.63690948486328,2.9529342651367188,0
digits,5,johnson,J,26,1797,6427,37.66796875,37.46484375,65.2578125,27.58984375,65.40234375,24.63690948486328,2.9529342651367188,0
digits,5,johnson,J,27,1797,6427,37.66796875,37.46484375,65.2578125,27.58984375,65.40625,24.63690948486328,2.9529342651367188,0
digits,5,johnson,J,28,1797,6427,37.66796875,37.46484375,65.2578125,27.58984375,65.40625,24.63690948486328,2.9529342651367188,0
digits,5,johnson,J,29,1797,6427,37.671875,37.46484375,65.26171875,27.58984375,65.41015625,24.63690948486328,2.9529342651367188,0
digits,5,johnson,J,30,1797,6427,37.67578125,37.46875,65.265625,27.58984375,65.41015625,24.63690948486328,2.9529342651367188,0
digits,5,dijkstra,D,1,1797,6427,37.5703125,37.4296875,65.16015625,27.58984375,65.34765625,24.63690948486328,2.9529342651367188,0
digits,5,dijkstra,D,2,1797,6427,37.57421875,37.43359375,65.16015625,27.5859375,65.34765625,24.63690948486328,2.9490280151367188,0
digits,5,dijkstra,D,3,1797,6427,37.57421875,37.43359375,65.16015625,27.5859375,65.34765625,24.63690948486328,2.9490280151367188,0
digits,5,dijkstra,D,4,1797,6427,37.57421875,37.43359375,65.16015625,27.5859375,65.34765625,24.63690948486328,2.9490280151367188,0
digits,5,dijkstra,D,5,1797,6427,37.578125,37.43359375,65.1640625,27.5859375,65.3515625,24.63690948486328,2.9490280151367188,0
digits,5,dijkstra,D,6,1797,6427,37.578125,37.4375,65.1640625,27.5859375,65.3515625,24.63690948486328,2.9490280151367188,0
digits,5,dijkstra,D,7,1797,6427,37.578125,37.4375,65.1640625,27.5859375,65.3515625,24.63690948486328,2.9490280151367188,0
digits,5,dijkstra,D,8,1797,6427,37.578125,37.4375,65.1640625,27.5859375,65.35546875,24.63690948486328,2.9490280151367188,0
digits,5,dijkstra,D,9,1797,6427,37.578125,37.4375,65.16796875,27.58984375,65.35546875,24.63690948486328,2.9529342651367188,0
digits,5,dijkstra,D,10,1797,6427,37.58203125,37.4375,65.16796875,27.5859375,65.35546875,24.63690948486328,2.9490280151367188,0
digits,5,dijkstra,D,11,1797,6427,37.58203125,37.4375,65.16796875,27.5859375,65.35546875,24.63690948486328,2.9490280151367188,0
digits,5,dijkstra,D,12,1797,6427,37.58203125,37.44140625,65.16796875,27.5859375,65.35546875,24.63690948486328,2.9490280151367188,0
digits,5,dijkstra,D,13,1797,6427,37.58203125,37.44140625,65.16796875,27.5859375,65.35546875,24.63690948486328,2.9490280151367188,0
digits,5,dijkstra,D,14,1797,6427,37.58203125,37.44140625,65.16796875,27.5859375,65.359375,24.63690948486328,2.9490280151367188,0
digits,5,dijkstra,D,15,1797,6427,37.5859375,37.44140625,65.171875,27.5859375,65.36328125,24.63690948486328,2.9490280151367188,0
digits,5,dijkstra,D,16,1797,6427,37.5859375,37.4453125,65.171875,27.5859375,65.3671875,24.63690948486328,2.9490280151367188,0
digits,5,dijkstra,D,17,1797,6427,37.58984375,37.4453125,65.17578125,27.5859375,65.3671875,24.63690948486328,2.9490280151367188,0
digits,5,dijkstra,D,18,1797,6427,37.58984375,37.44921875,65.17578125,27.5859375,65.3671875,24.63690948486328,2.9490280151367188,0
digits,5,dijkstra,D,19,1797,6427,37.58984375,37.44921875,65.17578125,27.5859375,65.3671875,24.63690948486328,2.9490280151367188,0
digits,5,dijkstra,D,20,1797,6427,37.58984375,37.44921875,65.17578125,27.5859375,65.3671875,24.63690948486328,2.9490280151367188,0
digits,5,dijkstra,D,21,1797,6427,37.58984375,37.44921875,65.17578125,27.5859375,65.3671875,24.63690948486328,2.9490280151367188,0
digits,5,dijkstra,D,22,1797,6427,37.58984375,37.44921875,65.17578125,27.5859375,65.3671875,24.63690948486328,2.9490280151367188,0
digits,5,dijkstra,D,23,1797,6427,37.58984375,37.44921875,65.17578125,27.5859375,65.3671875,24.63690948486328,2.9490280151367188,0
digits,5,dijkstra,D,24,1797,6427,37.58984375,37.44921875,65.17578125,27.5859375,65.3671875,24.63690948486328,2.9490280151367188,0
digits,5,dijkstra,D,25,1797,6427,37.59375,37.44921875,65.1796875,27.5859375,65.37109375,24.63690948486328,2.9490280151367188,0
digits,5,dijkstra,D,26,1797,6427,37.59765625,37.453125,65.18359375,27.5859375,65.375,24.63690948486328,2.9490280151367188,0
digits,5,dijkstra,D,27,1797,6427,37.59765625,37.45703125,65.18359375,27.5859375,65.375,24.63690948486328,2.9490280151367188,0
digits,5,dijkstra,D,28,1797,6427,37.59765625,37.45703125,65.18359375,27.5859375,65.375,24.63690948486328,2.9490280151367188,0
digits,5,dijkstra,D,29,1797,6427,37.59765625,37.45703125,65.18359375,27.5859375,65.37890625,24.63690948486328,2.9490280151367188,0
digits,5,dijkstra,D,30,1797,6427,37.6015625,37.45703125,65.1875,27.5859375,65.37890625,24.63690948486328,2.9490280151367188,0
digits,10,floyd_warshall,FW,1,1797,12618,37.71875,37.5859375,67.62109375,29.90234375,64.87109375,24.63690948486328,5.265434265136719,0
digits,10,floyd_warshall,FW,2,1797,12618,37.71875,37.59375,67.62109375,29.90234375,64.87109375,24.63690948486328,5.265434265136719,0
digits,10,floyd_warshall,FW,3,1797,12618,37.71875,37.59375,67.62109375,29.90234375,64.87109375,24.63690948486328,5.265434265136719,0
digits,10,floyd_warshall,FW,4,1797,12618,37.71875,37.59375,67.62109375,29.90234375,64.87109375,24.63690948486328,5.265434265136719,0
digits,10,floyd_warshall,FW,5,1797,12618,37.72265625,37.59375,67.625,29.90234375,64.875,24.63690948486328,5.265434265136719,0
digits,10,floyd_warshall,FW,6,1797,12618,37.72265625,37.59765625,67.625,29.90234375,64.875,24.63690948486328,5.265434265136719,0
digits,10,floyd_warshall,FW,7,1797,12618,37.72265625,37.59765625,67.625,29.90234375,64.875,24.63690948486328,5.265434265136719,0
digits,10,floyd_warshall,FW,8,1797,12618,37.72265625,37.59765625,67.625,29.90234375,64.875,24.63690948486328,5.265434265136719,0
digits,10,floyd_warshall,FW,9,1797,12618,37.72265625,37.59765625,67.625,29.90234375,64.875,24.63690948486328,5.265434265136719,0
digits,10,floyd_warshall,FW,10,1797,12618,37.72265625,37.59765625,67.625,29.90234375,64.875,24.63690948486328,5.265434265136719,0
digits,10,floyd_warshall,FW,11,1797,12618,37.72265625,37.59765625,67.625,29.90234375,64.875,24.63690948486328,5.265434265136719,0
digits,10,floyd_warshall,FW,12,1797,12618,37.72265625,37.59765625,67.625,29.90234375,64.87890625,24.63690948486328,5.265434265136719,0
digits,10,floyd_warshall,FW,13,1797,12618,37.72265625,37.59765625,67.625,29.90234375,64.87890625,24.63690948486328,5.265434265136719,0
digits,10,floyd_warshall,FW,14,1797,12618,37.7265625,37.59765625,67.62890625,29.90234375,64.87890625,24.63690948486328,5.265434265136719,0
digits,10,floyd_warshall,FW,15,1797,12618,37.73046875,37.59765625,67.6328125,29.90234375,64.8828125,24.63690948486328,5.265434265136719,0
digits,10,floyd_warshall,FW,16,1797,12618,37.73046875,37.60546875,67.6328125,29.90234375,64.8828125,24.63690948486328,5.265434265136719,0
digits,10,floyd_warshall,FW,17,1797,12618,37.73046875,37.60546875,67.6328125,29.90234375,64.8828125,24.63690948486328,5.265434265136719,0
digits,10,floyd_warshall,FW,18,1797,12618,37.734375,37.60546875,67.63671875,29.90234375,64.88671875,24.63690948486328,5.265434265136719,0
digits,10,floyd_warshall,FW,19,1797,12618,37.734375,37.609375,67.63671875,29.90234375,64.88671875,24.63690948486328,5.265434265136719,0
digits,10,floyd_warshall,FW,20,1797,12618,37.734375,37.609375,67.63671875,29.90234375,64.88671875,24.63690948486328,5.265434265136719,0
digits,10,floyd_warshall,FW,21,1797,12618,37.734375,37.609375,67.63671875,29.90234375,64.88671875,24.63690948486328,5.265434265136719,0
digits,10,floyd_warshall,FW,22,1797,12618,37.734375,37.609375,67.63671875,29.90234375,64.88671875,24.63690948486328,5.265434265136719,0
digits,10,floyd_warshall,FW,23,1797,12618,37.734375,37.609375,67.63671875,29.90234375,64.88671875,24.63690948486328,5.265434265136719,0
digits,10,floyd_warshall,FW,24,1797,12618,37.734375,37.609375,67.63671875,29.90234375,64.88671875,24.63690948486328,5.265434265136719,0
digits,10,floyd_warshall,FW,25,1797,12618,37.73828125,37.609375,67.640625,29.90234375,64.890625,24.63690948486328,5.265434265136719,0
digits,10,floyd_warshall,FW,26,1797,12618,37.73828125,37.61328125,67.640625,29.90234375,64.890625,24.63690948486328,5.265434265136719,0
digits,10,floyd_warshall,FW,27,1797,12618,37.73828125,37.61328125,67.64453125,29.90625,64.89453125,24.63690948486328,5.269340515136719,0
digits,10,floyd_warshall,FW,28,1797,12618,37.7421875,37.6171875,67.64453125,29.90234375,64.89453125,24.63690948486328,5.265434265136719,0
digits,10,floyd_warshall,FW,29,1797,12618,37.7421875,37.6171875,67.64453125,29.90234375,64.89453125,24.63690948486328,5.265434265136719,0
digits,10,floyd_warshall,FW,30,1797,12618,37.74609375,37.6171875,67.6484375,29.90234375,64.8984375,24.63690948486328,5.265434265136719,0
digits,10,johnson,J,1,1797,12618,37.84765625,37.73046875,65.76953125,27.921875,65.85546875,24.63690948486328,3.2849655151367188,0
digits,10,johnson,J,2,1797,12618,37.84765625,37.734375,65.76953125,27.921875,65.85546875,24.63690948486328,3.2849655151367188,0
digits,10,johnson,J,3,1797,12618,37.84765625,37.734375,65.76953125,27.921875,65.85546875,24.63690948486328,3.2849655151367188,0
digits,10,johnson,J,4,1797,12618,37.84765625,37.734375,65.76953125,27.921875,65.85546875,24.63690948486328,3.2849655151367188,0
digits,10,johnson,J,5,1797,12618,37.8515625,37.734375,65.7734375,27.921875,65.859375,24.63690948486328,3.2849655151367188,0
digits,10,johnson,J,6,1797,12618,37.8515625,37.73828125,65.7734375,27.921875,65.859375,24.63690948486328,3.2849655151367188,0
digits,10,johnson,J,7,1797,12618,37.8515625,37.73828125,65.7734375,27.921875,65.86328125,24.63690948486328,3.2849655151367188,0
digits,10,johnson,J,8,1797,12618,37.8515625,37.73828125,65.7734375,27.921875,65.86328125,24.63690948486328,3.2849655151367188,0
digits,10,johnson,J,9,1797,12618,37.85546875,37.73828125,65.77734375,27.921875,65.86328125,24.63690948486328,3.2849655151367188,0
digits,10,johnson,J,10,1797,12618,37.85546875,37.7421875,65.77734375,27.921875,65.86328125,24.63690948486328,3.2849655151367188,0
digits,10,johnson,J,11,1797,12618,37.85546875,37.7421875,65.77734375,27.921875,65.86328125,24.63690948486328,3.2849655151367188,0
digits,10,johnson,J,12,1797,12618,37.85546875,37.7421875,65.77734375,27.921875,65.86328125,24.63690948486328,3.2849655151367188,0
digits,10,johnson,J,13,1797,12618,37.85546875,37.7421875,65.77734375,27.921875,65.8671875,24.63690948486328,3.2849655151367188,0
digits,10,johnson,J,14,1797,12618,37.859375,37.7421875,65.78125,27.921875,65.87109375,24.63690948486328,3.2849655151367188,0
digits,10,johnson,J,15,1797,12618,37.86328125,37.7421875,65.78515625,27.921875,65.875,24.63690948486328,3.2849655151367188,0
digits,10,johnson,J,16,1797,12618,37.86328125,37.74609375,65.78515625,27.921875,65.875,24.63690948486328,3.2849655151367188,0
digits,10,johnson,J,17,1797,12618,37.86328125,37.75,65.78515625,27.921875,65.87890625,24.63690948486328,3.2849655151367188,0
digits,10,johnson,J,18,1797,12618,37.86328125,37.75,65.78515625,27.921875,65.87890625,24.63690948486328,3.2849655151367188,0
digits,10,johnson,J,19,1797,12618,37.8671875,37.75390625,65.7890625,27.921875,65.87890625,24.63690948486328,3.2849655151367188,0
digits,10,johnson,J,20,1797,12618,37.8671875,37.75390625,65.7890625,27.921875,65.87890625,24.63690948486328,3.2849655151367188,0
digits,10,johnson,J,21,1797,12618,37.8671875,37.75390625,65.7890625,27.921875,65.87890625,24.63690948486328,3.2849655151367188,0
digits,10,johnson,J,22,1797,12618,37.8671875,37.75390625,65.7890625,27.921875,65.87890625,24.63690948486328,3.2849655151367188,0
digits,10,johnson,J,23,1797,12618,37.8671875,37.75390625,65.7890625,27.921875,65.87890625,24.63690948486328,3.2849655151367188,0
digits,10,johnson,J,24,1797,12618,37.8671875,37.75390625,65.7890625,27.921875,65.87890625,24.63690948486328,3.2849655151367188,0
digits,10,johnson,J,25,1797,12618,37.87109375,37.75390625,65.79296875,27.921875,65.87890625,24.63690948486328,3.2849655151367188,0
digits,10,johnson,J,26,1797,12618,37.87109375,37.7578125,65.79296875,27.921875,65.88671875,24.63690948486328,3.2849655151367188,0
digits,10,johnson,J,27,1797,12618,37.87109375,37.7578125,65.79296875,27.921875,65.88671875,24.63690948486328,3.2849655151367188,0
digits,10,johnson,J,28,1797,12618,37.875,37.76171875,65.796875,27.921875,65.88671875,24.63690948486328,3.2849655151367188,0
digits,10,johnson,J,29,1797,12618,37.875,37.76171875,65.796875,27.921875,65.890625,24.63690948486328,3.2849655151367188,0
digits,10,johnson,J,30,1797,12618,37.87890625,37.76171875,65.80078125,27.921875,65.890625,24.63690948486328,3.2849655151367188,0
digits,10,dijkstra,D,1,1797,12618,37.671875,37.5625,65.65234375,27.98046875,65.73046875,24.63690948486328,3.3435592651367188,0
digits,10,dijkstra,D,2,1797,12618,37.67578125,37.57421875,65.65234375,27.9765625,65.73046875,24.63690948486328,3.3396530151367188,0
digits,10,dijkstra,D,3,1797,12618,37.67578125,37.57421875,65.65234375,27.9765625,65.73046875,24.63690948486328,3.3396530151367188,0
digits,10,dijkstra,D,4,1797,12618,37.67578125,37.57421875,65.65234375,27.9765625,65.73046875,24.63690948486328,3.3396530151367188,0
digits,10,dijkstra,D,5,1797,12618,37.6796875,37.57421875,65.65625,27.9765625,65.734375,24.63690948486328,3.3396530151367188,0
digits,10,dijkstra,D,6,1797,12618,37.6796875,37.578125,65.65625,27.9765625,65.734375,24.63690948486328,3.3396530151367188,0
digits,10,dijkstra,D,7,1797,12618,37.6796875,37.578125,65.65625,27.9765625,65.734375,24.63690948486328,3.3396530151367188,0
digits,10,dijkstra,D,8,1797,12618,37.6796875,37.578125,65.65625,27.9765625,65.734375,24.63690948486328,3.3396530151367188,0
digits,10,dijkstra,D,9,1797,12618,37.6796875,37.578125,65.65625,27.9765625,65.734375,24.63690948486328,3.3396530151367188,0
digits,10,dijkstra,D,10,1797,12618,37.6796875,37.578125,65.65625,27.9765625,65.734375,24.63690948486328,3.3396530151367188,0
digits,10,dijkstra,D,11,1797,12618,37.6796875,37.578125,65.65625,27.9765625,65.734375,24.63690948486328,3.3396530151367188,0
digits,10,dijkstra,D,12,1797,12618,37.68359375,37.578125,65.66015625,27.9765625,65.7421875,24.63690948486328,3.3396530151367188,0
digits,10,dijkstra,D,13,1797,12618,37.6875,37.58203125,65.6640625,27.9765625,65.7421875,24.63690948486328,3.3396530151367188,0
digits,10,dijkstra,D,14,1797,12618,37.6875,37.58203125,65.6640625,27.9765625,65.74609375,24.63690948486328,3.3396530151367188,0
digits,10,dijkstra,D,15,1797,12618,37.69140625,37.58203125,65.66796875,27.9765625,65.75,24.63690948486328,3.3396530151367188,0
digits,10,dijkstra,D,16,1797,12618,37.69140625,37.58984375,65.66796875,27.9765625,65.75,24.63690948486328,3.3396530151367188,0
digits,10,dijkstra,D,17,1797,12618,37.69140625,37.58984375,65.66796875,27.9765625,65.75,24.63690948486328,3.3396530151367188,0
digits,10,dijkstra,D,18,1797,12618,37.69140625,37.58984375,65.66796875,27.9765625,65.75,24.63690948486328,3.3396530151367188,0
digits,10,dijkstra,D,19,1797,12618,37.69140625,37.58984375,65.66796875,27.9765625,65.75,24.63690948486328,3.3396530151367188,0
digits,10,dijkstra,D,20,1797,12618,37.69140625,37.58984375,65.66796875,27.9765625,65.75,24.63690948486328,3.3396530151367188,0
digits,10,dijkstra,D,21,1797,12618,37.6953125,37.58984375,65.671875,27.9765625,65.75390625,24.63690948486328,3.3396530151367188,0
digits,10,dijkstra,D,22,1797,12618,37.6953125,37.59375,65.671875,27.9765625,65.75390625,24.63690948486328,3.3396530151367188,0
digits,10,dijkstra,D,23,1797,12618,37.6953125,37.59375,65.671875,27.9765625,65.75390625,24.63690948486328,3.3396530151367188,0
digits,10,dijkstra,D,24,1797,12618,37.6953125,37.59375,65.671875,27.9765625,65.75390625,24.63690948486328,3.3396530151367188,0
digits,10,dijkstra,D,25,1797,12618,37.69921875,37.59375,65.67578125,27.9765625,65.75390625,24.63690948486328,3.3396530151367188,0
digits,10,dijkstra,D,26,1797,12618,37.69921875,37.59765625,65.67578125,27.9765625,65.7578125,24.63690948486328,3.3396530151367188,0
digits,10,dijkstra,D,27,1797,12618,37.69921875,37.59765625,65.67578125,27.9765625,65.7578125,24.63690948486328,3.3396530151367188,0
digits,10,dijkstra,D,28,1797,12618,37.69921875,37.59765625,65.67578125,27.9765625,65.7578125,24.63690948486328,3.3396530151367188,0
digits,10,dijkstra,D,29,1797,12618,37.69921875,37.59765625,65.67578125,27.9765625,65.76171875,24.63690948486328,3.3396530151367188,0
digits,10,dijkstra,D,30,1797,12618,37.70703125,37.59765625,65.68359375,27.9765625,65.765625,24.63690948486328,3.3396530151367188,0
digits,20,floyd_warshall,FW,1,1797,24927,38.09375,37.90625,68.0625,29.96875,65.37890625,24.63690948486328,5.331840515136719,0
digits,20,floyd_warshall,FW,2,1797,24927,38.09375,37.91015625,68.0625,29.96875,65.37890625,24.63690948486328,5.331840515136719,0
digits,20,floyd_warshall,FW,3,1797,24927,38.09375,37.91015625,68.0625,29.96875,65.37890625,24.63690948486328,5.331840515136719,0
digits,20,floyd_warshall,FW,4,1797,24927,38.09375,37.91015625,68.0625,29.96875,65.37890625,24.63690948486328,5.331840515136719,0
digits,20,floyd_warshall,FW,5,1797,24927,38.09765625,37.91015625,68.06640625,29.96875,65.3828125,24.63690948486328,5.331840515136719,0
digits,20,floyd_warshall,FW,6,1797,24927,38.09765625,37.9140625,68.06640625,29.96875,65.3828125,24.63690948486328,5.331840515136719,0
digits,20,floyd_warshall,FW,7,1797,24927,38.09765625,37.9140625,68.06640625,29.96875,65.3828125,24.63690948486328,5.331840515136719,0
digits,20,floyd_warshall,FW,8,1797,24927,38.09765625,37.9140625,68.06640625,29.96875,65.3828125,24.63690948486328,5.331840515136719,0
digits,20,floyd_warshall,FW,9,1797,24927,38.09765625,37.9140625,68.06640625,29.96875,65.3828125,24.63690948486328,5.331840515136719,0
digits,20,floyd_warshall,FW,10,1797,24927,38.09765625,37.9140625,68.06640625,29.96875,65.38671875,24.63690948486328,5.331840515136719,0
digits,20,floyd_warshall,FW,11,1797,24927,38.09765625,37.9140625,68.06640625,29.96875,65.38671875,24.63690948486328,5.331840515136719,0
digits,20,floyd_warshall,FW,12,1797,24927,38.1015625,37.9140625,68.0703125,29.96875,65.38671875,24.63690948486328,5.331840515136719,0
digits,20,floyd_warshall,FW,13,1797,24927,38.1015625,37.9140625,68.0703125,29.96875,65.38671875,24.63690948486328,5.331840515136719,0
digits,20,floyd_warshall,FW,14,1797,24927,38.1015625,37.91796875,68.0703125,29.96875,65.390625,24.63690948486328,5.331840515136719,0
digits,20,floyd_warshall,FW,15,1797,24927,38.109375,37.91796875,68.078125,29.96875,65.39453125,24.63690948486328,5.331840515136719,0
digits,20,floyd_warshall,FW,16,1797,24927,38.109375,37.92578125,68.078125,29.96875,65.39453125,24.63690948486328,5.331840515136719,0
digits,20,floyd_warshall,FW,17,1797,24927,38.109375,37.92578125,68.078125,29.96875,65.39453125,24.63690948486328,5.331840515136719,0
digits,20,floyd_warshall,FW,18,1797,24927,38.109375,37.92578125,68.078125,29.96875,65.39453125,24.63690948486328,5.331840515136719,0
digits,20,floyd_warshall,FW,19,1797,24927,38.109375,37.92578125,68.078125,29.96875,65.39453125,24.63690948486328,5.331840515136719,0
digits,20,floyd_warshall,FW,20,1797,24927,38.109375,37.92578125,68.078125,29.96875,65.39453125,24.63690948486328,5.331840515136719,0
digits,20,floyd_warshall,FW,21,1797,24927,38.109375,37.92578125,68.078125,29.96875,65.39453125,24.63690948486328,5.331840515136719,0
digits,20,floyd_warshall,FW,22,1797,24927,38.109375,37.92578125,68.078125,29.96875,65.39453125,24.63690948486328,5.331840515136719,0
digits,20,floyd_warshall,FW,23,1797,24927,38.109375,37.92578125,68.078125,29.96875,65.39453125,24.63690948486328,5.331840515136719,0
digits,20,floyd_warshall,FW,24,1797,24927,38.11328125,37.92578125,68.08203125,29.96875,65.3984375,24.63690948486328,5.331840515136719,0
digits,20,floyd_warshall,FW,25,1797,24927,38.1171875,37.9296875,68.0859375,29.96875,65.40234375,24.63690948486328,5.331840515136719,0
digits,20,floyd_warshall,FW,26,1797,24927,38.1171875,37.93359375,68.0859375,29.96875,65.40234375,24.63690948486328,5.331840515136719,0
digits,20,floyd_warshall,FW,27,1797,24927,38.1171875,37.93359375,68.0859375,29.96875,65.40234375,24.63690948486328,5.331840515136719,0
digits,20,floyd_warshall,FW,28,1797,24927,38.1171875,37.93359375,68.0859375,29.96875,65.40234375,24.63690948486328,5.331840515136719,0
digits,20,floyd_warshall,FW,29,1797,24927,38.1171875,37.93359375,68.0859375,29.96875,65.40234375,24.63690948486328,5.331840515136719,0
digits,20,floyd_warshall,FW,30,1797,24927,38.12109375,37.93359375,68.08984375,29.96875,65.40625,24.63690948486328,5.331840515136719,0
digits,20,johnson,J,1,1797,24927,38.05859375,37.91796875,66.59765625,28.5390625,66.734375,24.63690948486328,3.902153015136719,0
digits,20,johnson,J,2,1797,24927,38.05859375,37.921875,66.59765625,28.5390625,66.734375,24.63690948486328,3.902153015136719,0
digits,20,johnson,J,3,1797,24927,38.05859375,37.921875,66.59765625,28.5390625,66.734375,24.63690948486328,3.902153015136719,0
digits,20,johnson,J,4,1797,24927,38.05859375,37.921875,66.59765625,28.5390625,66.734375,24.63690948486328,3.902153015136719,0
digits,20,johnson,J,5,1797,24927,38.0625,37.921875,66.6015625,28.5390625,66.73828125,24.63690948486328,3.902153015136719,0
digits,20,johnson,J,6,1797,24927,38.0625,37.92578125,66.6015625,28.5390625,66.73828125,24.63690948486328,3.902153015136719,0
digits,20,johnson,J,7,1797,24927,38.0625,37.92578125,66.6015625,28.5390625,66.73828125,24.63690948486328,3.902153015136719,0
digits,20,johnson,J,8,1797,24927,38.0625,37.92578125,66.6015625,28.5390625,66.73828125,24.63690948486328,3.902153015136719,0
digits,20,johnson,J,9,1797,24927,38.0625,37.92578125,66.6015625,28.5390625,66.7421875,24.63690948486328,3.902153015136719,0
digits,20,johnson,J,10,1797,24927,38.0625,37.92578125,66.6015625,28.5390625,66.7421875,24.63690948486328,3.902153015136719,0
digits,20,johnson,J,11,1797,24927,38.06640625,37.92578125,66.60546875,28.5390625,66.74609375,24.63690948486328,3.902153015136719,0
digits,20,johnson,J,12,1797,24927,38.06640625,37.9296875,66.60546875,28.5390625,66.74609375,24.63690948486328,3.902153015136719,0
digits,20,johnson,J,13,1797,24927,38.0703125,37.9296875,66.609375,28.5390625,66.74609375,24.63690948486328,3.902153015136719,0
digits,20,johnson,J,14,1797,24927,38.0703125,37.9296875,66.609375,28.5390625,66.75,24.63690948486328,3.902153015136719,0
digits,20,johnson,J,15,1797,24927,38.07421875,37.93359375,66.61328125,28.5390625,66.75390625,24.63690948486328,3.902153015136719,0
digits,20,johnson,J,16,1797,24927,38.07421875,37.9375,66.61328125,28.5390625,66.75390625,24.63690948486328,3.902153015136719,0
digits,20,johnson,J,17,1797,24927,38.07421875,37.9375,66.61328125,28.5390625,66.75390625,24.63690948486328,3.902153015136719,0
digits,20,johnson,J,18,1797,24927,38.07421875,37.9375,66.61328125,28.5390625,66.75390625,24.63690948486328,3.902153015136719,0
digits,20,johnson,J,19,1797,24927,38.07421875,37.9375,66.61328125,28.5390625,66.7578125,24.63690948486328,3.902153015136719,0
digits,20,johnson,J,20,1797,24927,38.078125,37.9375,66.6171875,28.5390625,66.7578125,24.63690948486328,3.902153015136719,0
digits,20,johnson,J,21,1797,24927,38.078125,37.94140625,66.6171875,28.5390625,66.7578125,24.63690948486328,3.902153015136719,0
digits,20,johnson,J,22,1797,24927,38.078125,37.94140625,66.6171875,28.5390625,66.7578125,24.63690948486328,3.902153015136719,0
digits,20,johnson,J,23,1797,24927,38.078125,37.94140625,66.6171875,28.5390625,66.7578125,24.63690948486328,3.902153015136719,0
digits,20,johnson,J,24,1797,24927,38.078125,37.94140625,66.6171875,28.5390625,66.7578125,24.63690948486328,3.902153015136719,0
digits,20,johnson,J,25,1797,24927,38.08203125,37.94140625,66.62109375,28.5390625,66.7578125,24.63690948486328,3.902153015136719,0
digits,20,johnson,J,26,1797,24927,38.08203125,37.9453125,66.62109375,28.5390625,66.76171875,24.63690948486328,3.902153015136719,0
digits,20,johnson,J,27,1797,24927,38.08203125,37.9453125,66.62109375,28.5390625,66.76171875,24.63690948486328,3.902153015136719,0
digits,20,johnson,J,28,1797,24927,38.08203125,37.9453125,66.62109375,28.5390625,66.765625,24.63690948486328,3.902153015136719,0
digits,20,johnson,J,29,1797,24927,38.08203125,37.9453125,66.62109375,28.5390625,66.76953125,24.63690948486328,3.902153015136719,0
digits,20,johnson,J,30,1797,24927,38.08984375,37.94921875,66.62890625,28.5390625,66.76953125,24.63690948486328,3.902153015136719,0
digits,20,dijkstra,D,1,1797,24927,38.1171875,37.96484375,66.08984375,27.97265625,66.265625,24.63690948486328,3.3357467651367188,0
digits,20,dijkstra,D,2,1797,24927,38.1171875,37.97265625,66.08984375,27.97265625,66.265625,24.63690948486328,3.3357467651367188,0
digits,20,dijkstra,D,3,1797,24927,38.1171875,37.97265625,66.08984375,27.97265625,66.265625,24.63690948486328,3.3357467651367188,0
digits,20,dijkstra,D,4,1797,24927,38.1171875,37.97265625,66.08984375,27.97265625,66.265625,24.63690948486328,3.3357467651367188,0
digits,20,dijkstra,D,5,1797,24927,38.12109375,37.97265625,66.09375,27.97265625,66.26953125,24.63690948486328,3.3357467651367188,0
digits,20,dijkstra,D,6,1797,24927,38.12109375,37.9765625,66.09375,27.97265625,66.26953125,24.63690948486328,3.3357467651367188,0
digits,20,dijkstra,D,7,1797,24927,38.12109375,37.9765625,66.09375,27.97265625,66.26953125,24.63690948486328,3.3357467651367188,0
digits,20,dijkstra,D,8,1797,24927,38.12109375,37.9765625,66.09375,27.97265625,66.26953125,24.63690948486328,3.3357467651367188,0
digits,20,dijkstra,D,9,1797,24927,38.12109375,37.9765625,66.09375,27.97265625,66.26953125,24.63690948486328,3.3357467651367188,0
digits,20,dijkstra,D,10,1797,24927,38.12109375,37.9765625,66.09375,27.97265625,66.2734375,24.63690948486328,3.3357467651367188,0
digits,20,dijkstra,D,11,1797,24927,38.125,37.9765625,66.09765625,27.97265625,66.2734375,24.63690948486328,3.3357467651367188,0
digits,20,dijkstra,D,12,1797,24927,38.125,37.9765625,66.09765625,27.97265625,66.2734375,24.63690948486328,3.3357467651367188,0
digits,20,dijkstra,D,13,1797,24927,38.125,37.9765625,66.09765625,27.97265625,66.2734375,24.63690948486328,3.3357467651367188,0
digits,20,dijkstra,D,14,1797,24927,38.125,37.98046875,66.09765625,27.97265625,66.28125,24.63690948486328,3.3357467651367188,0
digits,20,dijkstra,D,15,1797,24927,38.1328125,37.98046875,66.10546875,27.97265625,66.28515625,24.63690948486328,3.3357467651367188,0
digits,20,dijkstra,D,16,1797,24927,38.1328125,37.98828125,66.10546875,27.97265625,66.28515625,24.63690948486328,3.3357467651367188,0
digits,20,dijkstra,D,17,1797,24927,38.1328125,37.98828125,66.10546875,27.97265625,66.28515625,24.63690948486328,3.3357467651367188,0
digits,20,dijkstra,D,18,1797,24927,38.1328125,37.98828125,66.10546875,27.97265625,66.28515625,24.63690948486328,3.3357467651367188,0
digits,20,dijkstra,D,19,1797,24927,38.1328125,37.98828125,66.10546875,27.97265625,66.28515625,24.63690948486328,3.3357467651367188,0
digits,20,dijkstra,D,20,1797,24927,38.1328125,37.98828125,66.10546875,27.97265625,66.28515625,24.63690948486328,3.3357467651367188,0
digits,20,dijkstra,D,21,1797,24927,38.1328125,37.98828125,66.10546875,27.97265625,66.28515625,24.63690948486328,3.3357467651367188,0
digits,20,dijkstra,D,22,1797,24927,38.1328125,37.98828125,66.10546875,27.97265625,66.28515625,24.63690948486328,3.3357467651367188,0
digits,20,dijkstra,D,23,1797,24927,38.1328125,37.98828125,66.10546875,27.97265625,66.2890625,24.63690948486328,3.3357467651367188,0
digits,20,dijkstra,D,24,1797,24927,38.13671875,37.98828125,66.109375,27.97265625,66.2890625,24.63690948486328,3.3357467651367188,0
digits,20,dijkstra,D,25,1797,24927,38.140625,37.9921875,66.11328125,27.97265625,66.2890625,24.63690948486328,3.3357467651367188,0
digits,20,dijkstra,D,26,1797,24927,38.140625,37.99609375,66.11328125,27.97265625,66.29296875,24.63690948486328,3.3357467651367188,0
digits,20,dijkstra,D,27,1797,24927,38.140625,37.99609375,66.11328125,27.97265625,66.29296875,24.63690948486328,3.3357467651367188,0
digits,20,dijkstra,D,28,1797,24927,38.140625,37.99609375,66.11328125,27.97265625,66.29296875,24.63690948486328,3.3357467651367188,0
digits,20,dijkstra,D,29,1797,24927,38.140625,37.99609375,66.11328125,27.97265625,66.296875,24.63690948486328,3.3357467651367188,0
digits,20,dijkstra,D,30,1797,24927,38.14453125,37.99609375,66.1171875,27.97265625,66.296875,24.63690948486328,3.3357467651367188,0
