dataset,k,seed_id,algorithm,method,repeat,batch_iterations,wall_time_s,cpu_time_s,cpu_wall_ratio,affinity_cpu,nodes,edges
digits_n100,5,0,johnson,J,1,24,0.0019695675833333,0.0019700749583333,1.000257607306443,0,100,333
digits_n100,5,0,dijkstra,D,1,25,0.00176680412,0.00176684488,1.0000230699031876,0,100,333
digits_n100,5,0,floyd_warshall,FW,1,40,0.0012476869,0.0012472744,0.999669388209494,0,100,333
digits_n100,5,0,johnson,J,2,24,0.0020140298333333,0.0020145024166666,1.0002346456470066,0,100,333
digits_n100,5,0,dijkstra,D,2,25,0.0018219359199999,0.00182198584,1.0000273994268691,0,100,333
digits_n100,5,0,floyd_warshall,FW,2,40,0.001237644925,0.0012373864749999,0.9997911759707656,0,100,333
digits_n100,5,0,dijkstra,D,3,25,0.00179014812,0.00179021536,1.0000375611376784,0,100,333
digits_n100,5,0,floyd_warshall,FW,3,40,0.0013488905,0.00134774145,0.9991481517587972,0,100,333
digits_n100,5,0,johnson,J,3,24,0.0020365744583333,0.0020366147083333,1.0000197635789034,0,100,333
digits_n100,5,0,johnson,J,4,24,0.0020319566666666,0.0020319889583333,1.0000158919071438,0,100,333
digits_n100,5,0,dijkstra,D,4,25,0.0018092315999999,0.0018092539199999,1.000012336729029,0,100,333
digits_n100,5,0,floyd_warshall,FW,4,40,0.0012921350999999,0.0012921386749999,1.0000027667385554,0,100,333
digits_n100,5,0,dijkstra,D,5,25,0.00175046072,0.00175049528,1.0000197433736189,0,100,333
digits_n100,5,0,floyd_warshall,FW,5,40,0.001228866375,0.00122887305,1.0000054318354996,0,100,333
digits_n100,5,0,johnson,J,5,24,0.0019570404583333,0.00195704525,1.00000244842494,0,100,333
digits_n100,5,0,floyd_warshall,FW,6,40,0.0012603421999999,0.0012606782,1.0002665942630502,0,100,333
digits_n100,5,0,johnson,J,6,24,0.0019535822916666,0.0019536582916666,1.0000389028915362,0,100,333
digits_n100,5,0,dijkstra,D,6,25,0.00175109488,0.00175115184,1.000032528220287,0,100,333
digits_n100,10,0,johnson,J,1,16,0.002866127125,0.0028662100625,1.000028937132368,0,100,659
digits_n100,10,0,dijkstra,D,1,20,0.00228419295,0.002284338,1.0000635016406998,0,100,659
digits_n100,10,0,floyd_warshall,FW,1,33,0.0016306958484848,0.0016307363030303,1.0000248081489214,0,100,659
digits_n100,10,0,johnson,J,2,16,0.00296514925,0.002965222,1.0000245350212975,0,100,659
digits_n100,10,0,floyd_warshall,FW,2,33,0.0015723868181818,0.0015721506363636,0.9998497940739192,0,100,659
digits_n100,10,0,dijkstra,D,2,20,0.0022471783499999,0.00224717945,1.000000489502758,0,100,659
digits_n100,10,0,johnson,J,3,16,0.002776686125,0.002776081,0.999782069354346,0,100,659
digits_n100,10,0,dijkstra,D,3,20,0.002214582,0.00221455455,0.9999876048843528,0,100,659
digits_n100,10,0,floyd_warshall,FW,3,33,0.0015565616060606,0.001556556030303,0.9999964179011264,0,100,659
digits_n100,10,0,johnson,J,4,16,0.0029785738125,0.002978665875,1.0000309082486436,0,100,659
digits_n100,10,0,dijkstra,D,4,20,0.00217881575,0.0021788579999999,1.0000193912679398,0,100,659
digits_n100,10,0,floyd_warshall,FW,4,33,0.001606547060606,0.0016063106666666,0.9998528558887626,0,100,659
digits_n100,10,0,johnson,J,5,16,0.0027691669375,0.0027692958125,1.000046539267191,0,100,659
digits_n100,10,0,dijkstra,D,5,20,0.00218792265,0.00218704365,0.999598249051446,0,100,659
digits_n100,10,0,floyd_warshall,FW,5,33,0.0015281776363636,0.0015279118484848,0.9998260752726232,0,100,659
digits_n100,10,0,dijkstra,D,6,20,0.00224513005,0.0022452211,1.0000405544436055,0,100,659
digits_n100,10,0,johnson,J,6,16,0.002944322,0.0029443558125,1.0000114839681258,0,100,659
digits_n100,10,0,floyd_warshall,FW,6,33,0.0015295802727272,0.0015295873030303,1.000004596230192,0,100,659
digits_n100,20,0,dijkstra,D,1,14,0.0032038222142857,0.0032032598571428,0.9998244730496126,0,100,1340
digits_n100,20,0,johnson,J,1,13,0.0040647711538461,0.0040655083846153,1.0001813707934168,0,100,1340
digits_n100,20,0,floyd_warshall,FW,1,27,0.0018997626296296,0.0018998116666666,1.0000258121916246,0,100,1340
digits_n100,20,0,dijkstra,D,2,14,0.0035714912857142,0.0035715817857142,1.0000253395550374,0,100,1340
digits_n100,20,0,floyd_warshall,FW,2,27,0.001841203,0.0018412134074074,1.0000056525040462,0,100,1340
digits_n100,20,0,johnson,J,2,13,0.0043807646153846,0.0043807303846153,0.9999921861199504,0,100,1340
digits_n100,20,0,dijkstra,D,3,14,0.0033783732142857,0.0033783898571428,1.0000049262932444,0,100,1340
digits_n100,20,0,johnson,J,3,13,0.0043889401538461,0.0043890206923076,1.0000183503211972,0,100,1340
digits_n100,20,0,floyd_warshall,FW,3,27,0.0018810353333333,0.001881115,1.000042352562578,0,100,1340
digits_n100,20,0,dijkstra,D,4,14,0.0033293917142857,0.0033296206428571,1.0000687598790032,0,100,1340
digits_n100,20,0,johnson,J,4,13,0.0044381365384615,0.004436991,0.9997418875125608,0,100,1340
digits_n100,20,0,floyd_warshall,FW,4,27,0.0019271408148148,0.0019272087037037,1.0000352277780469,0,100,1340
digits_n100,20,0,johnson,J,5,13,0.0046551634615384,0.0046553452307692,1.0000390467987368,0,100,1340
digits_n100,20,0,floyd_warshall,FW,5,27,0.0019974237407407,0.001997515074074,1.0000457255671245,0,100,1340
digits_n100,20,0,dijkstra,D,5,14,0.0040517457857142,0.0040510810714285,0.999835943733672,0,100,1340
digits_n100,20,0,floyd_warshall,FW,6,27,0.0020764627407407,0.0020759193333333,0.9997383013926784,0,100,1340
digits_n100,20,0,dijkstra,D,6,14,0.0034118507857142,0.0034119669999999,1.0000340619484889,0,100,1340
digits_n100,20,0,johnson,J,6,13,0.0041717996153846,0.0041718567692307,1.000013700045885,0,100,1340
digits_n100,5,1,dijkstra,D,1,25,0.00183810136,0.00183816196,1.000032968802112,0,100,343
digits_n100,5,1,floyd_warshall,FW,1,40,0.00133830165,0.0013379913999999,0.9997681763300522,0,100,343
digits_n100,5,1,johnson,J,1,22,0.0020767842272727,0.0020745318181818,0.9989154342269504,0,100,343
digits_n100,5,1,floyd_warshall,FW,2,40,0.001216905475,0.0012169209,1.0000126755942158,0,100,343
digits_n100,5,1,johnson,J,2,22,0.0020871077727272,0.0020871224090909,1.0000070127493308,0,100,343
digits_n100,5,1,dijkstra,D,2,25,0.00172500744,0.0017250311199999,1.0000137274770244,0,100,343
digits_n100,5,1,floyd_warshall,FW,3,40,0.00126867205,0.0012686945499999,1.000017735079763,0,100,343
digits_n100,5,1,dijkstra,D,3,25,0.0017267743999999,0.00172679784,1.000013574442614,0,100,343
digits_n100,5,1,johnson,J,3,22,0.0019867694090909,0.001986825590909,1.0000282779762586,0,100,343
digits_n100,5,1,johnson,J,4,22,0.0019334648181818,0.001933474090909,1.0000047959120772,0,100,343
digits_n100,5,1,floyd_warshall,FW,4,40,0.0012360843,0.0012360958999999,1.000009384473211,0,100,343
digits_n100,5,1,dijkstra,D,4,25,0.00176223036,0.00176189612,0.9998103312667932,0,100,343
digits_n100,5,1,floyd_warshall,FW,5,40,0.001181215725,0.001180982625,0.9998026609407016,0,100,343
digits_n100,5,1,dijkstra,D,5,25,0.0018058933199999,0.00180615216,1.0001433307256489,0,100,343
digits_n100,5,1,johnson,J,5,22,0.0021485019545454,0.0021485461363636,1.0000205640111652,0,100,343
digits_n100,5,1,johnson,J,6,22,0.0021780637727272,0.0021781161363636,1.000024041369688,0,100,343
digits_n100,5,1,floyd_warshall,FW,6,40,0.001254772075,0.001254291475,0.9996169822316135,0,100,343
digits_n100,5,1,dijkstra,D,6,25,0.00186357724,0.0018632542399999,0.9998266774281918,0,100,343
digits_n100,10,1,johnson,J,1,17,0.0032318342941176,0.0032320150588235,1.0000559325415328,0,100,678
digits_n100,10,1,dijkstra,D,1,20,0.00237428335,0.0023744754,1.000080887565505,0,100,678
digits_n100,10,1,floyd_warshall,FW,1,30,0.0017217056333333,0.0017218482999999,1.0000828635650048,0,100,678
digits_n100,10,1,floyd_warshall,FW,2,30,0.0016874442666666,0.0016875678,1.0000732073561027,0,100,678
digits_n100,10,1,dijkstra,D,2,20,0.00236413805,0.0023624708,0.9992947746854292,0,100,678
digits_n100,10,1,johnson,J,2,17,0.0029732086470588,0.0029726160588235,0.999800690665998,0,100,678
digits_n100,10,1,dijkstra,D,3,20,0.0023272374,0.0023272919,1.000023418324233,0,100,678
digits_n100,10,1,johnson,J,3,17,0.0030621957058823,0.0030622095882352,1.0000045334636565,0,100,678
digits_n100,10,1,floyd_warshall,FW,3,30,0.0017012575,0.0017012916333333,1.0000200635902168,0,100,678
digits_n100,10,1,floyd_warshall,FW,4,30,0.0016604459999999,0.0016605024666666,1.0000340069274565,0,100,678
digits_n100,10,1,dijkstra,D,4,20,0.002349895,0.00234994055,1.00001938384481,0,100,678
digits_n100,10,1,johnson,J,4,17,0.0029994237058823,0.0029994227647058,0.9999996862142322,0,100,678
digits_n100,10,1,floyd_warshall,FW,5,30,0.0016716606666666,0.0016717225,1.000036989165664,0,100,678
digits_n100,10,1,dijkstra,D,5,20,0.00240870625,0.0024088125,1.0000441108167506,0,100,678
digits_n100,10,1,johnson,J,5,17,0.0031816130588235,0.003181693,1.0000251259895507,0,100,678
digits_n100,10,1,floyd_warshall,FW,6,30,0.0018228234,0.0018224756666666,0.9998092336683118,0,100,678
digits_n100,10,1,johnson,J,6,17,0.0031891701764705,0.0031891985294117,1.000008890382014,0,100,678
digits_n100,10,1,dijkstra,D,6,20,0.00248829465,0.0024878365499999,0.9998158980087024,0,100,678
digits_n100,20,1,floyd_warshall,FW,1,26,0.0018969550384615,0.0018970272692307,1.000038077217312,0,100,1379
digits_n100,20,1,johnson,J,1,11,0.0042996948181818,0.0043000062727272,1.0000724364306364,0,100,1379
digits_n100,20,1,dijkstra,D,1,13,0.003423997,0.0034241503076923,1.0000447744820768,0,100,1379
digits_n100,20,1,floyd_warshall,FW,2,26,0.0018459755384615,0.0018460166538461,1.0000222729845325,0,100,1379
digits_n100,20,1,johnson,J,2,11,0.0047102905454545,0.0047104191818181,1.0000273096452108,0,100,1379
digits_n100,20,1,dijkstra,D,2,13,0.0035930553076923,0.0035932293076923,1.000048426752471,0,100,1379
digits_n100,20,1,johnson,J,3,11,0.004526808,0.0045190295454545,0.998281691084434,0,100,1379
digits_n100,20,1,dijkstra,D,3,13,0.0034148507692307,0.0034149499230769,1.0000290360700526,0,100,1379
digits_n100,20,1,floyd_warshall,FW,3,26,0.002020565076923,0.0020205846153846,1.000009669800672,0,100,1379
digits_n100,20,1,dijkstra,D,4,13,0.0034275003846153,0.0034275492307692,1.000014251246788,0,100,1379
digits_n100,20,1,johnson,J,4,11,0.0044399016363636,0.0044399993636363,1.0000220111346445,0,100,1379
digits_n100,20,1,floyd_warshall,FW,4,26,0.0018465337692307,0.0018465605384615,1.000014497016635,0,100,1379
digits_n100,20,1,dijkstra,D,5,13,0.003441425,0.003441483076923,1.0000168758357588,0,100,1379
digits_n100,20,1,floyd_warshall,FW,5,26,0.0019060196538461,0.0019060854230769,1.0000345060611713,0,100,1379
digits_n100,20,1,johnson,J,5,11,0.0044899624545454,0.0044910192727272,1.0002353735008962,0,100,1379
digits_n100,20,1,dijkstra,D,6,13,0.0034239775384615,0.0034241288461538,1.0000441906205892,0,100,1379
digits_n100,20,1,floyd_warshall,FW,6,26,0.0018898698076923,0.0018896104230769,0.9998627500083186,0,100,1379
digits_n100,20,1,johnson,J,6,11,0.0046342514545454,0.0046331162727272,0.9997550452690545,0,100,1379
digits_n100,5,2,dijkstra,D,1,27,0.0018472537777777,0.0018473269629629,1.00003961837083,0,100,336
digits_n100,5,2,johnson,J,1,23,0.0021076995217391,0.0021078059130434,1.00005047745338,0,100,336
digits_n100,5,2,floyd_warshall,FW,1,37,0.001183911054054,0.0011840357567567,1.0001053311414532,0,100,336
digits_n100,5,2,dijkstra,D,2,27,0.0017449192962962,0.0017450067777777,1.0000501349728137,0,100,336
digits_n100,5,2,johnson,J,2,23,0.0020763369130434,0.002076482173913,1.0000699601633305,0,100,336
digits_n100,5,2,floyd_warshall,FW,2,37,0.0012650416756756,0.0012651097027027,1.0000537745343374,0,100,336
digits_n100,5,2,floyd_warshall,FW,3,37,0.0012445346216216,0.0012446269189189,1.0000741620969749,0,100,336
digits_n100,5,2,dijkstra,D,3,27,0.001747223037037,0.0017473211481481,1.0000561525970248,0,100,336
digits_n100,5,2,johnson,J,3,23,0.0021681044782608,0.0021682190434782,1.0000528411884853,0,100,336
digits_n100,5,2,dijkstra,D,4,27,0.0017288262592592,0.0017252114444444,0.9979090930650464,0,100,336
digits_n100,5,2,floyd_warshall,FW,4,37,0.001208075027027,0.0012078709729729,0.9998310915717245,0,100,336
digits_n100,5,2,johnson,J,4,23,0.0020197450434782,0.0020202977826086,1.0002736677741677,0,100,336
digits_n100,5,2,floyd_warshall,FW,5,37,0.0011872811081081,0.0011873201621621,1.0000328936877605,0,100,336
digits_n100,5,2,johnson,J,5,23,0.0020947808695652,0.002094864347826,1.000039850593483,0,100,336
digits_n100,5,2,dijkstra,D,5,27,0.0016977648518518,0.0016978068888888,1.0000247602234145,0,100,336
digits_n100,5,2,dijkstra,D,6,27,0.0017824401481481,0.0017824998888888,1.000033516267462,0,100,336
digits_n100,5,2,floyd_warshall,FW,6,37,0.0011532149189189,0.0011532835675675,1.000059528061528,0,100,336
digits_n100,5,2,johnson,J,6,23,0.0021096904347826,0.0021072818260869,0.9988583117902318,0,100,336
digits_n100,10,2,johnson,J,1,17,0.0028096507058823,0.0028103070588235,1.0002336065973618,0,100,649
digits_n100,10,2,dijkstra,D,1,22,0.0023140459090909,0.0023140789090909,1.00001426073695,0,100,649
digits_n100,10,2,floyd_warshall,FW,1,29,0.0016544746896551,0.0016545371724137,1.000037765919909,0,100,649
digits_n100,10,2,floyd_warshall,FW,2,29,0.0017537188620689,0.0017537706896551,1.0000295529616108,0,100,649
digits_n100,10,2,dijkstra,D,2,22,0.0025567181818181,0.0025567676363636,1.0000193429787476,0,100,649
digits_n100,10,2,johnson,J,2,17,0.0034721785882352,0.0034722315294117,1.0000152472504296,0,100,649
digits_n100,10,2,floyd_warshall,FW,3,29,0.0016298107931034,0.0016294813793103,0.9997978821870014,0,100,649
digits_n100,10,2,johnson,J,3,17,0.0031567937647058,0.0031569390588235,1.0000460258504282,0,100,649
digits_n100,10,2,dijkstra,D,3,22,0.0026830294545454,0.0026830593181818,1.0000111305659776,0,100,649
digits_n100,10,2,dijkstra,D,4,22,0.0025131623636363,0.0025132628181818,1.000039971371093,0,100,649
digits_n100,10,2,johnson,J,4,17,0.0031763761764705,0.0031763765294117,1.0000001111144137,0,100,649
digits_n100,10,2,floyd_warshall,FW,4,29,0.0016339663793103,0.0016321899310344,0.998912799982695,0,100,649
digits_n100,10,2,dijkstra,D,5,22,0.0023596343181818,0.0023590810454545,0.9997655260719808,0,100,649
digits_n100,10,2,floyd_warshall,FW,5,29,0.0016026577241379,0.0016027325172413,1.0000466681702038,0,100,649
digits_n100,10,2,johnson,J,5,17,0.0029932540588235,0.0029932865294117,1.0000108479225611,0,100,649
digits_n100,10,2,floyd_warshall,FW,6,29,0.0016283443448275,0.001628395137931,1.0000311930972154,0,100,649
digits_n100,10,2,dijkstra,D,6,22,0.0025186656363636,0.0025187342727272,1.00002725108194,0,100,649
digits_n100,10,2,johnson,J,6,17,0.0031148531764705,0.003114884,1.0000098956604584,0,100,649
digits_n100,20,2,dijkstra,D,1,15,0.0032491722,0.003249264,1.000028253350192,0,100,1329
digits_n100,20,2,johnson,J,1,11,0.0043927918181818,0.0043928681818181,1.0000173838505269,0,100,1329
digits_n100,20,2,floyd_warshall,FW,1,28,0.0017229421428571,0.0017229447142857,1.0000014924636802,0,100,1329
digits_n100,20,2,floyd_warshall,FW,2,28,0.0016676923928571,0.0016677061071428,1.0000082235103869,0,100,1329
digits_n100,20,2,dijkstra,D,2,15,0.0032474472,0.0032474126666666,0.9999893660062176,0,100,1329
digits_n100,20,2,johnson,J,2,11,0.0044217824545454,0.0044218148181818,1.000007319138084,0,100,1329
digits_n100,20,2,floyd_warshall,FW,3,28,0.0017425222857142,0.0017425257857142,1.0000020085826329,0,100,1329
digits_n100,20,2,dijkstra,D,3,15,0.0032935726666666,0.003293542,0.9999906889357636,0,100,1329
digits_n100,20,2,johnson,J,3,11,0.0044398038181818,0.0044389121818181,0.9997991721255824,0,100,1329
digits_n100,20,2,floyd_warshall,FW,4,28,0.0017369605714285,0.0017369677857142,1.0000041533963595,0,100,1329
digits_n100,20,2,johnson,J,4,11,0.0044848973636363,0.0044848976363636,1.000000060810148,0,100,1329
digits_n100,20,2,dijkstra,D,4,15,0.0034229438,0.0034229475333333,1.0000010906791204,0,100,1329
digits_n100,20,2,floyd_warshall,FW,5,28,0.0019746317857142,0.0019746448214285,1.0000066015924487,0,100,1329
digits_n100,20,2,johnson,J,5,11,0.0047842482727272,0.0047843327272727,1.000017652626001,0,100,1329
digits_n100,20,2,dijkstra,D,5,15,0.003763229,0.0037633374,1.0000288050501311,0,100,1329
digits_n100,20,2,dijkstra,D,6,15,0.003710655,0.0037107038,1.0000131513169508,0,100,1329
digits_n100,20,2,johnson,J,6,11,0.0044219169090909,0.004422095090909,1.0000402951529497,0,100,1329
digits_n100,20,2,floyd_warshall,FW,6,28,0.0018012566785714,0.00180127,1.000007395630356,0,100,1329
digits_n100,5,3,dijkstra,D,1,29,0.0018234462068965,0.0018229098275862,0.9997058430852984,0,100,334
digits_n100,5,3,floyd_warshall,FW,1,41,0.0012665570975609,0.0012665998780487,1.0000337769910943,0,100,334
digits_n100,5,3,johnson,J,1,23,0.0019964972608695,0.0019965228260869,1.0000128050350443,0,100,334
digits_n100,5,3,dijkstra,D,2,29,0.0017269574482758,0.0017269512068965,0.9999963859101932,0,100,334
digits_n100,5,3,johnson,J,2,23,0.0020796013913043,0.0020796290869565,1.000013317769593,0,100,334
digits_n100,5,3,floyd_warshall,FW,2,41,0.0012408525853658,0.0012408408292682,0.999990525790332,0,100,334
digits_n100,5,3,dijkstra,D,3,29,0.0017667756206896,0.0017667669655172,0.999995101147926,0,100,334
digits_n100,5,3,johnson,J,3,23,0.0021724514782608,0.0021728909999999,1.000202316021107,0,100,334
digits_n100,5,3,floyd_warshall,FW,3,41,0.0013208679268292,0.0013208699268292,1.0000015141559266,0,100,334
digits_n100,5,3,dijkstra,D,4,29,0.0020037103448275,0.002003728137931,1.000008880077649,0,100,334
digits_n100,5,3,johnson,J,4,23,0.0020703790869565,0.0020708745217391,1.0002392966513862,0,100,334
digits_n100,5,3,floyd_warshall,FW,4,41,0.0012637712682926,0.0012637807804878,1.00000752683287,0,100,334
digits_n100,5,3,johnson,J,5,23,0.0019916487826086,0.0019916949565217,1.0000231837628435,0,100,334
digits_n100,5,3,floyd_warshall,FW,5,41,0.0012803193902439,0.001280327902439,1.0000066484934829,0,100,334
digits_n100,5,3,dijkstra,D,5,29,0.0017609827586206,0.0017610204482758,1.000021402625885,0,100,334
digits_n100,5,3,johnson,J,6,23,0.0021030026086956,0.0021035332608695,1.000252330725468,0,100,334
digits_n100,5,3,floyd_warshall,FW,6,41,0.0013294410731707,0.0013294585609756,1.0000131542534914,0,100,334
digits_n100,5,3,dijkstra,D,6,29,0.001736797,0.0017346115172413,0.998741659066304,0,100,334
digits_n100,10,3,floyd_warshall,FW,1,29,0.0016897937931034,0.0016898238620689,1.0000177944584954,0,100,676
digits_n100,10,3,johnson,J,1,14,0.0032812018571428,0.0032813457142857,1.0000438428201377,0,100,676
digits_n100,10,3,dijkstra,D,1,20,0.0026897974,0.0026893363999999,0.9998286116270316,0,100,676
digits_n100,10,3,johnson,J,2,14,0.0029038019285714,0.0029004367142857,0.998841100609307,0,100,676
digits_n100,10,3,dijkstra,D,2,20,0.00229117355,0.0022911841,1.0000046046271789,0,100,676
digits_n100,10,3,floyd_warshall,FW,2,29,0.0016486890344827,0.0016487123793103,1.0000141596305294,0,100,676
digits_n100,10,3,johnson,J,3,14,0.0030551455714285,0.0030552791428571,1.0000437201519368,0,100,676
digits_n100,10,3,dijkstra,D,3,20,0.00250411165,0.0025045892,1.0001907063528896,0,100,676
digits_n100,10,3,floyd_warshall,FW,3,29,0.0019092685862068,0.0019092875862068,1.0000099514547809,0,100,676
digits_n100,10,3,johnson,J,4,14,0.0032410272857142,0.0032411743571428,1.0000453780285097,0,100,676
digits_n100,10,3,floyd_warshall,FW,4,29,0.0017643913448275,0.0017644337586206,1.0000240387673789,0,100,676
digits_n100,10,3,dijkstra,D,4,20,0.00237594525,0.00237599175,1.0000195711580475,0,100,676
digits_n100,10,3,dijkstra,D,5,20,0.0023421615,0.0023421716,1.000004312256008,0,100,676
digits_n100,10,3,floyd_warshall,FW,5,29,0.0016557991034482,0.0016558507931034,1.0000312173469987,0,100,676
digits_n100,10,3,johnson,J,5,14,0.0034388770714285,0.0034382148571428,0.9998074329870016,0,100,676
digits_n100,10,3,dijkstra,D,6,20,0.00265312685,0.00265322395,1.0000365983254813,0,100,676
digits_n100,10,3,johnson,J,6,14,0.0030887525714285,0.0030888495,1.0000313811382386,0,100,676
digits_n100,10,3,floyd_warshall,FW,6,29,0.0016953088965517,0.0016953489310344,1.0000236148603008,0,100,676
digits_n100,20,3,floyd_warshall,FW,1,29,0.0017812070689655,0.0017813213103448,1.0000641370569998,0,100,1340
digits_n100,20,3,johnson,J,1,11,0.0045570739090909,0.0045572569090909,1.0000401573473792,0,100,1340
digits_n100,20,3,dijkstra,D,1,14,0.003349267,0.0033492461428571,0.99999377262462,0,100,1340
digits_n100,20,3,johnson,J,2,11,0.0044659277272727,0.0044650554545454,0.9998046827489064,0,100,1340
digits_n100,20,3,floyd_warshall,FW,2,29,0.0018858748275862,0.0018859172413793,1.0000224902482833,0,100,1340
digits_n100,20,3,dijkstra,D,2,14,0.0034307182857142,0.003425835,0.9985765996192052,0,100,1340
digits_n100,20,3,dijkstra,D,3,14,0.0035138024285714,0.0035137881428571,0.9999959344002468,0,100,1340
digits_n100,20,3,floyd_warshall,FW,3,29,0.0017538100344827,0.0017538090344827,0.9999994298128188,0,100,1340
digits_n100,20,3,johnson,J,3,11,0.004620226090909,0.004620373090909,1.0000318166247943,0,100,1340
digits_n100,20,3,floyd_warshall,FW,4,29,0.0020306577586206,0.0020306523103448,0.9999973169896114,0,100,1340
digits_n100,20,3,dijkstra,D,4,14,0.0035987915,0.0035988417142857,1.0000139530966754,0,100,1340
digits_n100,20,3,johnson,J,4,11,0.0045094103636363,0.0045094321818181,1.000004838366895,0,100,1340
digits_n100,20,3,dijkstra,D,5,14,0.003360995,0.003361012,1.0000050580259716,0,100,1340
digits_n100,20,3,johnson,J,5,11,0.0045117503636363,0.004512689,1.0002080426193791,0,100,1340
digits_n100,20,3,floyd_warshall,FW,5,29,0.0017879447586206,0.0017879340689655,0.9999940212609362,0,100,1340
digits_n100,20,3,dijkstra,D,6,14,0.0033472018571428,0.0033472701428571,1.000020400835444,0,100,1340
digits_n100,20,3,johnson,J,6,11,0.0043315595454545,0.004330690090909,0.9997992744792424,0,100,1340
digits_n100,20,3,floyd_warshall,FW,6,29,0.0018428966896551,0.0018429300344827,1.0000180937042067,0,100,1340
digits_n100,5,4,dijkstra,D,1,25,0.00192081424,0.0019205955199999,0.999886131623014,0,100,330
digits_n100,5,4,johnson,J,1,23,0.0019566961304347,0.0019570958695652,1.000204292901804,0,100,330
digits_n100,5,4,floyd_warshall,FW,1,34,0.001399778117647,0.0013995893529411,0.999865146694678,0,100,330
digits_n100,5,4,floyd_warshall,FW,2,34,0.0014075678235294,0.0014075959705882,1.0000199969467567,0,100,330
digits_n100,5,4,dijkstra,D,2,25,0.0018801722,0.00188020756,1.0000188067880167,0,100,330
digits_n100,5,4,johnson,J,2,23,0.002032514,0.0020325623043478,1.0000237658130895,0,100,330
digits_n100,5,4,floyd_warshall,FW,3,34,0.0013358515882352,0.0013354171764705,0.9996748053687016,0,100,330
digits_n100,5,4,johnson,J,3,23,0.0019327873043478,0.0019327863913043,0.9999995276027136,0,100,330
digits_n100,5,4,dijkstra,D,3,25,0.00167954592,0.00167696644,0.998464180127924,0,100,330
digits_n100,5,4,johnson,J,4,23,0.0019501710434782,0.0019501978260869,1.0000137334665005,0,100,330
digits_n100,5,4,floyd_warshall,FW,4,34,0.0013606994117647,0.0013607298529411,1.0000223717128172,0,100,330
digits_n100,5,4,dijkstra,D,4,25,0.00168113224,0.00168079524,0.9997995398624916,0,100,330
digits_n100,5,4,dijkstra,D,5,25,0.00175450896,0.00175411108,0.9997732242986096,0,100,330
digits_n100,5,4,floyd_warshall,FW,5,34,0.0013471753235294,0.0013472288235294,1.0000397127226617,0,100,330
digits_n100,5,4,johnson,J,5,23,0.0019768785652173,0.0019769387826086,1.0000304608448711,0,100,330
digits_n100,5,4,dijkstra,D,6,25,0.0016824814799999,0.00168265948,1.0001057961125377,0,100,330
digits_n100,5,4,floyd_warshall,FW,6,34,0.0013503826764705,0.0013504223529411,1.0000293816495722,0,100,330
digits_n100,5,4,johnson,J,6,23,0.0020684328260869,0.0020684307826086,0.9999990120644796,0,100,330
digits_n100,10,4,johnson,J,1,17,0.0028388623529411,0.0028394875294117,1.000220220776094,0,100,674
digits_n100,10,4,floyd_warshall,FW,1,29,0.001840508275862,0.0018405706206896,1.0000338737013053,0,100,674
digits_n100,10,4,dijkstra,D,1,18,0.0026063662777777,0.002606436,1.0000267507383045,0,100,674
digits_n100,10,4,dijkstra,D,2,18,0.0023487783888888,0.0023488208888888,1.0000180945125352,0,100,674
digits_n100,10,4,johnson,J,2,17,0.0030698362941176,0.0030699397647058,1.0000337055719986,0,100,674
digits_n100,10,4,floyd_warshall,FW,2,29,0.0016992758965517,0.0016993593793103,1.0000491284309925,0,100,674
digits_n100,10,4,floyd_warshall,FW,3,29,0.0016680819310344,0.0016677256206896,0.99978639517748,0,100,674
digits_n100,10,4,dijkstra,D,3,18,0.0023509361666666,0.0023510132222222,1.0000327765409576,0,100,674
digits_n100,10,4,johnson,J,3,17,0.003071411117647,0.0030714464117647,1.0000114911733713,0,100,674
digits_n100,10,4,johnson,J,4,17,0.0030980212352941,0.0030980871764705,1.00002128493366,0,100,674
digits_n100,10,4,floyd_warshall,FW,4,29,0.0017864731724137,0.001786543275862,1.0000392412544217,0,100,674
digits_n100,10,4,dijkstra,D,4,18,0.0024411781666666,0.0024403805,0.999673245206942,0,100,674
digits_n100,10,4,johnson,J,5,17,0.0030471505882352,0.0030453268235294,0.999401485206237,0,100,674
digits_n100,10,4,dijkstra,D,5,18,0.0023576242222222,0.0023576970555555,1.000030892681135,0,100,674
digits_n100,10,4,floyd_warshall,FW,5,29,0.0016692793448275,0.001668990275862,0.9998268300830456,0,100,674
digits_n100,10,4,floyd_warshall,FW,6,29,0.0017314287931034,0.0017314677931034,1.0000225247495915,0,100,674
digits_n100,10,4,johnson,J,6,17,0.0029787981764705,0.0029788092352941,1.0000037125118502,0,100,674
digits_n100,10,4,dijkstra,D,6,18,0.0024814506111111,0.0024815557777777,1.000042381124249,0,100,674
digits_n100,20,4,dijkstra,D,1,15,0.0032983828,0.0032984272666666,1.0000134813541552,0,100,1368
digits_n100,20,4,floyd_warshall,FW,1,29,0.0017836894827586,0.0017836985517241,1.000005084385822,0,100,1368
digits_n100,20,4,johnson,J,1,12,0.0045470543333333,0.00454703625,0.9999960230663616,0,100,1368
digits_n100,20,4,floyd_warshall,FW,2,29,0.0018577299310344,0.001857759,1.0000156475734343,0,100,1368
digits_n100,20,4,dijkstra,D,2,15,0.0039431300666666,0.0039432342,1.0000264088000077,0,100,1368
digits_n100,20,4,johnson,J,2,12,0.0044056875,0.0044057128333333,1.0000057501430442,0,100,1368
digits_n100,20,4,johnson,J,3,12,0.00452825425,0.0045282466666666,0.9999983253296052,0,100,1368
digits_n100,20,4,dijkstra,D,3,15,0.0032842293333333,0.0032835985333333,0.9998079305870642,0,100,1368
digits_n100,20,4,floyd_warshall,FW,3,29,0.0017499303103448,0.0017499177241379,0.9999928075953528,0,100,1368
digits_n100,20,4,johnson,J,4,12,0.0042927185,0.0042926493333333,0.9999838874441296,0,100,1368
digits_n100,20,4,dijkstra,D,4,15,0.0032696750666666,0.0032696366666666,0.9999882557137276,0,100,1368
digits_n100,20,4,floyd_warshall,FW,4,29,0.0019353834482758,0.0019354080689655,1.0000127213497032,0,100,1368
digits_n100,20,4,johnson,J,5,12,0.0046979183333333,0.0046980306666666,1.0000239112997211,0,100,1368
digits_n100,20,4,floyd_warshall,FW,5,29,0.0018570554482758,0.0018567074827586,0.9998126251332108,0,100,1368
digits_n100,20,4,dijkstra,D,5,15,0.0032793358666666,0.0032793294666666,0.9999980483853256,0,100,1368
digits_n100,20,4,johnson,J,6,12,0.0044209658333333,0.0044187704166666,0.999503407909169,0,100,1368
digits_n100,20,4,floyd_warshall,FW,6,29,0.0018552127586206,0.0018552266551724,1.0000074905434213,0,100,1368
digits_n100,20,4,dijkstra,D,6,15,0.0032990359333333,0.0032983688666666,0.9997977995147228,0,100,1368
digits_n150,5,0,johnson,J,1,11,0.0044365983636363,0.0044300934545454,0.9985338070842236,0,150,517
digits_n150,5,0,dijkstra,D,1,13,0.0036450439230769,0.0036444846153846,0.999846556665952,0,150,517
digits_n150,5,0,floyd_warshall,FW,1,14,0.0032960266428571,0.0032954202142857,0.9998160122362048,0,150,517
digits_n150,5,0,johnson,J,2,11,0.0045385156363636,0.004538564090909,1.0000106762980097,0,150,517
digits_n150,5,0,floyd_warshall,FW,2,14,0.0033696192142857,0.0033696921428571,1.0000216429711462,0,150,517
digits_n150,5,0,dijkstra,D,2,13,0.0037216516923076,0.0037216863846153,1.0000093217502766,0,150,517
digits_n150,5,0,dijkstra,D,3,13,0.0036109895384615,0.0036110174615384,1.0000077328047132,0,150,517
digits_n150,5,0,floyd_warshall,FW,3,14,0.0034014149285714,0.0034014201428571,1.0000015329754892,0,150,517
digits_n150,5,0,johnson,J,3,11,0.0043899378181818,0.0043899511818181,1.0000030441516297,0,150,517
digits_n150,5,0,johnson,J,4,11,0.0044721143636363,0.0044705006363636,0.9996391578699668,0,150,517
digits_n150,5,0,floyd_warshall,FW,4,14,0.0034481555714285,0.0034482647857142,1.0000316732477557,0,150,517
digits_n150,5,0,dijkstra,D,4,13,0.003742949076923,0.0037419364615384,0.9997294605500088,0,150,517
digits_n150,5,0,floyd_warshall,FW,5,14,0.0032944350714285,0.0032946175,1.0000553747660748,0,150,517
digits_n150,5,0,dijkstra,D,5,13,0.0035843419230769,0.0035843436153846,1.0000004721390223,0,150,517
digits_n150,5,0,johnson,J,5,11,0.0047490558181818,0.0047491536363636,1.0000205973956853,0,150,517
digits_n150,5,0,dijkstra,D,6,13,0.0037581701538461,0.0037555096923076,0.9992920859275786,0,150,517
digits_n150,5,0,floyd_warshall,FW,6,14,0.0034108172142857,0.0034101795,0.9998130318203382,0,150,517
digits_n150,5,0,johnson,J,6,11,0.0044987627272727,0.0044978406363636,0.9997950345539452,0,150,517
digits_n150,10,0,floyd_warshall,FW,1,12,0.0049083875,0.0049092479166666,1.0001752951792553,0,150,1012
digits_n150,10,0,dijkstra,D,1,10,0.0053305619,0.0053309841,1.0000792036576858,0,150,1012
digits_n150,10,0,johnson,J,1,8,0.0059637885,0.0059572615,0.9989055614564468,0,150,1012
digits_n150,10,0,dijkstra,D,2,10,0.0050283038,0.0050275186,0.9998438439618546,0,150,1012
digits_n150,10,0,johnson,J,2,8,0.006773827125,0.006773992625,1.0000244322739489,0,150,1012
digits_n150,10,0,floyd_warshall,FW,2,12,0.0051605484166666,0.0051606564166666,1.0000209280082817,0,150,1012
digits_n150,10,0,floyd_warshall,FW,3,12,0.0051162950833333,0.0051162749166666,0.9999960583456704,0,150,1012
digits_n150,10,0,dijkstra,D,3,10,0.0052140291,0.0052141737,1.0000277328716864,0,150,1012
digits_n150,10,0,johnson,J,3,8,0.006562371625,0.00656264275,1.0000413150939162,0,150,1012
digits_n150,10,0,dijkstra,D,4,10,0.0052232706,0.0052235591,1.000055233592531,0,150,1012
digits_n150,10,0,johnson,J,4,8,0.00673834775,0.006738607125,1.0000384923737424,0,150,1012
digits_n150,10,0,floyd_warshall,FW,4,12,0.0049663283333333,0.0049658505,0.999903785392092,0,150,1012
digits_n150,10,0,johnson,J,5,8,0.00648202275,0.006482361875,1.0000523177738,0,150,1012
digits_n150,10,0,floyd_warshall,FW,5,12,0.0049727245,0.0049719954166666,0.999853383525805,0,150,1012
digits_n150,10,0,dijkstra,D,5,10,0.0050574979,0.0050577348,1.0000468413442147,0,150,1012
digits_n150,10,0,floyd_warshall,FW,6,12,0.00505116575,0.0050513431666666,1.0000351239051433,0,150,1012
digits_n150,10,0,dijkstra,D,6,10,0.0051073766,0.0051065165,0.9998315965186512,0,150,1012
digits_n150,10,0,johnson,J,6,8,0.0067424845,0.006742626625,1.0000210790250983,0,150,1012
digits_n150,20,0,dijkstra,D,1,6,0.0079201975,0.0079205865,1.0000491149368431,0,150,2053
digits_n150,20,0,floyd_warshall,FW,1,9,0.0068393962222222,0.0068395726666666,1.000025798248663,0,150,2053
digits_n150,20,0,johnson,J,1,1,0.01028724,0.010291063,1.0003716254311166,0,150,2053
digits_n150,20,0,johnson,J,2,1,0.010414472,0.01041819,1.0003570032162938,0,150,2053
digits_n150,20,0,floyd_warshall,FW,2,9,0.005663149,0.0056592852222222,0.99931773333568,0,150,2053
digits_n150,20,0,dijkstra,D,2,6,0.0075826651666666,0.0075828655,1.000026419910273,0,150,2053
digits_n150,20,0,johnson,J,3,1,0.010134627,0.010138508,1.0003829445326404,0,150,2053
digits_n150,20,0,floyd_warshall,FW,3,9,0.0057516556666666,0.0057516127777777,0.9999925432099253,0,150,2053
digits_n150,20,0,dijkstra,D,3,6,0.0075890886666666,0.0075893443333333,1.0000336887178285,0,150,2053
digits_n150,20,0,johnson,J,4,1,0.010484873,0.010489143,1.0004072533830404,0,150,2053
digits_n150,20,0,floyd_warshall,FW,4,9,0.0060214511111111,0.0060215633333333,1.000018637072717,0,150,2053
digits_n150,20,0,dijkstra,D,4,6,0.007849884,0.0078500546666666,1.0000217412979182,0,150,2053
digits_n150,20,0,johnson,J,5,1,0.010554697,0.010559111,1.0004182024363182,0,150,2053
digits_n150,20,0,floyd_warshall,FW,5,9,0.0058348759999999,0.005834897,1.000003599048206,0,150,2053
digits_n150,20,0,dijkstra,D,5,6,0.0080045669999999,0.0080047591666666,1.0000240071282642,0,150,2053
digits_n150,20,0,johnson,J,6,1,0.010781125,0.01078633,1.00048278820624,0,150,2053
digits_n150,20,0,floyd_warshall,FW,6,9,0.005912748,0.0059128267777777,1.0000133233781954,0,150,2053
digits_n150,20,0,dijkstra,D,6,6,0.0074350768333333,0.007435921,1.0001135383918138,0,150,2053
digits_n150,5,1,floyd_warshall,FW,1,15,0.0036688626666666,0.0036689449333333,1.000022422934337,0,150,519
digits_n150,5,1,johnson,J,1,12,0.004569213,0.0045693553333333,1.000031150513958,0,150,519
digits_n150,5,1,dijkstra,D,1,13,0.003896438076923,0.0038965313076923,1.0000239271784617,0,150,519
digits_n150,5,1,johnson,J,2,12,0.0041200016666666,0.0041193545833333,0.9998429410020464,0,150,519
digits_n150,5,1,dijkstra,D,2,13,0.003763949,0.0037640865384615,1.0000365410003,0,150,519
digits_n150,5,1,floyd_warshall,FW,2,15,0.0034770468666666,0.0034764553333333,0.999829874788573,0,150,519
digits_n150,5,1,dijkstra,D,3,13,0.0037890917692307,0.0037891156923076,1.0000063136704995,0,150,519
digits_n150,5,1,floyd_warshall,FW,3,15,0.0035259571999999,0.0035260663333333,1.0000309514061412,0,150,519
digits_n150,5,1,johnson,J,3,12,0.0041732719166666,0.0041734200833333,1.000035503717377,0,150,519
digits_n150,5,1,dijkstra,D,4,13,0.0037572456923076,0.0037530894615384,0.9988938091597948,0,150,519
digits_n150,5,1,floyd_warshall,FW,4,15,0.0035336131333333,0.0035326662666666,0.999732040087316,0,150,519
digits_n150,5,1,johnson,J,4,12,0.0042015009166666,0.0042015915,1.0000215597556992,0,150,519
digits_n150,5,1,floyd_warshall,FW,5,15,0.0034052106666666,0.0034052084,0.9999993343534692,0,150,519
digits_n150,5,1,johnson,J,5,12,0.0041482174166666,0.0041482744166666,1.000013740841975,0,150,519
digits_n150,5,1,dijkstra,D,5,13,0.0035780152307692,0.0035780983076923,1.0000232187170033,0,150,519
digits_n150,5,1,floyd_warshall,FW,6,15,0.0035517345333333,0.0035517480666666,1.0000038103448343,0,150,519
digits_n150,5,1,johnson,J,6,12,0.00427956275,0.0042762667499999,0.9992298278603344,0,150,519
digits_n150,5,1,dijkstra,D,6,13,0.0035935751538461,0.0035937816153846,1.0000574529624742,0,150,519
digits_n150,10,1,dijkstra,D,1,11,0.0049725966363636,0.0049726794545454,1.0000166549165102,0,150,1021
digits_n150,10,1,floyd_warshall,FW,1,10,0.004817612,0.0048177527,1.0000292053407371,0,150,1021
digits_n150,10,1,johnson,J,1,8,0.006295735125,0.006295814125,1.0000125481772075,0,150,1021
digits_n150,10,1,johnson,J,2,8,0.006210774875,0.00621079275,1.0000028780627797,0,150,1021
digits_n150,10,1,dijkstra,D,2,11,0.0048475737272727,0.0048475313636363,0.9999912608577514,0,150,1021
digits_n150,10,1,floyd_warshall,FW,2,10,0.0049446878,0.0049439338,0.9998475131230732,0,150,1021
digits_n150,10,1,floyd_warshall,FW,3,10,0.0049327533,0.0049329985,1.0000497085471514,0,150,1021
digits_n150,10,1,dijkstra,D,3,11,0.0048893458181818,0.004889465,1.0000243758209408,0,150,1021
digits_n150,10,1,johnson,J,3,8,0.00644449925,0.006444551625,1.0000081270860572,0,150,1021
digits_n150,10,1,johnson,J,4,8,0.006526890875,0.0065271705,1.000042841990981,0,150,1021
digits_n150,10,1,floyd_warshall,FW,4,10,0.0049548119,0.00495516,1.0000702549374276,0,150,1021
digits_n150,10,1,dijkstra,D,4,11,0.0051791835454545,0.0051785247272727,0.9998727949731776,0,150,1021
digits_n150,10,1,dijkstra,D,5,11,0.0049088054545454,0.0049088477272727,1.0000086116118605,0,150,1021
digits_n150,10,1,johnson,J,5,8,0.0063346815,0.006334745875,1.0000101623104491,0,150,1021
digits_n150,10,1,floyd_warshall,FW,5,10,0.0048259064,0.0048259083,1.0000003937084234,0,150,1021
digits_n150,10,1,dijkstra,D,6,11,0.0048356508181818,0.0048356497272727,0.99999977440284,0,150,1021
digits_n150,10,1,johnson,J,6,8,0.006436825125,0.0064369325,1.00001668136044,0,150,1021
digits_n150,10,1,floyd_warshall,FW,6,10,0.0048183806,0.0048184563,1.0000157106725858,0,150,1021
digits_n150,20,1,floyd_warshall,FW,1,7,0.0056966842857142,0.0056970599999999,1.000065953152197,0,150,2052
digits_n150,20,1,dijkstra,D,1,7,0.0074467075714285,0.0074467352857142,1.0000037216830997,0,150,2052
digits_n150,20,1,johnson,J,1,1,0.010038088,0.010041432,1.0003331311699997,0,150,2052
digits_n150,20,1,floyd_warshall,FW,2,7,0.0057474172857142,0.005747804,1.0000672848805805,0,150,2052
digits_n150,20,1,johnson,J,2,1,0.010648764,0.010653526,1.0004471880492425,0,150,2052
digits_n150,20,1,dijkstra,D,2,7,0.0074746022857142,0.007474528,0.9999900615830188,0,150,2052
digits_n150,20,1,dijkstra,D,3,7,0.0076337072857142,0.0076336935714285,0.9999982034566952,0,150,2052
digits_n150,20,1,johnson,J,3,1,0.010481282,0.010485337,1.000386880154546,0,150,2052
digits_n150,20,1,floyd_warshall,FW,3,7,0.0059073322857142,0.0059064734285714,0.9998546116755724,0,150,2052
digits_n150,20,1,floyd_warshall,FW,4,7,0.0058632292857142,0.0058635575714285,1.0000559905980626,0,150,2052
digits_n150,20,1,dijkstra,D,4,7,0.0076931154285714,0.007693174,1.0000076134862546,0,150,2052
digits_n150,20,1,johnson,J,4,1,0.010035744,0.010039678,1.0003919988393486,0,150,2052
digits_n150,20,1,floyd_warshall,FW,5,7,0.0054390238571428,0.0054392874285714,1.0000484593256975,0,150,2052
digits_n150,20,1,johnson,J,5,1,0.010304562,0.010308784,1.0004097214418235,0,150,2052
digits_n150,20,1,dijkstra,D,5,7,0.0076781395714285,0.0076781182857142,0.9999972277510604,0,150,2052
digits_n150,20,1,floyd_warshall,FW,6,7,0.0056597504285714,0.0056529675714285,0.9988015625020114,0,150,2052
digits_n150,20,1,johnson,J,6,1,0.01048946,0.010493249,1.0003612197386709,0,150,2052
digits_n150,20,1,dijkstra,D,6,7,0.0075605312857142,0.007559,0.9997974632130444,0,150,2052
digits_n150,5,2,floyd_warshall,FW,1,16,0.0034301539375,0.0034296501875,0.999853140701794,0,150,528
digits_n150,5,2,johnson,J,1,12,0.00451695475,0.0045159763333333,0.9997833901996326,0,150,528
digits_n150,5,2,dijkstra,D,1,14,0.0035498446428571,0.0035473835,0.9993066899808996,0,150,528
digits_n150,5,2,johnson,J,2,12,0.0043394110833333,0.0043395461666666,1.000031129416121,0,150,528
digits_n150,5,2,floyd_warshall,FW,2,16,0.0035536036875,0.0035536728125,1.0000194520847228,0,150,528
digits_n150,5,2,dijkstra,D,2,14,0.0036760035714285,0.0036760236428571,1.000005460122163,0,150,528
digits_n150,5,2,johnson,J,3,12,0.0044707183333333,0.0044708041666666,1.0000191990026956,0,150,528
digits_n150,5,2,dijkstra,D,3,14,0.0036481962142857,0.0036482553571428,1.0000162115340483,0,150,528
digits_n150,5,2,floyd_warshall,FW,3,16,0.0032772189375,0.0032772224375,1.0000010679786937,0,150,528
digits_n150,5,2,johnson,J,4,12,0.0042215631666666,0.0042215709166666,1.0000018358128715,0,150,528
digits_n150,5,2,dijkstra,D,4,14,0.0034450307857142,0.0034450515,1.000006012801337,0,150,528
digits_n150,5,2,floyd_warshall,FW,4,16,0.0033736208125,0.003373853875,1.000069083786517,0,150,528
digits_n150,5,2,floyd_warshall,FW,5,16,0.00336255825,0.003359522625,0.9990972275350172,0,150,528
digits_n150,5,2,dijkstra,D,5,14,0.0035816097857142,0.0035806865714285,0.9997422348215048,0,150,528
digits_n150,5,2,johnson,J,5,12,0.00430958875,0.0043100735833333,1.0001125010671454,0,150,528
digits_n150,5,2,dijkstra,D,6,14,0.0036283630714285,0.0036284949285714,1.0000363406694042,0,150,528
digits_n150,5,2,floyd_warshall,FW,6,16,0.0034791383125,0.0034792179375,1.0000228864140623,0,150,528
digits_n150,5,2,johnson,J,6,12,0.0046210460833333,0.0046212176666666,1.0000371308422895,0,150,528
digits_n150,10,2,johnson,J,1,8,0.00638186325,0.006381944125,1.000012672631304,0,150,989
digits_n150,10,2,floyd_warshall,FW,1,11,0.0047703874545454,0.0047704407272727,1.000011167379543,0,150,989
digits_n150,10,2,dijkstra,D,1,10,0.005108395,0.0051074805,0.9998209809539004,0,150,989
digits_n150,10,2,dijkstra,D,2,10,0.0051437871,0.0051400516,0.9992737840957686,0,150,989
digits_n150,10,2,johnson,J,2,8,0.006393411375,0.0063916535,0.9997250489766898,0,150,989
digits_n150,10,2,floyd_warshall,FW,2,11,0.004911649,0.0049117844545454,1.0000275782217856,0,150,989
digits_n150,10,2,floyd_warshall,FW,3,11,0.0048204014545454,0.0048205328181818,1.0000272515966984,0,150,989
digits_n150,10,2,johnson,J,3,8,0.00607311025,0.006073403375,1.0000482660429224,0,150,989
digits_n150,10,2,dijkstra,D,3,10,0.0050589494,0.0050591056,1.0000308759759489,0,150,989
digits_n150,10,2,johnson,J,4,8,0.0063587135,0.006358903625,1.0000298999160755,0,150,989
digits_n150,10,2,dijkstra,D,4,10,0.0049111456999999,0.004911298,1.0000310110938069,0,150,989
digits_n150,10,2,floyd_warshall,FW,4,11,0.0049922911818181,0.0049924991818181,1.0000416642364045,0,150,989
digits_n150,10,2,floyd_warshall,FW,5,11,0.0045999318181818,0.0046000776363636,1.000031700074606,0,150,989
digits_n150,10,2,johnson,J,5,8,0.006281393875,0.006281661875,1.000042665689389,0,150,989
digits_n150,10,2,dijkstra,D,5,10,0.0047624081,0.004761448,0.9997984003092888,0,150,989
digits_n150,10,2,johnson,J,6,8,0.0062276505,0.00622793525,1.0000457235035909,0,150,989
digits_n150,10,2,dijkstra,D,6,10,0.0049711917,0.004971422,1.0000463269199618,0,150,989
digits_n150,10,2,floyd_warshall,FW,6,11,0.0047543156363636,0.0047544846363636,1.0000355466512798,0,150,989
digits_n150,20,2,floyd_warshall,FW,1,9,0.0059868372222222,0.0059871205555555,1.0000473260459264,0,150,1982
digits_n150,20,2,johnson,J,1,1,0.010574584,0.010581122,1.000618274912753,0,150,1982
digits_n150,20,2,dijkstra,D,1,7,0.0074348761428571,0.0074350297142857,1.0000206555463227,0,150,1982
digits_n150,20,2,dijkstra,D,2,7,0.0076737197142857,0.0076738299999999,1.0000143718715813,0,150,1982
digits_n150,20,2,johnson,J,2,1,0.009739438,0.009734765,0.9995201981880268,0,150,1982
digits_n150,20,2,floyd_warshall,FW,2,9,0.0057947717777777,0.0057925192222222,0.9996112779515848,0,150,1982
digits_n150,20,2,johnson,J,3,1,0.010224049,0.010228704,1.0004552990698694,0,150,1982
digits_n150,20,2,dijkstra,D,3,7,0.0074462544285714,0.0074464465714285,1.000025803960768,0,150,1982
digits_n150,20,2,floyd_warshall,FW,3,9,0.0057965105555555,0.0057966213333333,1.0000191111146468,0,150,1982
digits_n150,20,2,floyd_warshall,FW,4,9,0.0058731038888888,0.0058731897777777,1.0000146241051602,0,150,1982
digits_n150,20,2,johnson,J,4,1,0.009754225,0.009758202,1.0004077207569029,0,150,1982
digits_n150,20,2,dijkstra,D,4,7,0.0074029335714285,0.0074030032857142,1.0000094171162068,0,150,1982
digits_n150,20,2,johnson,J,5,1,0.01059885,0.0106031,1.0004009868995225,0,150,1982
digits_n150,20,2,dijkstra,D,5,7,0.0073950018571428,0.007394972,0.9999959625239542,0,150,1982
digits_n150,20,2,floyd_warshall,FW,5,9,0.0058666704444444,0.0058669395555555,1.0000458711825828,0,150,1982
digits_n150,20,2,floyd_warshall,FW,6,9,0.0063929034444444,0.0063930992222222,1.000030624235057,0,150,1982
digits_n150,20,2,dijkstra,D,6,7,0.0081471761428571,0.0081473547142857,1.0000219181990715,0,150,1982
digits_n150,20,2,johnson,J,6,1,0.011196494,0.011201807,1.000474523542816,0,150,1982
digits_n150,5,3,johnson,J,1,12,0.0042337009166666,0.0042338876666666,1.000044110343096,0,150,519
digits_n150,5,3,dijkstra,D,1,14,0.0039429020714285,0.0039429731428571,1.0000180251569235,0,150,519
digits_n150,5,3,floyd_warshall,FW,1,15,0.0034652692666666,0.0034652604,0.9999974412762808,0,150,519
digits_n150,5,3,johnson,J,2,12,0.0042043524166666,0.00420438725,1.0000082850650662,0,150,519
digits_n150,5,3,dijkstra,D,2,14,0.0037300207142857,0.003729333,0.9998156272207605,0,150,519
digits_n150,5,3,floyd_warshall,FW,2,15,0.0035589187333333,0.0035589239333333,1.0000014611179378,0,150,519
digits_n150,5,3,dijkstra,D,3,14,0.0041608297857142,0.0041608835714285,1.0000129266797864,0,150,519
digits_n150,5,3,floyd_warshall,FW,3,15,0.0037587671999999,0.0037582198,0.999854367144632,0,150,519
digits_n150,5,3,johnson,J,3,12,0.00452301075,0.0045222485,0.9998314728745672,0,150,519
digits_n150,5,3,floyd_warshall,FW,4,15,0.0038269888666666,0.0038255339333333,0.9996198229511442,0,150,519
digits_n150,5,3,dijkstra,D,4,14,0.0039522712857142,0.0039523357857142,1.0000163197299317,0,150,519
digits_n150,5,3,johnson,J,4,12,0.0048959855833333,0.0048959781666666,0.9999984851534914,0,150,519
digits_n150,5,3,dijkstra,D,5,14,0.0036726992142857,0.0036727356428571,1.0000099187462144,0,150,519
digits_n150,5,3,johnson,J,5,12,0.0040452149166666,0.0040452674166666,1.0000129782968472,0,150,519
digits_n150,5,3,floyd_warshall,FW,5,15,0.0035340300666666,0.0035340654666666,1.0000100168927066,0,150,519
digits_n150,5,3,johnson,J,6,12,0.0043475848333333,0.00434758275,0.9999995208067436,0,150,519
digits_n150,5,3,dijkstra,D,6,14,0.0036085930714285,0.0036085655714285,0.9999923793014464,0,150,519
digits_n150,5,3,floyd_warshall,FW,6,15,0.0036290287333333,0.0036289738,0.9999848628001128,0,150,519
digits_n150,10,3,johnson,J,1,8,0.006429089625,0.006429382375,1.0000455352183708,0,150,1007
digits_n150,10,3,floyd_warshall,FW,1,9,0.0047422132222222,0.0047424454444444,1.0000489691651009,0,150,1007
digits_n150,10,3,dijkstra,D,1,10,0.0051863194,0.0051856653,0.9998738797305852,0,150,1007
digits_n150,10,3,johnson,J,2,8,0.0061641425,0.00616415475,1.0000019872999368,0,150,1007
digits_n150,10,3,floyd_warshall,FW,2,9,0.0048811061111111,0.0048812417777777,1.0000277942465454,0,150,1007
digits_n150,10,3,dijkstra,D,2,10,0.0051033543,0.0051027338,0.9998784133016202,0,150,1007
digits_n150,10,3,johnson,J,3,8,0.00623397675,0.006233950375,0.9999957691532936,0,150,1007
digits_n150,10,3,floyd_warshall,FW,3,9,0.0048884452222222,0.0048884766666666,1.0000064324019224,0,150,1007
digits_n150,10,3,dijkstra,D,3,10,0.004959106,0.0049577683,0.9997302537997778,0,150,1007
digits_n150,10,3,floyd_warshall,FW,4,9,0.0048494896666666,0.0048496132222222,1.000025478053166,0,150,1007
digits_n150,10,3,johnson,J,4,8,0.006367940875,0.006367986625,1.0000071844260017,0,150,1007
digits_n150,10,3,dijkstra,D,4,10,0.0049866751,0.0049833791,0.9993390385509576,0,150,1007
digits_n150,10,3,johnson,J,5,8,0.006524332875,0.006524710875,1.0000579369580371,0,150,1007
digits_n150,10,3,floyd_warshall,FW,5,9,0.0049070625555555,0.004906121,0.9998081223654894,0,150,1007
digits_n150,10,3,dijkstra,D,5,10,0.0050090338,0.0050091119,1.0000155918293063,0,150,1007
digits_n150,10,3,johnson,J,6,8,0.006389430125,0.00639081125,1.0002161577751036,0,150,1007
digits_n150,10,3,floyd_warshall,FW,6,9,0.0048937615555555,0.0048938678888888,1.000021728343755,0,150,1007
digits_n150,10,3,dijkstra,D,6,10,0.0050916866,0.0050919899,1.0000595676882391,0,150,1007
digits_n150,20,3,johnson,J,1,1,0.010135896,0.01014051,1.0004552138261875,0,150,2030
digits_n150,20,3,floyd_warshall,FW,1,9,0.0057262004444444,0.0057262015555555,1.0000001940398564,0,150,2030
digits_n150,20,3,dijkstra,D,1,7,0.0076186488571428,0.0076185797142857,0.9999909245250124,0,150,2030
digits_n150,20,3,floyd_warshall,FW,2,9,0.0056916957777777,0.0056916831111111,0.9999977745355406,0,150,2030
digits_n150,20,3,dijkstra,D,2,7,0.0076689054285714,0.007670759,1.0002416996070476,0,150,2030
digits_n150,20,3,johnson,J,2,1,0.010221979,0.010225304,1.0003252794786606,0,150,2030
digits_n150,20,3,johnson,J,3,1,0.010552844,0.010556462,1.0003428459664525,0,150,2030
digits_n150,20,3,floyd_warshall,FW,3,9,0.0058765354444444,0.0058765505555555,1.0000025714319694,0,150,2030
digits_n150,20,3,dijkstra,D,3,7,0.0076838824285714,0.0076825487142857,0.9998264270311118,0,150,2030
digits_n150,20,3,johnson,J,4,1,0.010692233,0.010696526,1.00040150640189,0,150,2030
digits_n150,20,3,floyd_warshall,FW,4,9,0.0055949391111111,0.0055948701111111,0.9999876674261098,0,150,2030
digits_n150,20,3,dijkstra,D,4,7,0.0075032625714285,0.0075031688571428,0.9999875101950888,0,150,2030
digits_n150,20,3,dijkstra,D,5,7,0.0073517174285714,0.0073502708571428,0.999803233537928,0,150,2030
digits_n150,20,3,floyd_warshall,FW,5,9,0.0058164157777777,0.0058153404444444,0.999815120965485,0,150,2030
digits_n150,20,3,johnson,J,5,1,0.010336621,0.010339936,1.000320704415882,0,150,2030
digits_n150,20,3,dijkstra,D,6,7,0.0075865558571428,0.0075827432857142,0.9994974568828908,0,150,2030
digits_n150,20,3,johnson,J,6,1,0.009970069,0.009973875,1.0003817425937571,0,150,2030
digits_n150,20,3,floyd_warshall,FW,6,9,0.0057731929999999,0.0057731858888888,0.9999987682533548,0,150,2030
digits_n150,5,4,floyd_warshall,FW,1,14,0.0035753722142857,0.0035754717142857,1.000027829270363,0,150,521
digits_n150,5,4,johnson,J,1,12,0.0045347114166666,0.0045347948333333,1.0000183951433734,0,150,521
digits_n150,5,4,dijkstra,D,1,14,0.0036122088571428,0.0036108608571428,0.9996268211354016,0,150,521
digits_n150,5,4,dijkstra,D,2,14,0.0035405027857142,0.0035397648571428,0.9997915752038364,0,150,521
digits_n150,5,4,johnson,J,2,12,0.0040410904999999,0.0040404469166666,0.999840740183044,0,150,521
digits_n150,5,4,floyd_warshall,FW,2,14,0.0034452902857142,0.0034453558571428,1.0000190321926845,0,150,521
digits_n150,5,4,johnson,J,3,12,0.0041694340833333,0.0041693829166666,0.9999877281507168,0,150,521
digits_n150,5,4,floyd_warshall,FW,3,14,0.0033618019285714,0.0033618259285714,1.0000071390285654,0,150,521
digits_n150,5,4,dijkstra,D,3,14,0.0034876883571428,0.0034876579285714,0.9999912754328047,0,150,521
digits_n150,5,4,johnson,J,4,12,0.0043268791666666,0.0043268729166666,0.9999985555408972,0,150,521
digits_n150,5,4,dijkstra,D,4,14,0.0033707055,0.0033707059285714,1.0000001271459131,0,150,521
digits_n150,5,4,floyd_warshall,FW,4,14,0.0032717172857142,0.0032717360714285,1.0000057418513413,0,150,521
digits_n150,5,4,dijkstra,D,5,14,0.0034523534285714,0.0034519070714285,0.9998707093140689,0,150,521
digits_n150,5,4,floyd_warshall,FW,5,14,0.0034314239999999,0.0034314854285714,1.000017901772392,0,150,521
digits_n150,5,4,johnson,J,5,12,0.004341908,0.0043411833333333,0.9998330994883662,0,150,521
digits_n150,5,4,johnson,J,6,12,0.0043211055,0.0043211999166666,1.0000218501183704,0,150,521
digits_n150,5,4,dijkstra,D,6,14,0.0034182795714285,0.0034183101428571,1.0000089435132302,0,150,521
digits_n150,5,4,floyd_warshall,FW,6,14,0.0033455136428571,0.0033445448571428,0.9997104224290478,0,150,521
digits_n150,10,4,floyd_warshall,FW,1,10,0.0049673454,0.0049674812,1.000027338545856,0,150,1013
digits_n150,10,4,johnson,J,1,8,0.006770386875,0.00677133075,1.0001394122695535,0,150,1013
digits_n150,10,4,dijkstra,D,1,11,0.004867756090909,0.004867727,0.9999940237537486,0,150,1013
digits_n150,10,4,floyd_warshall,FW,2,10,0.004813304,0.0048133154,1.0000023684354862,0,150,1013
digits_n150,10,4,dijkstra,D,2,11,0.0049662786363636,0.0049662731818181,0.9999989016835636,0,150,1013
digits_n150,10,4,johnson,J,2,8,0.0063535565,0.006345730625,0.9987682686067244,0,150,1013
digits_n150,10,4,floyd_warshall,FW,3,10,0.0047759943,0.0047752968,0.9998539571121348,0,150,1013
digits_n150,10,4,dijkstra,D,3,11,0.004842311,0.0048416244545454,0.9998582194628668,0,150,1013
digits_n150,10,4,johnson,J,3,8,0.006538591625,0.006538563125,0.9999956412631902,0,150,1013
digits_n150,10,4,johnson,J,4,8,0.006209268,0.0062092785,1.000001691020584,0,150,1013
digits_n150,10,4,dijkstra,D,4,11,0.0049019609090909,0.0049018773636363,0.9999829567277064,0,150,1013
digits_n150,10,4,floyd_warshall,FW,4,10,0.0048869622,0.0048871549,1.0000394314488457,0,150,1013
digits_n150,10,4,johnson,J,5,8,0.00674804825,0.006748181125,1.0000196908787662,0,150,1013
digits_n150,10,4,floyd_warshall,FW,5,10,0.0048948732,0.0048950159,1.000029152951296,0,150,1013
digits_n150,10,4,dijkstra,D,5,11,0.0049910119999999,0.004990955090909,0.9999885976850168,0,150,1013
digits_n150,10,4,dijkstra,D,6,11,0.0049829281818181,0.0049828684545454,0.9999880136195932,0,150,1013
digits_n150,10,4,johnson,J,6,8,0.006416177125,0.006416236625,1.0000092734347634,0,150,1013
digits_n150,10,4,floyd_warshall,FW,6,10,0.0047872013,0.0047872630999999,1.000012909421628,0,150,1013
digits_n150,20,4,johnson,J,1,1,0.010781591,0.010786904,1.0004927844137288,0,150,2069
digits_n150,20,4,floyd_warshall,FW,1,8,0.00585124025,0.005849919,0.9997741931721228,0,150,2069
digits_n150,20,4,dijkstra,D,1,7,0.0075057685714285,0.0075057577142857,0.9999985534935226,0,150,2069
digits_n150,20,4,dijkstra,D,2,7,0.007542474,0.0075423948571428,0.999989507042763,0,150,2069
digits_n150,20,4,floyd_warshall,FW,2,8,0.0057886575,0.005788693,1.0000061326827507,0,150,2069
digits_n150,20,4,johnson,J,2,1,0.010543391,0.010538844,0.9995687345750528,0,150,2069
digits_n150,20,4,johnson,J,3,1,0.010176226,0.010179355,1.0003074813786563,0,150,2069
digits_n150,20,4,dijkstra,D,3,7,0.0077709952857142,0.0077709357142857,0.9999923341314232,0,150,2069
digits_n150,20,4,floyd_warshall,FW,3,8,0.00580937225,0.005802504,0.9988177294026906,0,150,2069
digits_n150,20,4,floyd_warshall,FW,4,8,0.005881694375,0.005880691,0.9998294071510644,0,150,2069
digits_n150,20,4,dijkstra,D,4,7,0.0077829887142857,0.0077831018571428,1.0000145371991784,0,150,2069
digits_n150,20,4,johnson,J,4,1,0.010530369,0.010534416,1.0003843170168112,0,150,2069
digits_n150,20,4,dijkstra,D,5,7,0.0079873018571428,0.0079859265714285,0.9998278159835596,0,150,2069
digits_n150,20,4,johnson,J,5,1,0.011071362,0.011076193,1.0004363510108332,0,150,2069
digits_n150,20,4,floyd_warshall,FW,5,8,0.006111789125,0.00611188675,1.0000159732278069,0,150,2069
digits_n150,20,4,dijkstra,D,6,7,0.0081043095714285,0.0081043038571428,0.9999992949077692,0,150,2069
digits_n150,20,4,floyd_warshall,FW,6,8,0.005971911875,0.00597206175,1.0000250966529878,0,150,2069
digits_n150,20,4,johnson,J,6,1,0.010982937,0.010988294,1.0004877565991683,0,150,2069
digits_n200,5,0,johnson,J,1,6,0.0082981666666666,0.008298401,1.0000282391692945,0,200,717
digits_n200,5,0,dijkstra,D,1,8,0.00671523775,0.00671677825,1.0002294036424846,0,200,717
digits_n200,5,0,floyd_warshall,FW,1,1,0.007763859,0.007767943,1.0005260270697858,0,200,717
digits_n200,5,0,dijkstra,D,2,8,0.006656257625,0.0066563265,1.000010347405987,0,200,717
digits_n200,5,0,johnson,J,2,6,0.0081022888333333,0.0081024798333333,1.000023573585678,0,200,717
digits_n200,5,0,floyd_warshall,FW,2,1,0.007618516,0.007622614,1.0005379000319747,0,200,717
digits_n200,5,0,dijkstra,D,3,8,0.00665248475,0.006652461375,0.9999964862752974,0,200,717
digits_n200,5,0,floyd_warshall,FW,3,1,0.007391824,0.007395639,1.0005161107732,0,200,717
digits_n200,5,0,johnson,J,3,6,0.0079127581666666,0.0079129171666666,1.0000200941311046,0,200,717
digits_n200,5,0,dijkstra,D,4,8,0.00655298175,0.006551832125,0.9998245645961094,0,200,717
digits_n200,5,0,johnson,J,4,6,0.008110475,0.0081105515,1.00000943224657,0,200,717
digits_n200,5,0,floyd_warshall,FW,4,1,0.007747364,0.007751942,1.0005909106632915,0,200,717
digits_n200,5,0,floyd_warshall,FW,5,1,0.007845497,0.007849387,1.0004958258221244,0,200,717
digits_n200,5,0,dijkstra,D,5,8,0.0065205515,0.00652049875,0.999991910193486,0,200,717
digits_n200,5,0,johnson,J,5,6,0.0082012765,0.0082014381666666,1.0000197123785142,0,200,717
digits_n200,5,0,johnson,J,6,6,0.0081234625,0.0081213203333333,0.9997362988175712,0,200,717
digits_n200,5,0,dijkstra,D,6,8,0.00673588475,0.006727204,0.9987112680334976,0,200,717
digits_n200,5,0,floyd_warshall,FW,6,1,0.007508142,0.007512371,1.000563255196825,0,200,717
digits_n200,10,0,johnson,J,1,1,0.012243746,0.012248747,1.000408453425937,0,200,1349
digits_n200,10,0,dijkstra,D,1,1,0.010149816,0.010154297,1.0004414858358022,0,200,1349
digits_n200,10,0,floyd_warshall,FW,1,1,0.011140074,0.011145216,1.0004615768261502,0,200,1349
digits_n200,10,0,johnson,J,2,1,0.012769606,0.012774783,1.0004054157974804,0,200,1349
digits_n200,10,0,floyd_warshall,FW,2,1,0.010574125,0.010579098,1.000470298960907,0,200,1349
digits_n200,10,0,dijkstra,D,2,1,0.010183128,0.010187664,1.0004454426969789,0,200,1349
digits_n200,10,0,floyd_warshall,FW,3,1,0.010764577,0.010772743,1.0007585992463983,0,200,1349
digits_n200,10,0,johnson,J,3,1,0.01195384,0.011957615,1.000315798103371,0,200,1349
digits_n200,10,0,dijkstra,D,3,1,0.00937666,0.009380923,1.0004546394984994,0,200,1349
digits_n200,10,0,dijkstra,D,4,1,0.009347951,0.009351777,1.000409287554032,0,200,1349
digits_n200,10,0,floyd_warshall,FW,4,1,0.010203079,0.010206243,1.0003101024700485,0,200,1349
digits_n200,10,0,johnson,J,4,1,0.011113347,0.011116814,1.0003119672228356,0,200,1349
digits_n200,10,0,floyd_warshall,FW,5,1,0.010011689,0.010015005,1.000331212845305,0,200,1349
digits_n200,10,0,dijkstra,D,5,1,0.008865242,0.008868509,1.0003685178588468,0,200,1349
digits_n200,10,0,johnson,J,5,1,0.012161726,0.012165561,1.0003153335307835,0,200,1349
digits_n200,10,0,dijkstra,D,6,1,0.009238976,0.009243532,1.0004931282427838,0,200,1349
digits_n200,10,0,johnson,J,6,1,0.01139262,0.011396808,1.000367606397826,0,200,1349
digits_n200,10,0,floyd_warshall,FW,6,1,0.010091422,0.010094869,1.0003415772326238,0,200,1349
digits_n200,20,0,dijkstra,D,1,1,0.01269005,0.012694657,1.0003630403347503,0,200,2689
digits_n200,20,0,floyd_warshall,FW,1,1,0.013019076,0.013026754,1.0005897499945464,0,200,2689
digits_n200,20,0,johnson,J,1,1,0.017528471,0.017534574,1.0003481764039772,0,200,2689
digits_n200,20,0,johnson,J,2,1,0.016037428,0.016041281,1.000240250494032,0,200,2689
digits_n200,20,0,floyd_warshall,FW,2,1,0.011818779,0.011822593,1.0003227067703018,0,200,2689
digits_n200,20,0,dijkstra,D,2,1,0.01304531,0.013055776,1.0008022806663852,0,200,2689
digits_n200,20,0,johnson,J,3,1,0.01778608,0.017789368,1.0001848636686668,0,200,2689
digits_n200,20,0,dijkstra,D,3,1,0.012876214,0.012879408,1.0002480542805516,0,200,2689
digits_n200,20,0,floyd_warshall,FW,3,1,0.012604423,0.01260797,1.0002814091529617,0,200,2689
digits_n200,20,0,floyd_warshall,FW,4,1,0.012180519,0.012184544,1.0003304456895474,0,200,2689
digits_n200,20,0,dijkstra,D,4,1,0.014461495,0.014465966,1.000309165822759,0,200,2689
digits_n200,20,0,johnson,J,4,1,0.018052924,0.018057302,1.0002425091913087,0,200,2689
digits_n200,20,0,dijkstra,D,5,1,0.013858667,0.013854867,0.9997258033546804,0,200,2689
digits_n200,20,0,floyd_warshall,FW,5,1,0.013802999,0.013807357,1.0003157284877005,0,200,2689
digits_n200,20,0,johnson,J,5,1,0.020249705,0.020253868,1.00020558324183,0,200,2689
digits_n200,20,0,floyd_warshall,FW,6,1,0.01311332,0.013116994,1.0002801731369326,0,200,2689
digits_n200,20,0,dijkstra,D,6,1,0.012835777,0.012838778,1.00023379963675,0,200,2689
digits_n200,20,0,johnson,J,6,1,0.016988939,0.016991925,1.0001757614174729,0,200,2689
digits_n200,5,1,dijkstra,D,1,8,0.00644489925,0.006444968375,1.0000107255361672,0,200,702
digits_n200,5,1,floyd_warshall,FW,1,7,0.008498793,0.0084970721428571,0.9997975174659676,0,200,702
digits_n200,5,1,johnson,J,1,7,0.0080047784285714,0.0080032961428571,0.999814824891468,0,200,702
digits_n200,5,1,johnson,J,2,7,0.0077517232857142,0.0077542818571428,1.000330064855809,0,200,702
digits_n200,5,1,floyd_warshall,FW,2,7,0.0078527665714285,0.0078515815714285,0.9998490977683824,0,200,702
digits_n200,5,1,dijkstra,D,2,8,0.00669749325,0.006697568,1.000011160892174,0,200,702
digits_n200,5,1,floyd_warshall,FW,3,7,0.0086038682857142,0.0086039424285714,1.0000086173863525,0,200,702
digits_n200,5,1,johnson,J,3,7,0.0078331702857142,0.0078306645714285,0.9996801149222704,0,200,702
digits_n200,5,1,dijkstra,D,3,8,0.006195653,0.006194629,0.9998347228290546,0,200,702
digits_n200,5,1,dijkstra,D,4,8,0.00680658075,0.006805708625,0.9998718703219674,0,200,702
digits_n200,5,1,johnson,J,4,7,0.0080664375714285,0.0080666007142857,1.0000202248955252,0,200,702
digits_n200,5,1,floyd_warshall,FW,4,7,0.0079818195714285,0.0079904457142857,1.0010807238600108,0,200,702
digits_n200,5,1,dijkstra,D,5,8,0.006495041875,0.00649534075,1.0000460158696052,0,200,702
digits_n200,5,1,floyd_warshall,FW,5,7,0.008024751,0.0080250294285714,1.0000346962256434,0,200,702
digits_n200,5,1,johnson,J,5,7,0.0078035484285714,0.0078039148571428,1.0000469566601378,0,200,702
digits_n200,5,1,floyd_warshall,FW,6,7,0.0080600257142857,0.0080605397142857,1.0000637715087048,0,200,702
digits_n200,5,1,johnson,J,6,7,0.0080472465714285,0.0080476308571428,1.000047753689523,0,200,702
digits_n200,5,1,dijkstra,D,6,8,0.006819172625,0.0068195115,1.000049694445153,0,200,702
digits_n200,10,1,floyd_warshall,FW,1,1,0.010445286,0.010450562,1.0005051082373426,0,200,1353
digits_n200,10,1,dijkstra,D,1,6,0.0087197826666666,0.0087145238333333,0.9993969077516764,0,200,1353
digits_n200,10,1,johnson,J,1,1,0.012362198,0.012366865,1.0003775218614035,0,200,1353
digits_n200,10,1,johnson,J,2,1,0.011615936,0.011619656,1.0003202496983454,0,200,1353
digits_n200,10,1,dijkstra,D,2,6,0.0087273733333333,0.0087273935,1.000002310737251,0,200,1353
digits_n200,10,1,floyd_warshall,FW,2,1,0.01041134,0.010415496,1.0003991801247485,0,200,1353
digits_n200,10,1,dijkstra,D,3,6,0.0086151181666666,0.0086150531666666,0.9999924551238016,0,200,1353
digits_n200,10,1,johnson,J,3,1,0.011353286,0.011356902,1.0003184980982598,0,200,1353
digits_n200,10,1,floyd_warshall,FW,3,1,0.009966757,0.009970055,1.0003309000109064,0,200,1353
digits_n200,10,1,johnson,J,4,1,0.011840189,0.0118433,1.0002627491841558,0,200,1353
digits_n200,10,1,floyd_warshall,FW,4,1,0.010260964,0.010264571,1.0003515264257823,0,200,1353
digits_n200,10,1,dijkstra,D,4,6,0.0087589155,0.0087592405,1.000037105050277,0,200,1353
digits_n200,10,1,johnson,J,5,1,0.012083585,0.012088076,1.0003716612247109,0,200,1353
digits_n200,10,1,dijkstra,D,5,6,0.0087436538333333,0.0087374183333333,0.999286854200903,0,200,1353
digits_n200,10,1,floyd_warshall,FW,5,1,0.010290245,0.010295583,1.0005187437228171,0,200,1353
digits_n200,10,1,dijkstra,D,6,6,0.0087456918333333,0.0087459611666666,1.000030796115215,0,200,1353
digits_n200,10,1,johnson,J,6,1,0.011724054,0.011728197,1.0003533760591683,0,200,1353
digits_n200,10,1,floyd_warshall,FW,6,1,0.011221265,0.011225463,1.000374111118488,0,200,1353
digits_n200,20,1,johnson,J,1,1,0.017463348,0.017469475,1.000350849104078,0,200,2686
digits_n200,20,1,dijkstra,D,1,1,0.013221335,0.013226605,1.000398598174844,0,200,2686
digits_n200,20,1,floyd_warshall,FW,1,1,0.013173481,0.01315949,0.9989379420670966,0,200,2686
digits_n200,20,1,floyd_warshall,FW,2,1,0.013808345,0.013812418,1.000294966558266,0,200,2686
digits_n200,20,1,johnson,J,2,1,0.018230141,0.018236024,1.0003227073229988,0,200,2686
digits_n200,20,1,dijkstra,D,2,1,0.013195798,0.013201226,1.0004113430654211,0,200,2686
digits_n200,20,1,floyd_warshall,FW,3,1,0.012308865,0.012314321,1.000443257765846,0,200,2686
digits_n200,20,1,johnson,J,3,1,0.017598508,0.017603397,1.0002778076414205,0,200,2686
digits_n200,20,1,dijkstra,D,3,1,0.013098226,0.013104455,1.0004755605835478,0,200,2686
digits_n200,20,1,floyd_warshall,FW,4,1,0.012875684,0.012881361,1.0004409086150297,0,200,2686
digits_n200,20,1,dijkstra,D,4,1,0.013139191,0.013144851,1.000430772335983,0,200,2686
digits_n200,20,1,johnson,J,4,1,0.01724232,0.017248426,1.0003541286787394,0,200,2686
digits_n200,20,1,johnson,J,5,1,0.017859025,0.017863813,1.000268099742287,0,200,2686
digits_n200,20,1,dijkstra,D,5,1,0.013211014,0.013216276,1.000398304021175,0,200,2686
digits_n200,20,1,floyd_warshall,FW,5,1,0.013898425,0.013903416,1.0003591054382062,0,200,2686
digits_n200,20,1,floyd_warshall,FW,6,1,0.012442608,0.012447889,1.0004244287049788,0,200,2686
digits_n200,20,1,johnson,J,6,1,0.017004962,0.017012012,1.000414584872345,0,200,2686
digits_n200,20,1,dijkstra,D,6,1,0.012873996,0.012879166,1.000401584713868,0,200,2686
digits_n200,5,2,dijkstra,D,1,8,0.00638235475,0.006382509125,1.0000241877811633,0,200,694
digits_n200,5,2,johnson,J,1,7,0.0078892647142857,0.0078896872857142,1.0000535628406293,0,200,694
digits_n200,5,2,floyd_warshall,FW,1,7,0.0080432822857142,0.0080435044285714,1.0000276184335264,0,200,694
digits_n200,5,2,dijkstra,D,2,8,0.006565676375,0.006565992875,1.0000482052391746,0,200,694
digits_n200,5,2,johnson,J,2,7,0.0081651588571428,0.0081653641428571,1.0000251416681385,0,200,694
digits_n200,5,2,floyd_warshall,FW,2,7,0.0075790751428571,0.0075791811428571,1.0000139858753216,0,200,694
digits_n200,5,2,dijkstra,D,3,8,0.00655521625,0.006555358625,1.0000217193444991,0,200,694
digits_n200,5,2,johnson,J,3,7,0.0083404657142857,0.0083408911428571,1.0000510077717482,0,200,694
digits_n200,5,2,floyd_warshall,FW,3,7,0.0080238974285714,0.0080227601428571,0.9998582626803982,0,200,694
digits_n200,5,2,johnson,J,4,7,0.0083043025714285,0.0082993515714285,0.9994038030337388,0,200,694
digits_n200,5,2,dijkstra,D,4,8,0.00669015625,0.006690379875,1.0000334259756638,0,200,694
digits_n200,5,2,floyd_warshall,FW,4,7,0.0081033882857142,0.0081020804285714,0.9998386036683986,0,200,694
digits_n200,5,2,johnson,J,5,7,0.0084472411428571,0.0084475767142857,1.0000397255651752,0,200,694
digits_n200,5,2,floyd_warshall,FW,5,7,0.0076364489999999,0.0076367485714285,1.000039229153311,0,200,694
digits_n200,5,2,dijkstra,D,5,8,0.006395204625,0.006395401625,1.0000308043309871,0,200,694
digits_n200,5,2,johnson,J,6,7,0.0079040134285714,0.0079044467142857,1.0000548184435922,0,200,694
digits_n200,5,2,floyd_warshall,FW,6,7,0.0076704958571428,0.0076708278571428,1.00004328272985,0,200,694
digits_n200,5,2,dijkstra,D,6,8,0.006415618625,0.006415924875,1.000047735069352,0,200,694
digits_n200,10,2,floyd_warshall,FW,1,1,0.010579284,0.010584588,1.000501357180694,0,200,1344
digits_n200,10,2,dijkstra,D,1,6,0.0089121978333333,0.0089125313333333,1.000037420623536,0,200,1344
digits_n200,10,2,johnson,J,1,1,0.011797673,0.011801867,1.0003554938334027,0,200,1344
digits_n200,10,2,floyd_warshall,FW,2,1,0.011494298,0.011491722,0.9997758888798602,0,200,1344
digits_n200,10,2,johnson,J,2,1,0.01089536,0.010898694,1.0003060018209586,0,200,1344
digits_n200,10,2,dijkstra,D,2,6,0.0086142651666666,0.0086142294999999,0.999995859581058,0,200,1344
digits_n200,10,2,floyd_warshall,FW,3,1,0.010164537,0.010167964,1.0003371525923903,0,200,1344
digits_n200,10,2,johnson,J,3,1,0.01156774,0.011570978,1.0002799163881624,0,200,1344
digits_n200,10,2,dijkstra,D,3,6,0.0088460725,0.0088451416666666,0.9998947743947008,0,200,1344
digits_n200,10,2,floyd_warshall,FW,4,1,0.010392117,0.010395885,1.0003625825228877,0,200,1344
digits_n200,10,2,dijkstra,D,4,6,0.0087914371666666,0.0087899018333333,0.9998253603700706,0,200,1344
digits_n200,10,2,johnson,J,4,1,0.012045096,0.012049498,1.000365459934898,0,200,1344
digits_n200,10,2,dijkstra,D,5,6,0.0087021529999999,0.0087022105,1.0000066075602212,0,200,1344
digits_n200,10,2,johnson,J,5,1,0.011621406,0.011625018,1.000310805766531,0,200,1344
digits_n200,10,2,floyd_warshall,FW,5,1,0.01090913,0.010929824,1.00189694320262,0,200,1344
digits_n200,10,2,johnson,J,6,1,0.011712365,0.011715922,1.000303696136519,0,200,1344
digits_n200,10,2,dijkstra,D,6,6,0.0088869458333333,0.0088868566666666,0.999989966556752,0,200,1344
digits_n200,10,2,floyd_warshall,FW,6,1,0.010834167,0.01083735,1.0002937927761313,0,200,1344
digits_n200,20,2,floyd_warshall,FW,1,1,0.011443718,0.011448774,1.000441814452261,0,200,2658
digits_n200,20,2,dijkstra,D,1,1,0.013323984,0.013328145,1.0003122939805391,0,200,2658
digits_n200,20,2,johnson,J,1,1,0.015800566,0.01580463,1.0002572059760393,0,200,2658
digits_n200,20,2,floyd_warshall,FW,2,1,0.011330563,0.011334173,1.000318607292506,0,200,2658
digits_n200,20,2,dijkstra,D,2,1,0.013519765,0.013524809,1.0003730834078848,0,200,2658
digits_n200,20,2,johnson,J,2,1,0.016173857,0.016179321,1.0003378291275853,0,200,2658
digits_n200,20,2,dijkstra,D,3,1,0.01253788,0.012533153,0.9996229825137902,0,200,2658
digits_n200,20,2,johnson,J,3,1,0.016051547,0.016055929,1.00027299549383,0,200,2658
digits_n200,20,2,floyd_warshall,FW,3,1,0.012192028,0.012196045,1.0003294775897824,0,200,2658
digits_n200,20,2,dijkstra,D,4,1,0.013637953,0.013641459,1.00025707670352,0,200,2658
digits_n200,20,2,johnson,J,4,1,0.017481924,0.01748598,1.0002320110761265,0,200,2658
digits_n200,20,2,floyd_warshall,FW,4,1,0.011811072,0.011814788,1.0003146200446495,0,200,2658
digits_n200,20,2,floyd_warshall,FW,5,1,0.013218585,0.013222085,1.0002647787187509,0,200,2658
digits_n200,20,2,dijkstra,D,5,1,0.014198574,0.014203195,1.0003254552182494,0,200,2658
digits_n200,20,2,johnson,J,5,1,0.016413391,0.016417842,1.0002711810131129,0,200,2658
digits_n200,20,2,johnson,J,6,1,0.015979029,0.015983161,1.0002585889292772,0,200,2658
digits_n200,20,2,dijkstra,D,6,1,0.012847081,0.012850707,1.0002822431025382,0,200,2658
digits_n200,20,2,floyd_warshall,FW,6,1,0.01306865,0.013072948,1.0003288786523474,0,200,2658
digits_n200,5,3,dijkstra,D,1,6,0.009536632,0.00953705,1.000043830987711,0,200,700
digits_n200,5,3,johnson,J,1,1,0.010629171,0.010633853,1.00044048590431,0,200,700
digits_n200,5,3,floyd_warshall,FW,1,1,0.007878175,0.007898319,1.0025569373617622,0,200,700
digits_n200,5,3,johnson,J,2,1,0.007830082,0.007834732,1.0005938635125404,0,200,700
digits_n200,5,3,floyd_warshall,FW,2,1,0.007688883,0.007692358,1.0004519512131995,0,200,700
digits_n200,5,3,dijkstra,D,2,6,0.0064871246666666,0.0064873825,1.0000397453951606,0,200,700
digits_n200,5,3,dijkstra,D,3,6,0.0064392356666666,0.0064394328333333,1.0000306195761226,0,200,700
digits_n200,5,3,floyd_warshall,FW,3,1,0.007182486,0.007185874,1.0004717029730374,0,200,700
digits_n200,5,3,johnson,J,3,1,0.00825635,0.008260026,1.0004452330630362,0,200,700
digits_n200,5,3,johnson,J,4,1,0.007927303,0.007930818,1.0004434042700272,0,200,700
digits_n200,5,3,dijkstra,D,4,6,0.0065337638333333,0.0065339264999999,1.000024896318694,0,200,700
digits_n200,5,3,floyd_warshall,FW,4,1,0.006655062,0.006658383,1.0004990186417495,0,200,700
digits_n200,5,3,johnson,J,5,1,0.008285279,0.008288936,1.0004413852569118,0,200,700
digits_n200,5,3,floyd_warshall,FW,5,1,0.007656534,0.007660016,1.0004547749673678,0,200,700
digits_n200,5,3,dijkstra,D,5,6,0.006897018,0.0068972243333333,1.0000299163106916,0,200,700
digits_n200,5,3,dijkstra,D,6,6,0.0071174626666666,0.0071153186666666,0.999698769055714,0,200,700
digits_n200,5,3,johnson,J,6,1,0.008804999,0.008810428,1.0006165815578172,0,200,700
digits_n200,5,3,floyd_warshall,FW,6,1,0.007830989,0.007836771,1.0007383486300387,0,200,700
digits_n200,10,3,dijkstra,D,1,6,0.0086399746666666,0.0086387208333333,0.9998548799757284,0,200,1347
digits_n200,10,3,johnson,J,1,1,0.010908879,0.010912958,1.0003739155966438,0,200,1347
digits_n200,10,3,floyd_warshall,FW,1,1,0.011711592,0.011715182,1.0003065339024788,0,200,1347
digits_n200,10,3,johnson,J,2,1,0.010950747,0.010954434,1.0003366893600958,0,200,1347
digits_n200,10,3,dijkstra,D,2,6,0.0087210531666666,0.0087209965,0.9999935023138165,0,200,1347
digits_n200,10,3,floyd_warshall,FW,2,1,0.010987529,0.010991046,1.0003200901676803,0,200,1347
digits_n200,10,3,dijkstra,D,3,6,0.0090905581666666,0.0090918719999999,1.000144527245659,0,200,1347
digits_n200,10,3,floyd_warshall,FW,3,1,0.012007783,0.012003204,0.999618663994844,0,200,1347
digits_n200,10,3,johnson,J,3,1,0.011865733,0.011869093,1.0002831683470377,0,200,1347
digits_n200,10,3,dijkstra,D,4,6,0.0086397928333333,0.0086368201666666,0.9996559331081184,0,200,1347
digits_n200,10,3,floyd_warshall,FW,4,1,0.010855046,0.010858406,1.0003095334648973,0,200,1347
digits_n200,10,3,johnson,J,4,1,0.011671181,0.011675193,1.0003437527016332,0,200,1347
digits_n200,10,3,dijkstra,D,5,6,0.0088050546666666,0.0088053261666666,1.0000308345615418,0,200,1347
digits_n200,10,3,johnson,J,5,1,0.011323725,0.011327445,1.00032851380619,0,200,1347
digits_n200,10,3,floyd_warshall,FW,5,1,0.010653142,0.010668739,1.001464075105729,0,200,1347
digits_n200,10,3,johnson,J,6,1,0.01150744,0.011510532,1.000268695730762,0,200,1347
digits_n200,10,3,floyd_warshall,FW,6,1,0.010575627,0.010578624,1.000283387453056,0,200,1347
digits_n200,10,3,dijkstra,D,6,6,0.00892241,0.0089224278333333,1.0000019987126048,0,200,1347
digits_n200,20,3,dijkstra,D,1,1,0.012490042,0.012493842,1.0003042423716428,0,200,2685
digits_n200,20,3,johnson,J,1,1,0.017225389,0.01722875,1.0001951189607388,0,200,2685
digits_n200,20,3,floyd_warshall,FW,1,1,0.012728076,0.01273146,1.000265868934158,0,200,2685
digits_n200,20,3,johnson,J,2,1,0.017907231,0.017910374,1.0001755156897234,0,200,2685
digits_n200,20,3,floyd_warshall,FW,2,1,0.012976271,0.012979819,1.0002734221564886,0,200,2685
digits_n200,20,3,dijkstra,D,2,1,0.013091671,0.013094492,1.0002154805142904,0,200,2685
digits_n200,20,3,floyd_warshall,FW,3,1,0.012178817,0.01218172,1.0002383646950277,0,200,2685
digits_n200,20,3,johnson,J,3,1,0.016828199,0.01683104,1.0001688237701492,0,200,2685
digits_n200,20,3,dijkstra,D,3,1,0.013126914,0.013129729,1.0002144449182802,0,200,2685
digits_n200,20,3,floyd_warshall,FW,4,1,0.012487613,0.012490098,1.0001989971982637,0,200,2685
digits_n200,20,3,dijkstra,D,4,1,0.013351089,0.013353836,1.0002057510065283,0,200,2685
digits_n200,20,3,johnson,J,4,1,0.017125392,0.017127611,1.0001295736763285,0,200,2685
digits_n200,20,3,floyd_warshall,FW,5,1,0.013033003,0.013036269,1.0002505945866813,0,200,2685
digits_n200,20,3,johnson,J,5,1,0.01840016,0.018403359,1.0001738571838508,0,200,2685
digits_n200,20,3,dijkstra,D,5,1,0.013376919,0.013380447,1.0002637378607138,0,200,2685
digits_n200,20,3,johnson,J,6,1,0.017853242,0.017856193,1.0001652921077304,0,200,2685
digits_n200,20,3,dijkstra,D,6,1,0.013500445,0.01350362,1.00023517743304,0,200,2685
digits_n200,20,3,floyd_warshall,FW,6,1,0.01282183,0.012815583,0.999512784056566,0,200,2685
digits_n200,5,4,dijkstra,D,1,8,0.006379568375,0.006379603,1.000005427483172,0,200,692
digits_n200,5,4,johnson,J,1,7,0.006998665,0.0069988072857142,1.0000203304079114,0,200,692
digits_n200,5,4,floyd_warshall,FW,1,7,0.0069899334285714,0.0069899545714285,1.0000030247580125,0,200,692
digits_n200,5,4,dijkstra,D,2,8,0.006458680375,0.0064587345,1.0000083801948474,0,200,692
digits_n200,5,4,floyd_warshall,FW,2,7,0.0072600872857142,0.0072601705714285,1.000011471723549,0,200,692
digits_n200,5,4,johnson,J,2,7,0.0074185777142857,0.007417427,0.9998448874797794,0,200,692
digits_n200,5,4,johnson,J,3,7,0.0075084557142857,0.0075084717142857,1.000002130930861,0,200,692
digits_n200,5,4,dijkstra,D,3,8,0.0061768665,0.006176848,0.9999970049538872,0,200,692
digits_n200,5,4,floyd_warshall,FW,3,7,0.0072909632857142,0.0072910254285714,1.0000085232711655,0,200,692
digits_n200,5,4,floyd_warshall,FW,4,7,0.007402052,0.0074020788571428,1.0000036283375011,0,200,692
digits_n200,5,4,johnson,J,4,7,0.0076786808571428,0.0076756055714285,0.9995995033819612,0,200,692
digits_n200,5,4,dijkstra,D,4,8,0.006301712125,0.006301687375,0.999996072495933,0,200,692
digits_n200,5,4,floyd_warshall,FW,5,7,0.0070263501428571,0.0070264021428571,1.00000740071288,0,200,692
digits_n200,5,4,dijkstra,D,5,8,0.0065130855,0.006512028,0.9998376345589198,0,200,692
digits_n200,5,4,johnson,J,5,7,0.007579796,0.0075815895714285,1.0002366252902548,0,200,692
digits_n200,5,4,johnson,J,6,7,0.0068779251428571,0.0068807865714285,1.000416030781376,0,200,692
digits_n200,5,4,floyd_warshall,FW,6,7,0.0070145284285714,0.0070146322857142,1.0000148060049816,0,200,692
digits_n200,5,4,dijkstra,D,6,8,0.00623967125,0.006239591375,0.9999871988448108,0,200,692
digits_n200,10,4,johnson,J,1,1,0.011497188,0.011501785,1.0003998368992488,0,200,1353
digits_n200,10,4,dijkstra,D,1,6,0.008985103,0.008985241,1.0000153587554867,0,200,1353
digits_n200,10,4,floyd_warshall,FW,1,6,0.0099177703333333,0.0099176568333333,0.9999885558955102,0,200,1353
digits_n200,10,4,floyd_warshall,FW,2,6,0.009562899,0.0095627511666666,0.9999845409500472,0,200,1353
digits_n200,10,4,johnson,J,2,1,0.01122092,0.01122375,1.0002522074838782,0,200,1353
digits_n200,10,4,dijkstra,D,2,6,0.0087908098333333,0.008790725,0.999990349770392,0,200,1353
digits_n200,10,4,floyd_warshall,FW,3,6,0.009752842,0.009752682,0.9999835945255752,0,200,1353
digits_n200,10,4,johnson,J,3,1,0.011265879,0.011261801,0.9996380220309484,0,200,1353
digits_n200,10,4,dijkstra,D,3,6,0.0085249673333333,0.0085247838333333,0.9999784749908328,0,200,1353
digits_n200,10,4,floyd_warshall,FW,4,6,0.0098746893333333,0.0098745845,0.9999893836322546,0,200,1353
digits_n200,10,4,dijkstra,D,4,6,0.0085780198333333,0.0085778119999999,0.9999757714090928,0,200,1353
digits_n200,10,4,johnson,J,4,1,0.011319627,0.011322795,1.0002798678790388,0,200,1353
digits_n200,10,4,johnson,J,5,1,0.011073165,0.011076311,1.0002841102792202,0,200,1353
digits_n200,10,4,floyd_warshall,FW,5,6,0.010357517,0.0103574438333333,0.9999929358873688,0,200,1353
digits_n200,10,4,dijkstra,D,5,6,0.0089219021666666,0.0089183731666666,0.9996044565459162,0,200,1353
digits_n200,10,4,dijkstra,D,6,6,0.0087327228333333,0.0087313575,0.9998436531927796,0,200,1353
digits_n200,10,4,johnson,J,6,1,0.011447027,0.011450167,1.0002743070318607,0,200,1353
digits_n200,10,4,floyd_warshall,FW,6,6,0.0097437165,0.0097434833333333,0.9999760700481518,0,200,1353
digits_n200,20,4,johnson,J,1,1,0.015886507,0.015889998,1.0002197462286706,0,200,2695
digits_n200,20,4,floyd_warshall,FW,1,1,0.011403406,0.011406839,1.0003010504054666,0,200,2695
digits_n200,20,4,dijkstra,D,1,1,0.013045134,0.013050906,1.0004424638336409,0,200,2695
digits_n200,20,4,johnson,J,2,1,0.01769264,0.017695566,1.0001653795024372,0,200,2695
digits_n200,20,4,floyd_warshall,FW,2,1,0.012656257,0.012658952,1.0002129381538316,0,200,2695
digits_n200,20,4,dijkstra,D,2,1,0.013105912,0.013108663,1.0002099052702322,0,200,2695
digits_n200,20,4,floyd_warshall,FW,3,1,0.013402287,0.013405737,1.000257418752486,0,200,2695
digits_n200,20,4,dijkstra,D,3,1,0.012926787,0.012930499,1.000287155655926,0,200,2695
digits_n200,20,4,johnson,J,3,1,0.016011216,0.016014664,1.0002153490403227,0,200,2695
digits_n200,20,4,dijkstra,D,4,1,0.013319528,0.013323057,1.0002649493285347,0,200,2695
digits_n200,20,4,johnson,J,4,1,0.017472646,0.017475199,1.000146114103153,0,200,2695
digits_n200,20,4,floyd_warshall,FW,4,1,0.012844075,0.012849544,1.000425799444491,0,200,2695
digits_n200,20,4,johnson,J,5,1,0.017215273,0.017219358,1.0002372892953832,0,200,2695
digits_n200,20,4,floyd_warshall,FW,5,1,0.013703088,0.013706317,1.0002356403169854,0,200,2695
digits_n200,20,4,dijkstra,D,5,1,0.01321116,0.013214068,1.0002201169314429,0,200,2695
digits_n200,20,4,johnson,J,6,1,0.017835108,0.017838306,1.000179309259019,0,200,2695
digits_n200,20,4,dijkstra,D,6,1,0.01411811,0.014121472,1.0002381338578603,0,200,2695
digits_n200,20,4,floyd_warshall,FW,6,1,0.013309478,0.013312752,1.000245990113211,0,200,2695
digits_n250,5,0,floyd_warshall,FW,1,1,0.013712679,0.013717387,1.0003433318901434,0,250,897
digits_n250,5,0,johnson,J,1,1,0.012699113,0.012702997,1.000305848132858,0,250,897
digits_n250,5,0,dijkstra,D,1,1,0.010012053,0.010015655,1.00035976637359,0,250,897
digits_n250,5,0,johnson,J,2,1,0.013541708,0.0135452,1.0002578699821325,0,250,897
digits_n250,5,0,dijkstra,D,2,1,0.010247775,0.010251802,1.000392963350581,0,250,897
digits_n250,5,0,floyd_warshall,FW,2,1,0.014104564,0.014108273,1.0002629645269432,0,250,897
digits_n250,5,0,johnson,J,3,1,0.012521615,0.012525355,1.0002986835164631,0,250,897
digits_n250,5,0,dijkstra,D,3,1,0.009883049,0.009886451,1.000344225754623,0,250,897
digits_n250,5,0,floyd_warshall,FW,3,1,0.014673592,0.014666001,0.9994826760891268,0,250,897
digits_n250,5,0,floyd_warshall,FW,4,1,0.014530735,0.014534092,1.0002310275426536,0,250,897
digits_n250,5,0,dijkstra,D,4,1,0.010498502,0.010502247,1.0003567175583716,0,250,897
digits_n250,5,0,johnson,J,4,1,0.013055345,0.013058526,1.0002436549934146,0,250,897
digits_n250,5,0,floyd_warshall,FW,5,1,0.013789971,0.013793254,1.000238071566648,0,250,897
digits_n250,5,0,johnson,J,5,1,0.012498829,0.012501976,1.0002517835870866,0,250,897
digits_n250,5,0,dijkstra,D,5,1,0.010283818,0.010305733,1.0021310178768237,0,250,897
digits_n250,5,0,johnson,J,6,1,0.012583891,0.012577991,0.9995311466064034,0,250,897
digits_n250,5,0,floyd_warshall,FW,6,1,0.012730677,0.012733916,1.0002544248039598,0,250,897
digits_n250,5,0,dijkstra,D,6,1,0.010032361,0.010035865,1.0003492697282323,0,250,897
digits_n250,10,0,johnson,J,1,1,0.018294864,0.018299862,1.0002731914268397,0,250,1712
digits_n250,10,0,dijkstra,D,1,1,0.014205146,0.014209223,1.0002870086657327,0,250,1712
digits_n250,10,0,floyd_warshall,FW,1,1,0.021487176,0.021508322,1.0009841218780913,0,250,1712
digits_n250,10,0,floyd_warshall,FW,2,1,0.02173477,0.021737525,1.0001267554246032,0,250,1712
digits_n250,10,0,johnson,J,2,1,0.017714701,0.017717774,1.0001734717396584,0,250,1712
digits_n250,10,0,dijkstra,D,2,1,0.013407461,0.013410514,1.0002277090345442,0,250,1712
digits_n250,10,0,floyd_warshall,FW,3,1,0.020476775,0.020479786,1.000147044639598,0,250,1712
digits_n250,10,0,johnson,J,3,1,0.018828547,0.018832228,1.0001955010123722,0,250,1712
digits_n250,10,0,dijkstra,D,3,1,0.014907931,0.014911366,1.0002304142674123,0,250,1712
digits_n250,10,0,floyd_warshall,FW,4,1,0.022125564,0.022128463,1.0001310249085629,0,250,1712
digits_n250,10,0,dijkstra,D,4,1,0.014183081,0.01418695,1.0002727898120305,0,250,1712
digits_n250,10,0,johnson,J,4,1,0.018721606,0.018724918,1.0001769078998886,0,250,1712
digits_n250,10,0,floyd_warshall,FW,5,1,0.020420597,0.020423297,1.0001322194449065,0,250,1712
digits_n250,10,0,johnson,J,5,1,0.017774605,0.017778053,1.0001939846201926,0,250,1712
digits_n250,10,0,dijkstra,D,5,1,0.013691232,0.013694178,1.0002151742078431,0,250,1712
digits_n250,10,0,dijkstra,D,6,1,0.013969008,0.013962951,0.9995663972703,0,250,1712
digits_n250,10,0,johnson,J,6,1,0.018288483,0.018291516,1.0001658420766777,0,250,1712
digits_n250,10,0,floyd_warshall,FW,6,1,0.022990398,0.022993691,1.0001432337100038,0,250,1712
digits_n250,20,0,floyd_warshall,FW,1,1,0.025553607,0.025557773,1.000163029821974,0,250,3355
digits_n250,20,0,johnson,J,1,1,0.025396386,0.025400112,1.000146713788332,0,250,3355
digits_n250,20,0,dijkstra,D,1,1,0.020164062,0.02016681,1.000136282064596,0,250,3355
digits_n250,20,0,floyd_warshall,FW,2,1,0.024663082,0.024665957,1.0001165709946551,0,250,3355
digits_n250,20,0,dijkstra,D,2,1,0.02025267,0.020255594,1.000144376025482,0,250,3355
digits_n250,20,0,johnson,J,2,1,0.027757971,0.027759995,1.0000729159923107,0,250,3355
digits_n250,20,0,dijkstra,D,3,1,0.020928679,0.020931562,1.000137753558168,0,250,3355
digits_n250,20,0,johnson,J,3,1,0.027537979,0.027539917,1.0000703755348204,0,250,3355
digits_n250,20,0,floyd_warshall,FW,3,1,0.025189842,0.025192914,1.0001219539209496,0,250,3355
digits_n250,20,0,johnson,J,4,1,0.028190142,0.028192815,1.0000948203808266,0,250,3355
digits_n250,20,0,floyd_warshall,FW,4,1,0.024424609,0.024426707,1.0000858969738269,0,250,3355
digits_n250,20,0,dijkstra,D,4,1,0.021001282,0.021003839,1.0001217544719414,0,250,3355
digits_n250,20,0,floyd_warshall,FW,5,1,0.02383905,0.023841528,1.0001039470952071,0,250,3355
digits_n250,20,0,dijkstra,D,5,1,0.020974955,0.020976927,1.0000940168882364,0,250,3355
digits_n250,20,0,johnson,J,5,1,0.026849675,0.026851804,1.0000792933247795,0,250,3355
digits_n250,20,0,floyd_warshall,FW,6,1,0.023874534,0.023877754,1.000134871742418,0,250,3355
digits_n250,20,0,dijkstra,D,6,1,0.020696454,0.020691349,0.999753339388477,0,250,3355
digits_n250,20,0,johnson,J,6,1,0.027097978,0.027100515,1.000093623221629,0,250,3355
digits_n250,5,1,dijkstra,D,1,1,0.010589675,0.01059508,1.0005104028216163,0,250,875
digits_n250,5,1,floyd_warshall,FW,1,1,0.01693019,0.016927919,0.999865860926546,0,250,875
digits_n250,5,1,johnson,J,1,1,0.012785495,0.012788994,1.0002736694981305,0,250,875
digits_n250,5,1,dijkstra,D,2,1,0.01105219,0.011056817,1.0004186500594,0,250,875
digits_n250,5,1,johnson,J,2,1,0.013649437,0.013654598,1.0003781108334358,0,250,875
digits_n250,5,1,floyd_warshall,FW,2,1,0.018229993,0.018235512,1.000302742848009,0,250,875
digits_n250,5,1,dijkstra,D,3,1,0.010886547,0.010892064,1.0005067722575396,0,250,875
digits_n250,5,1,johnson,J,3,1,0.013547947,0.013553297,1.0003948937798472,0,250,875
digits_n250,5,1,floyd_warshall,FW,3,1,0.01698934,0.017006183,1.0009913863634492,0,250,875
digits_n250,5,1,johnson,J,4,1,0.013015536,0.013019254,1.00028565861598,0,250,875
digits_n250,5,1,dijkstra,D,4,1,0.010994632,0.011005726,1.0010090378650236,0,250,875
digits_n250,5,1,floyd_warshall,FW,4,1,0.016895519,0.016899075,1.0002104700068697,0,250,875
digits_n250,5,1,dijkstra,D,5,1,0.010080292,0.010084395,1.0004070318597913,0,250,875
digits_n250,5,1,floyd_warshall,FW,5,1,0.016099182,0.016102093,1.0001808166402493,0,250,875
digits_n250,5,1,johnson,J,5,1,0.012435152,0.012438903,1.0003016448854023,0,250,875
digits_n250,5,1,johnson,J,6,1,0.013359732,0.013363463,1.0002792720692302,0,250,875
digits_n250,5,1,dijkstra,D,6,1,0.01074427,0.01074839,1.0003834602071615,0,250,875
digits_n250,5,1,floyd_warshall,FW,6,1,0.017577091,0.017581203,1.0002339408722412,0,250,875
digits_n250,10,1,floyd_warshall,FW,1,1,0.02068657,0.020691727,1.000249292173618,0,250,1699
digits_n250,10,1,johnson,J,1,1,0.017720373,0.017715891,0.9997470707868282,0,250,1699
digits_n250,10,1,dijkstra,D,1,1,0.013534219,0.013538462,1.0003135016508895,0,250,1699
digits_n250,10,1,floyd_warshall,FW,2,1,0.020163386,0.020166959,1.0001772023805924,0,250,1699
digits_n250,10,1,johnson,J,2,1,0.017926632,0.017929301,1.0001488846315358,0,250,1699
digits_n250,10,1,dijkstra,D,2,1,0.014578217,0.0145825,1.0002937945017556,0,250,1699
digits_n250,10,1,floyd_warshall,FW,3,1,0.021287875,0.021282623,0.999753286788841,0,250,1699
digits_n250,10,1,johnson,J,3,1,0.017696984,0.017699996,1.0001701984925793,0,250,1699
digits_n250,10,1,dijkstra,D,3,1,0.0144838,0.014487865,1.000280658390754,0,250,1699
digits_n250,10,1,dijkstra,D,4,1,0.013330683,0.013334909,1.000317013014262,0,250,1699
digits_n250,10,1,floyd_warshall,FW,4,1,0.019076419,0.019078734,1.0001213540130356,0,250,1699
digits_n250,10,1,johnson,J,4,1,0.017369369,0.017388922,1.0011257173475905,0,250,1699
digits_n250,10,1,floyd_warshall,FW,5,1,0.018910706,0.018917974,1.0003843325574413,0,250,1699
digits_n250,10,1,dijkstra,D,5,1,0.014348551,0.014352011,1.0002411393317694,0,250,1699
digits_n250,10,1,johnson,J,5,1,0.018435686,0.018439624,1.0002136074567554,0,250,1699
digits_n250,10,1,dijkstra,D,6,1,0.014490162,0.014494025,1.0002665946729927,0,250,1699
digits_n250,10,1,floyd_warshall,FW,6,1,0.021652526,0.021656517,1.0001843202959324,0,250,1699
digits_n250,10,1,johnson,J,6,1,0.018068591,0.018072052,1.0001915478633616,0,250,1699
digits_n250,20,1,floyd_warshall,FW,1,1,0.02180885,0.02181293,1.0001870800156818,0,250,3342
digits_n250,20,1,johnson,J,1,1,0.024356893,0.024359283,1.0000981241737197,0,250,3342
digits_n250,20,1,dijkstra,D,1,1,0.022720905,0.02272751,1.000290701448732,0,250,3342
digits_n250,20,1,dijkstra,D,2,1,0.021718159,0.021723768,1.0002582631428385,0,250,3342
digits_n250,20,1,johnson,J,2,1,0.024046558,0.024044479,0.9999135427199186,0,250,3342
digits_n250,20,1,floyd_warshall,FW,2,1,0.021584183,0.021589514,1.0002469864159325,0,250,3342
digits_n250,20,1,johnson,J,3,1,0.024438712,0.024433558,0.9997891050886806,0,250,3342
digits_n250,20,1,dijkstra,D,3,1,0.020542706,0.020548265,1.000270606997929,0,250,3342
digits_n250,20,1,floyd_warshall,FW,3,1,0.021447763,0.021454197,1.0002999846650673,0,250,3342
digits_n250,20,1,dijkstra,D,4,1,0.020570862,0.020575749,1.0002375690430474,0,250,3342
digits_n250,20,1,johnson,J,4,1,0.025280112,0.02528537,1.0002079895848563,0,250,3342
digits_n250,20,1,floyd_warshall,FW,4,1,0.022369726,0.022375971,1.0002791719487312,0,250,3342
digits_n250,20,1,dijkstra,D,5,1,0.021634019,0.021640259,1.0002884346177194,0,250,3342
digits_n250,20,1,johnson,J,5,1,0.025733394,0.025738494,1.0001981860612712,0,250,3342
digits_n250,20,1,floyd_warshall,FW,5,1,0.021847643,0.021853677,1.000276185399038,0,250,3342
digits_n250,20,1,johnson,J,6,1,0.025488397,0.025493078,1.0001836521927998,0,250,3342
digits_n250,20,1,dijkstra,D,6,1,0.020544661,0.020552971,1.000404484649321,0,250,3342
digits_n250,20,1,floyd_warshall,FW,6,1,0.022323485,0.022330148,1.0002984749021042,0,250,3342
digits_n250,5,2,floyd_warshall,FW,1,1,0.012828797,0.012832731,1.000306653850708,0,250,878
digits_n250,5,2,dijkstra,D,1,1,0.010177872,0.010182761,1.0004803558150468,0,250,878
digits_n250,5,2,johnson,J,1,1,0.010981214,0.010984228,1.0002744687427092,0,250,878
digits_n250,5,2,johnson,J,2,1,0.01124889,0.011252049,1.000280827708334,0,250,878
digits_n250,5,2,floyd_warshall,FW,2,1,0.013637869,0.013641074,1.000235007390084,0,250,878
digits_n250,5,2,dijkstra,D,2,1,0.010413136,0.010416967,1.000367900697734,0,250,878
digits_n250,5,2,dijkstra,D,3,1,0.010489283,0.01049405,1.000454463856109,0,250,878
digits_n250,5,2,floyd_warshall,FW,3,1,0.012606065,0.012609079,1.0002390912628167,0,250,878
digits_n250,5,2,johnson,J,3,1,0.012500914,0.012504387,1.0002778196858246,0,250,878
digits_n250,5,2,floyd_warshall,FW,4,1,0.014904844,0.014908531,1.000247369244522,0,250,878
digits_n250,5,2,dijkstra,D,4,1,0.011022265,0.011026269,1.0003632647191842,0,250,878
digits_n250,5,2,johnson,J,4,1,0.013398978,0.01340247,1.0002606168918255,0,250,878
digits_n250,5,2,floyd_warshall,FW,5,1,0.013379142,0.013382113,1.000222062072441,0,250,878
digits_n250,5,2,dijkstra,D,5,1,0.011262999,0.011266576,1.0003175885925233,0,250,878
digits_n250,5,2,johnson,J,5,1,0.01345622,0.01345947,1.0002415239941085,0,250,878
digits_n250,5,2,johnson,J,6,1,0.014049257,0.014053147,1.000276882969683,0,250,878
digits_n250,5,2,dijkstra,D,6,1,0.011218465,0.011222783,1.0003849011428925,0,250,878
digits_n250,5,2,floyd_warshall,FW,6,1,0.015497834,0.015501825,1.000257519857291,0,250,878
digits_n250,10,2,johnson,J,1,1,0.018002314,0.018006702,1.0002437464428184,0,250,1694
digits_n250,10,2,dijkstra,D,1,1,0.014239821,0.014244884,1.0003555522221803,0,250,1694
digits_n250,10,2,floyd_warshall,FW,1,1,0.018286998,0.018290344,1.000182971529827,0,250,1694
digits_n250,10,2,johnson,J,2,1,0.017807079,0.017810572,1.000196157943703,0,250,1694
digits_n250,10,2,dijkstra,D,2,1,0.013450352,0.013453369,1.0002243063973344,0,250,1694
digits_n250,10,2,floyd_warshall,FW,2,1,0.01886309,0.018865116,1.0001074055205166,0,250,1694
digits_n250,10,2,johnson,J,3,1,0.018017251,0.018019956,1.0001501338911245,0,250,1694
digits_n250,10,2,floyd_warshall,FW,3,1,0.020105759,0.020107859,1.0001044476858594,0,250,1694
digits_n250,10,2,dijkstra,D,3,1,0.013254109,0.013257475,1.0002539589798152,0,250,1694
digits_n250,10,2,floyd_warshall,FW,4,1,0.020542072,0.02054462,1.0001240381203995,0,250,1694
digits_n250,10,2,dijkstra,D,4,1,0.014707319,0.014711199,1.0002638142274605,0,250,1694
digits_n250,10,2,johnson,J,4,1,0.018090433,0.018093677,1.0001793213020385,0,250,1694
digits_n250,10,2,johnson,J,5,1,0.017329809,0.017332189,1.000137335616336,0,250,1694
digits_n250,10,2,dijkstra,D,5,1,0.013925044,0.013928102,1.0002196043330276,0,250,1694
digits_n250,10,2,floyd_warshall,FW,5,1,0.020688511,0.020691375,1.0001384343223154,0,250,1694
digits_n250,10,2,dijkstra,D,6,1,0.014188183,0.014191783,1.000253732278474,0,250,1694
digits_n250,10,2,floyd_warshall,FW,6,1,0.020571196,0.020573926,1.0001327098336916,0,250,1694
digits_n250,10,2,johnson,J,6,1,0.017352366,0.017355203,1.0001634935547117,0,250,1694
digits_n250,20,2,floyd_warshall,FW,1,1,0.023846308,0.023849993,1.0001545312590947,0,250,3326
digits_n250,20,2,johnson,J,1,1,0.026402489,0.026404885,1.0000907490199125,0,250,3326
digits_n250,20,2,dijkstra,D,1,1,0.019985357,0.019988643,1.0001644203803817,0,250,3326
digits_n250,20,2,dijkstra,D,2,1,0.019566842,0.019569262,1.000123678619166,0,250,3326
digits_n250,20,2,johnson,J,2,1,0.02701961,0.027021458,1.0000683947695768,0,250,3326
digits_n250,20,2,floyd_warshall,FW,2,1,0.02533436,0.025336916,1.000100890648116,0,250,3326
digits_n250,20,2,floyd_warshall,FW,3,1,0.02544818,0.025452513,1.0001702675790567,0,250,3326
digits_n250,20,2,johnson,J,3,1,0.029976471,0.029980013,1.0001181593390365,0,250,3326
digits_n250,20,2,dijkstra,D,3,1,0.022276253,0.022279595,1.000150025230904,0,250,3326
digits_n250,20,2,floyd_warshall,FW,4,1,0.023784553,0.02376895,0.9993439859895622,0,250,3326
digits_n250,20,2,dijkstra,D,4,1,0.021079721,0.021083764,1.0001917957073532,0,250,3326
digits_n250,20,2,johnson,J,4,1,0.028635181,0.028629089,0.9997872547060206,0,250,3326
digits_n250,20,2,floyd_warshall,FW,5,1,0.022149628,0.022154906,1.0002382884263337,0,250,3326
digits_n250,20,2,johnson,J,5,1,0.028287931,0.02828066,0.9997429645879722,0,250,3326
digits_n250,20,2,dijkstra,D,5,1,0.020429383,0.020432459,1.0001505674449396,0,250,3326
digits_n250,20,2,johnson,J,6,1,0.026754,0.02675707,1.000114749196382,0,250,3326
digits_n250,20,2,dijkstra,D,6,1,0.020459127,0.02046194,1.0001374936477003,0,250,3326
digits_n250,20,2,floyd_warshall,FW,6,1,0.021965426,0.021968507,1.0001402658887657,0,250,3326
digits_n250,5,3,dijkstra,D,1,1,0.010265601,0.010270402,1.000467678414542,0,250,888
digits_n250,5,3,johnson,J,1,1,0.012778262,0.012782049,1.0002963626821864,0,250,888
digits_n250,5,3,floyd_warshall,FW,1,1,0.014484148,0.014487254,1.00021444133269,0,250,888
digits_n250,5,3,dijkstra,D,2,1,0.010229454,0.010233102,1.000356617274001,0,250,888
digits_n250,5,3,johnson,J,2,1,0.012399179,0.012402713,1.0002850188710075,0,250,888
digits_n250,5,3,floyd_warshall,FW,2,1,0.014528219,0.014531422,1.0002204674915762,0,250,888
digits_n250,5,3,johnson,J,3,1,0.011963101,0.011965973,1.0002400715332922,0,250,888
digits_n250,5,3,dijkstra,D,3,1,0.009784786,0.009788699,1.0003999065487992,0,250,888
digits_n250,5,3,floyd_warshall,FW,3,1,0.012832258,0.012835107,1.000222018603429,0,250,888
digits_n250,5,3,dijkstra,D,4,1,0.010030176,0.01003365,1.000346354839636,0,250,888
digits_n250,5,3,johnson,J,4,1,0.012843931,0.012848509,1.0003564329331884,0,250,888
digits_n250,5,3,floyd_warshall,FW,4,1,0.013837973,0.01384127,1.0002382574384268,0,250,888
digits_n250,5,3,floyd_warshall,FW,5,1,0.013706575,0.013709882,1.0002412710688118,0,250,888
digits_n250,5,3,dijkstra,D,5,1,0.010359068,0.010362607,1.0003416330503865,0,250,888
digits_n250,5,3,johnson,J,5,1,0.012523943,0.01252707,1.0002496817495896,0,250,888
digits_n250,5,3,floyd_warshall,FW,6,1,0.014457973,0.014461428,1.0002389684916413,0,250,888
digits_n250,5,3,dijkstra,D,6,1,0.010266036,0.010270149,1.0004006414939517,0,250,888
digits_n250,5,3,johnson,J,6,1,0.012693772,0.012697023,1.0002561098466238,0,250,888
digits_n250,10,3,floyd_warshall,FW,1,1,0.02097073,0.020974623,1.0001856396987612,0,250,1679
digits_n250,10,3,johnson,J,1,1,0.017965161,0.017969147,1.0002218738813418,0,250,1679
digits_n250,10,3,dijkstra,D,1,1,0.014232707,0.014236564,1.00027099553163,0,250,1679
digits_n250,10,3,johnson,J,2,1,0.018671617,0.018674756,1.0001681161304885,0,250,1679
digits_n250,10,3,dijkstra,D,2,1,0.01408357,0.014086648,1.0002185525403005,0,250,1679
digits_n250,10,3,floyd_warshall,FW,2,1,0.019513679,0.019516135,1.0001258604284715,0,250,1679
digits_n250,10,3,johnson,J,3,1,0.017418244,0.017420831,1.0001485224342936,0,250,1679
digits_n250,10,3,floyd_warshall,FW,3,1,0.018832646,0.018835119,1.0001313145269124,0,250,1679
digits_n250,10,3,dijkstra,D,3,1,0.013368465,0.013371206,1.0002050347590392,0,250,1679
digits_n250,10,3,floyd_warshall,FW,4,1,0.019535015,0.0195373,1.0001169694520329,0,250,1679
digits_n250,10,3,dijkstra,D,4,1,0.014064204,0.014067337,1.0002227641180403,0,250,1679
digits_n250,10,3,johnson,J,4,1,0.017015184,0.017009763,0.9996814022111076,0,250,1679
digits_n250,10,3,floyd_warshall,FW,5,1,0.019457771,0.019460432,1.000136757699533,0,250,1679
digits_n250,10,3,johnson,J,5,1,0.017706891,0.017709368,1.000139889040939,0,250,1679
digits_n250,10,3,dijkstra,D,5,1,0.014078697,0.014082407,1.0002635187048916,0,250,1679
digits_n250,10,3,floyd_warshall,FW,6,1,0.020882446,0.020886272,1.0001832160849358,0,250,1679
digits_n250,10,3,dijkstra,D,6,1,0.014532659,0.014536864,1.0002893482878803,0,250,1679
digits_n250,10,3,johnson,J,6,1,0.018676231,0.018679896,1.0001962387378909,0,250,1679
digits_n250,20,3,dijkstra,D,1,1,0.021252918,0.021256679,1.000176963935023,0,250,3340
digits_n250,20,3,floyd_warshall,FW,1,1,0.023191767,0.02313377,0.9974992418645808,0,250,3340
digits_n250,20,3,johnson,J,1,1,0.027387448,0.027389486,1.0000744136511004,0,250,3340
digits_n250,20,3,dijkstra,D,2,1,0.020992341,0.020995716,1.0001607729218958,0,250,3340
digits_n250,20,3,floyd_warshall,FW,2,1,0.023438579,0.023441558,1.0001270981487402,0,250,3340
digits_n250,20,3,johnson,J,2,1,0.027447826,0.027441008,0.9997516014565232,0,250,3340
digits_n250,20,3,floyd_warshall,FW,3,1,0.024593023,0.024595957,1.0001193021289008,0,250,3340
digits_n250,20,3,dijkstra,D,3,1,0.021133959,0.021128985,0.9997646441918432,0,250,3340
digits_n250,20,3,johnson,J,3,1,0.027895692,0.027897311,1.0000580376353454,0,250,3340
digits_n250,20,3,johnson,J,4,1,0.028170731,0.028173385,1.0000942112577766,0,250,3340
digits_n250,20,3,dijkstra,D,4,1,0.02094464,0.020947868,1.000154120576911,0,250,3340
digits_n250,20,3,floyd_warshall,FW,4,1,0.021396568,0.021399971,1.0001590441981163,0,250,3340
digits_n250,20,3,floyd_warshall,FW,5,1,0.022548513,0.022550885,1.000105195406899,0,250,3340
digits_n250,20,3,dijkstra,D,5,1,0.019445726,0.019448545,1.0001449675882506,0,250,3340
digits_n250,20,3,johnson,J,5,1,0.02715124,0.027153427,1.0000805488073474,0,250,3340
digits_n250,20,3,johnson,J,6,1,0.027222011,0.027223966,1.000071816883771,0,250,3340
digits_n250,20,3,floyd_warshall,FW,6,1,0.023447245,0.023449531,1.000097495462687,0,250,3340
digits_n250,20,3,dijkstra,D,6,1,0.020082328,0.020084616,1.0001139310143723,0,250,3340
digits_n250,5,4,dijkstra,D,1,1,0.010853313,0.010858179,1.000448342363295,0,250,863
digits_n250,5,4,johnson,J,1,1,0.013128485,0.013133551,1.0003858784924535,0,250,863
digits_n250,5,4,floyd_warshall,FW,1,1,0.013531442,0.013537071,1.0004159940973032,0,250,863
digits_n250,5,4,floyd_warshall,FW,2,1,0.01370836,0.013712331,1.0002896772480443,0,250,863
digits_n250,5,4,dijkstra,D,2,1,0.013937674,0.01394361,1.0004258960282757,0,250,863
digits_n250,5,4,johnson,J,2,1,0.017686076,0.017690163,1.0002310857422527,0,250,863
digits_n250,5,4,floyd_warshall,FW,3,1,0.018017743,0.018021518,1.000209515697943,0,250,863
digits_n250,5,4,johnson,J,3,1,0.017587588,0.017591753,1.0002368147354828,0,250,863
digits_n250,5,4,dijkstra,D,3,1,0.014416025,0.014420494,1.000310002237094,0,250,863
digits_n250,5,4,johnson,J,4,1,0.018829245,0.018833396,1.0002204549359253,0,250,863
digits_n250,5,4,dijkstra,D,4,1,0.014659543,0.014664234,1.0003199963327642,0,250,863
digits_n250,5,4,floyd_warshall,FW,4,1,0.019110611,0.019115746,1.0002686988919405,0,250,863
digits_n250,5,4,johnson,J,5,1,0.017673361,0.017677521,1.0002353825059085,0,250,863
digits_n250,5,4,floyd_warshall,FW,5,1,0.020036589,0.020040884,1.000214357843044,0,250,863
digits_n250,5,4,dijkstra,D,5,1,0.014751442,0.014756601,1.0003497285214558,0,250,863
digits_n250,5,4,johnson,J,6,1,0.017252196,0.017256437,1.0002458237780278,0,250,863
digits_n250,5,4,floyd_warshall,FW,6,1,0.015497029,0.015501549,1.0002916688095504,0,250,863
digits_n250,5,4,dijkstra,D,6,1,0.011275228,0.011279484,1.0003774646508257,0,250,863
digits_n250,10,4,dijkstra,D,1,1,0.014272037,0.014278222,1.0004333649078965,0,250,1713
digits_n250,10,4,floyd_warshall,FW,1,1,0.019863776,0.019870049,1.00031580098366,0,250,1713
digits_n250,10,4,johnson,J,1,1,0.017437489,0.017442131,1.0002662080532352,0,250,1713
digits_n250,10,4,floyd_warshall,FW,2,1,0.018521164,0.018524455,1.0001776886161151,0,250,1713
digits_n250,10,4,johnson,J,2,1,0.018796287,0.018772839,0.998752519580064,0,250,1713
digits_n250,10,4,dijkstra,D,2,1,0.014351452,0.014355204,1.0002614369612215,0,250,1713
digits_n250,10,4,dijkstra,D,3,1,0.01366854,0.013671719,1.000232577875911,0,250,1713
digits_n250,10,4,johnson,J,3,1,0.018398387,0.018365156,0.9981938090551092,0,250,1713
digits_n250,10,4,floyd_warshall,FW,3,1,0.020438744,0.020441964,1.000157543927357,0,250,1713
digits_n250,10,4,johnson,J,4,1,0.018104025,0.018108614,1.0002534795439135,0,250,1713
digits_n250,10,4,floyd_warshall,FW,4,1,0.020242844,0.020246437,1.0001774948223678,0,250,1713
digits_n250,10,4,dijkstra,D,4,1,0.014491249,0.014496154,1.0003384801406698,0,250,1713
digits_n250,10,4,dijkstra,D,5,1,0.014050643,0.014054182,1.0002518745939244,0,250,1713
digits_n250,10,4,floyd_warshall,FW,5,1,0.020495803,0.020498699,1.000141297220704,0,250,1713
digits_n250,10,4,johnson,J,5,1,0.018423586,0.018426556,1.0001612064014032,0,250,1713
digits_n250,10,4,johnson,J,6,1,0.0176572,0.017660099,1.000164182316562,0,250,1713
digits_n250,10,4,dijkstra,D,6,1,0.014008294,0.014011442,1.0002247240099331,0,250,1713
digits_n250,10,4,floyd_warshall,FW,6,1,0.019465046,0.019467547,1.0001284867243572,0,250,1713
digits_n250,20,4,floyd_warshall,FW,1,1,0.022999933,0.023003265,1.00014486998723,0,250,3377
digits_n250,20,4,johnson,J,1,1,0.025578527,0.025581274,1.0001073947690575,0,250,3377
digits_n250,20,4,dijkstra,D,1,1,0.020197243,0.020200873,1.0001797275004316,0,250,3377
digits_n250,20,4,johnson,J,2,1,0.026793325,0.026796122,1.0001043916721797,0,250,3377
digits_n250,20,4,floyd_warshall,FW,2,1,0.023418789,0.023422209,1.0001460365862642,0,250,3377
digits_n250,20,4,dijkstra,D,2,1,0.019641202,0.019645228,1.0002049772717576,0,250,3377
digits_n250,20,4,johnson,J,3,1,0.027441215,0.027445374,1.00015156034454,0,250,3377
digits_n250,20,4,floyd_warshall,FW,3,1,0.024547684,0.024544412,0.9998667084031228,0,250,3377
digits_n250,20,4,dijkstra,D,3,1,0.02164447,0.021648114,1.000168357090749,0,250,3377
digits_n250,20,4,dijkstra,D,4,1,0.022724918,0.022728172,1.000143190835716,0,250,3377
digits_n250,20,4,floyd_warshall,FW,4,1,0.024883431,0.024886766,1.0001340249260642,0,250,3377
digits_n250,20,4,johnson,J,4,1,0.027703736,0.027706917,1.0001148220586566,0,250,3377
digits_n250,20,4,dijkstra,D,5,1,0.020504461,0.020507924,1.0001688900771395,0,250,3377
digits_n250,20,4,johnson,J,5,1,0.027204096,0.027197352,0.999752096154932,0,250,3377
digits_n250,20,4,floyd_warshall,FW,5,1,0.022346062,0.022348178,1.0000946922996992,0,250,3377
digits_n250,20,4,dijkstra,D,6,1,0.019919833,0.019922649,1.0001413666469994,0,250,3377
digits_n250,20,4,floyd_warshall,FW,6,1,0.022757969,0.022760605,1.0001158275591289,0,250,3377
digits_n250,20,4,johnson,J,6,1,0.027049319,0.027041696,0.99971818144479,0,250,3377
digits_n300,5,0,johnson,J,1,1,0.018159382,0.0181634,1.000221263036374,0,300,1077
digits_n300,5,0,dijkstra,D,1,1,0.015173309,0.015177196,1.0002561735215436,0,300,1077
digits_n300,5,0,floyd_warshall,FW,1,1,0.025223172,0.025225755,1.0001024058353962,0,300,1077
digits_n300,5,0,johnson,J,2,1,0.019629934,0.019633376,1.0001753444509798,0,300,1077
digits_n300,5,0,floyd_warshall,FW,2,1,0.023894145,0.023896928,1.0001164720478597,0,300,1077
digits_n300,5,0,dijkstra,D,2,1,0.015133233,0.01512598,0.999520723694666,0,300,1077
digits_n300,5,0,dijkstra,D,3,1,0.013887627,0.013892088,1.000321221184872,0,300,1077
digits_n300,5,0,floyd_warshall,FW,3,1,0.024109594,0.024113502,1.0001620931484785,0,300,1077
digits_n300,5,0,johnson,J,3,1,0.018462316,0.018465912,1.0001947751300542,0,300,1077
digits_n300,5,0,floyd_warshall,FW,4,1,0.024581706,0.024587596,1.000239609081648,0,300,1077
digits_n300,5,0,johnson,J,4,1,0.019753763,0.01975846,1.0002377774806754,0,300,1077
digits_n300,5,0,dijkstra,D,4,1,0.01642066,0.016424034,1.0002054728616268,0,300,1077
digits_n300,5,0,johnson,J,5,1,0.019270326,0.019266337,0.9997929977936024,0,300,1077
digits_n300,5,0,floyd_warshall,FW,5,1,0.024696108,0.024698433,1.0000941443890672,0,300,1077
digits_n300,5,0,dijkstra,D,5,1,0.015630813,0.015633944,1.0002003094784642,0,300,1077
digits_n300,5,0,dijkstra,D,6,1,0.0150427,0.015046311,1.0002400499910256,0,300,1077
digits_n300,5,0,floyd_warshall,FW,6,1,0.023826888,0.023829262,1.0000996353363478,0,300,1077
digits_n300,5,0,johnson,J,6,1,0.018222897,0.018226663,1.0002066630788728,0,300,1077
digits_n300,10,0,floyd_warshall,FW,1,1,0.031847652,0.031850023,1.0000744481885195,0,300,2077
digits_n300,10,0,dijkstra,D,1,1,0.021193024,0.021196053,1.0001429243887043,0,300,2077
digits_n300,10,0,johnson,J,1,1,0.026575822,0.026578984,1.0001189803273065,0,300,2077
digits_n300,10,0,dijkstra,D,2,1,0.021122549,0.02112591,1.0001591190532924,0,300,2077
digits_n300,10,0,floyd_warshall,FW,2,1,0.032947129,0.032950337,1.0000973681196927,0,300,2077
digits_n300,10,0,johnson,J,2,1,0.026946124,0.026949494,1.0001250643691837,0,300,2077
digits_n300,10,0,johnson,J,3,1,0.025917086,0.02592063,1.0001367437681845,0,300,2077
digits_n300,10,0,floyd_warshall,FW,3,1,0.032799107,0.032801823,1.0000828071325234,0,300,2077
digits_n300,10,0,dijkstra,D,3,1,0.020966751,0.020971971,1.0002489656122686,0,300,2077
digits_n300,10,0,floyd_warshall,FW,4,1,0.032692995,0.032696488,1.0001068424596768,0,300,2077
digits_n300,10,0,dijkstra,D,4,1,0.020489996,0.020482485,0.9996334308703624,0,300,2077
digits_n300,10,0,johnson,J,4,1,0.025483914,0.025498181,1.0005598433584415,0,300,2077
digits_n300,10,0,floyd_warshall,FW,5,1,0.032982387,0.032984142,1.0000532102179265,0,300,2077
digits_n300,10,0,johnson,J,5,1,0.024411042,0.024414498,1.0001415752756475,0,300,2077
digits_n300,10,0,dijkstra,D,5,1,0.02090612,0.02090999,1.0001851132587012,0,300,2077
digits_n300,10,0,johnson,J,6,1,0.025532363,0.025536441,1.0001597188634677,0,300,2077
digits_n300,10,0,floyd_warshall,FW,6,1,0.033215655,0.033218792,1.000094443418322,0,300,2077
digits_n300,10,0,dijkstra,D,6,1,0.020158174,0.020161543,1.000167128232944,0,300,2077
digits_n300,20,0,floyd_warshall,FW,1,1,0.037203574,0.037205512,1.0000520917694629,0,300,4066
digits_n300,20,0,johnson,J,1,1,0.038957069,0.03895815,1.000027748494118,0,300,4066
digits_n300,20,0,dijkstra,D,1,1,0.029333191,0.029335164,1.0000672616900084,0,300,4066
digits_n300,20,0,floyd_warshall,FW,2,1,0.039349759,0.039350567,1.0000205337979329,0,300,4066
digits_n300,20,0,johnson,J,2,1,0.037653012,0.037653842,1.0000220433892513,0,300,4066
digits_n300,20,0,dijkstra,D,2,1,0.027865908,0.027867125,1.000043673437808,0,300,4066
digits_n300,20,0,floyd_warshall,FW,3,1,0.038798683,0.038799777,1.0000281968333822,0,300,4066
digits_n300,20,0,johnson,J,3,1,0.040452849,0.040456307,1.0000854822363685,0,300,4066
digits_n300,20,0,dijkstra,D,3,1,0.0330482,0.033052026,1.0001157702991388,0,300,4066
digits_n300,20,0,johnson,J,4,1,0.044567035,0.044569261,1.0000499472311766,0,300,4066
digits_n300,20,0,floyd_warshall,FW,4,1,0.046487432,0.046489445,1.0000433020262336,0,300,4066
digits_n300,20,0,dijkstra,D,4,1,0.032926532,0.032928852,1.0000704598953816,0,300,4066
digits_n300,20,0,dijkstra,D,5,1,0.032917295,0.032920195,1.0000880995841244,0,300,4066
digits_n300,20,0,floyd_warshall,FW,5,1,0.044925871,0.044926943,1.000023861529585,0,300,4066
digits_n300,20,0,johnson,J,5,1,0.04091592,0.040916795,1.0000213853189663,0,300,4066
digits_n300,20,0,dijkstra,D,6,1,0.029089239,0.02908127,0.999726049897696,0,300,4066
digits_n300,20,0,floyd_warshall,FW,6,1,0.039622746,0.039624696,1.0000492141559296,0,300,4066
digits_n300,20,0,johnson,J,6,1,0.03845424,0.038466711,1.000324307540599,0,300,4066
digits_n300,5,1,floyd_warshall,FW,1,1,0.025997705,0.025990094,0.9997072433893684,0,300,1059
digits_n300,5,1,johnson,J,1,1,0.019097772,0.019101142,1.0001764603745402,0,300,1059
digits_n300,5,1,dijkstra,D,1,1,0.016783591,0.016759193,0.9985463182461964,0,300,1059
digits_n300,5,1,johnson,J,2,1,0.019067124,0.019070341,1.00016871972931,0,300,1059
digits_n300,5,1,dijkstra,D,2,1,0.016612452,0.016617335,1.0002939361389878,0,300,1059
digits_n300,5,1,floyd_warshall,FW,2,1,0.026710164,0.026714568,1.0001648810542685,0,300,1059
digits_n300,5,1,johnson,J,3,1,0.020591471,0.020595919,1.0002160117652596,0,300,1059
digits_n300,5,1,floyd_warshall,FW,3,1,0.02435262,0.024356104,1.0001430646887275,0,300,1059
digits_n300,5,1,dijkstra,D,3,1,0.015467766,0.015471363,1.0002325481262129,0,300,1059
digits_n300,5,1,floyd_warshall,FW,4,1,0.025897194,0.025863567,0.9987015195545896,0,300,1059
digits_n300,5,1,dijkstra,D,4,1,0.015444647,0.015447418,1.000179414913141,0,300,1059
digits_n300,5,1,johnson,J,4,1,0.016768253,0.016771444,1.0001903000867174,0,300,1059
digits_n300,5,1,dijkstra,D,5,1,0.014529561,0.014532738,1.0002186576731396,0,300,1059
digits_n300,5,1,johnson,J,5,1,0.017915709,0.017918729,1.0001685671496452,0,300,1059
digits_n300,5,1,floyd_warshall,FW,5,1,0.025986225,0.025988497,1.0000874309369674,0,300,1059
digits_n300,5,1,johnson,J,6,1,0.017974481,0.017977555,1.000171020236968,0,300,1059
digits_n300,5,1,dijkstra,D,6,1,0.015592832,0.015596455,1.0002323503517514,0,300,1059
digits_n300,5,1,floyd_warshall,FW,6,1,0.027321917,0.027325002,1.0001129130141198,0,300,1059
digits_n300,10,1,dijkstra,D,1,1,0.02088869,0.020893273,1.000219401025148,0,300,2058
digits_n300,10,1,floyd_warshall,FW,1,1,0.033498426,0.033500156,1.0000516442175524,0,300,2058
digits_n300,10,1,johnson,J,1,1,0.026358399,0.026361476,1.0001167369839117,0,300,2058
digits_n300,10,1,johnson,J,2,1,0.026040936,0.026042956,1.0000775701764328,0,300,2058
digits_n300,10,1,floyd_warshall,FW,2,1,0.033275953,0.033277187,1.0000370838364872,0,300,2058
digits_n300,10,1,dijkstra,D,2,1,0.019258416,0.019260972,1.000132721195762,0,300,2058
digits_n300,10,1,dijkstra,D,3,1,0.020195555,0.020197989,1.0001205215702167,0,300,2058
digits_n300,10,1,johnson,J,3,1,0.025280805,0.025274484,0.9997499684048828,0,300,2058
digits_n300,10,1,floyd_warshall,FW,3,1,0.034118626,0.034120302,1.0000491227284474,0,300,2058
digits_n300,10,1,dijkstra,D,4,1,0.020494521,0.020497038,1.0001228133119089,0,300,2058
digits_n300,10,1,floyd_warshall,FW,4,1,0.03328395,0.033287031,1.0000925671382153,0,300,2058
digits_n300,10,1,johnson,J,4,1,0.025896147,0.025899901,1.000144963650384,0,300,2058
digits_n300,10,1,dijkstra,D,5,1,0.020668294,0.020670661,1.0001145232402828,0,300,2058
digits_n300,10,1,johnson,J,5,1,0.027771793,0.027775024,1.0001163410659153,0,300,2058
digits_n300,10,1,floyd_warshall,FW,5,1,0.036337926,0.036329325,0.9997633051484556,0,300,2058
digits_n300,10,1,floyd_warshall,FW,6,1,0.035663612,0.035665909,1.0000644073853204,0,300,2058
digits_n300,10,1,johnson,J,6,1,0.027003299,0.026984855,0.9993169723447494,0,300,2058
digits_n300,10,1,dijkstra,D,6,1,0.020362016,0.020364688,1.0001312247274532,0,300,2058
digits_n300,20,1,floyd_warshall,FW,1,1,0.0371753,0.037177814,1.0000676255470702,0,300,4013
digits_n300,20,1,johnson,J,1,1,0.040057673,0.040061546,1.00009668559629,0,300,4013
digits_n300,20,1,dijkstra,D,1,1,0.030883624,0.030887673,1.0001311050801551,0,300,4013
digits_n300,20,1,johnson,J,2,1,0.039214923,0.039217686,1.0000704578713568,0,300,4013
digits_n300,20,1,floyd_warshall,FW,2,1,0.038438959,0.038441376,1.0000628789140724,0,300,4013
digits_n300,20,1,dijkstra,D,2,1,0.028940554,0.028942522,1.0000680014625842,0,300,4013
digits_n300,20,1,dijkstra,D,3,1,0.02998503,0.029988034,1.0001001833248124,0,300,4013
digits_n300,20,1,johnson,J,3,1,0.041300888,0.041302798,1.0000462459790211,0,300,4013
digits_n300,20,1,floyd_warshall,FW,3,1,0.040224725,0.040227105,1.0000591675890884,0,300,4013
digits_n300,20,1,floyd_warshall,FW,4,1,0.039561691,0.039551533,0.9997432364556914,0,300,4013
digits_n300,20,1,dijkstra,D,4,1,0.029878461,0.029882215,1.0001256423481786,0,300,4013
digits_n300,20,1,johnson,J,4,1,0.040534424,0.040538136,1.000091576483238,0,300,4013
digits_n300,20,1,johnson,J,5,1,0.038741219,0.038743647,1.000062672266456,0,300,4013
digits_n300,20,1,floyd_warshall,FW,5,1,0.038880886,0.03888485,1.0001019524092118,0,300,4013
digits_n300,20,1,dijkstra,D,5,1,0.029625355,0.02961784,0.9997463321536568,0,300,4013
digits_n300,20,1,dijkstra,D,6,1,0.029358245,0.029360476,1.0000759922808735,0,300,4013
digits_n300,20,1,johnson,J,6,1,0.041008347,0.040992012,0.999601666460733,0,300,4013
digits_n300,20,1,floyd_warshall,FW,6,1,0.039488167,0.039490805,1.000066804822822,0,300,4013
digits_n300,5,2,dijkstra,D,1,1,0.013706232,0.01371035,1.000300447270993,0,300,1061
digits_n300,5,2,johnson,J,1,1,0.017666718,0.017661104,0.9996822273384336,0,300,1061
digits_n300,5,2,floyd_warshall,FW,1,1,0.024254154,0.02425666,1.0001033225071465,0,300,1061
digits_n300,5,2,johnson,J,2,1,0.018755363,0.01875869,1.0001773892619408,0,300,1061
digits_n300,5,2,dijkstra,D,2,1,0.014600672,0.014622434,1.0014904793423207,0,300,1061
digits_n300,5,2,floyd_warshall,FW,2,1,0.023691502,0.023695265,1.0001588333234424,0,300,1061
digits_n300,5,2,johnson,J,3,1,0.017872365,0.017876053,1.0002063520972182,0,300,1061
digits_n300,5,2,floyd_warshall,FW,3,1,0.022566949,0.022569425,1.0001097179773837,0,300,1061
digits_n300,5,2,dijkstra,D,3,1,0.014648214,0.014650916,1.0001844593477405,0,300,1061
digits_n300,5,2,johnson,J,4,1,0.017452112,0.017455241,1.000179290621101,0,300,1061
digits_n300,5,2,dijkstra,D,4,1,0.013809746,0.013812775,1.00021933785024,0,300,1061
digits_n300,5,2,floyd_warshall,FW,4,1,0.023142651,0.023145254,1.0001124763105145,0,300,1061
digits_n300,5,2,floyd_warshall,FW,5,1,0.023281843,0.02328397,1.000091358746814,0,300,1061
digits_n300,5,2,johnson,J,5,1,0.016416847,0.016419433,1.0001575211123064,0,300,1061
digits_n300,5,2,dijkstra,D,5,1,0.014011077,0.014014258,1.0002270346526538,0,300,1061
digits_n300,5,2,floyd_warshall,FW,6,1,0.023009422,0.023011202,1.000077359613814,0,300,1061
digits_n300,5,2,johnson,J,6,1,0.01709664,0.017101307,1.0002729776143149,0,300,1061
digits_n300,5,2,dijkstra,D,6,1,0.014596595,0.014600014,1.0002342327097518,0,300,1061
digits_n300,10,2,dijkstra,D,1,1,0.020137367,0.02014261,1.0002603617444128,0,300,2060
digits_n300,10,2,johnson,J,1,1,0.022529837,0.022534194,1.0001933879947733,0,300,2060
digits_n300,10,2,floyd_warshall,FW,1,1,0.030714507,0.030721966,1.0002428494131457,0,300,2060
digits_n300,10,2,dijkstra,D,2,1,0.019414556,0.019417755,1.0001647732762984,0,300,2060
digits_n300,10,2,johnson,J,2,1,0.022905757,0.022908911,1.00013769464157,0,300,2060
digits_n300,10,2,floyd_warshall,FW,2,1,0.03006447,0.030066783,1.0000769346673997,0,300,2060
digits_n300,10,2,dijkstra,D,3,1,0.020035504,0.020039174,1.0001831748280452,0,300,2060
digits_n300,10,2,floyd_warshall,FW,3,1,0.029187987,0.029189969,1.0000679046485803,0,300,2060
digits_n300,10,2,johnson,J,3,1,0.023031781,0.023034414,1.000114320295074,0,300,2060
digits_n300,10,2,dijkstra,D,4,1,0.020131108,0.020133841,1.0001357600386425,0,300,2060
digits_n300,10,2,johnson,J,4,1,0.02346454,0.023468244,1.0001578552147197,0,300,2060
digits_n300,10,2,floyd_warshall,FW,4,1,0.030369723,0.030372141,1.0000796187703127,0,300,2060
digits_n300,10,2,johnson,J,5,1,0.025647573,0.0256505,1.000114123858815,0,300,2060
digits_n300,10,2,dijkstra,D,5,1,0.018958358,0.018961091,1.0001441580541943,0,300,2060
digits_n300,10,2,floyd_warshall,FW,5,1,0.028498881,0.028501793,1.0001021794504843,0,300,2060
digits_n300,10,2,dijkstra,D,6,1,0.020333479,0.020336389,1.000143113728841,0,300,2060
digits_n300,10,2,floyd_warshall,FW,6,1,0.02943312,0.029435767,1.000089932701664,0,300,2060
digits_n300,10,2,johnson,J,6,1,0.025363824,0.025367215,1.000133694351451,0,300,2060
digits_n300,20,2,dijkstra,D,1,1,0.029645933,0.029649473,1.000119409296378,0,300,4032
digits_n300,20,2,johnson,J,1,1,0.039127688,0.039129588,1.000048558964179,0,300,4032
digits_n300,20,2,floyd_warshall,FW,1,1,0.039768297,0.039769995,1.0000426973274716,0,300,4032
digits_n300,20,2,johnson,J,2,1,0.038004633,0.038005538,1.0000238128861814,0,300,4032
digits_n300,20,2,dijkstra,D,2,1,0.028181206,0.028183098,1.000067136942259,0,300,4032
digits_n300,20,2,floyd_warshall,FW,2,1,0.04130963,0.041311023,1.0000337209507808,0,300,4032
digits_n300,20,2,floyd_warshall,FW,3,1,0.041993454,0.041995079,1.0000386965073176,0,300,4032
digits_n300,20,2,johnson,J,3,1,0.039402946,0.039404649,1.0000432201186176,0,300,4032
digits_n300,20,2,dijkstra,D,3,1,0.031745535,0.031739711,0.9998165411293272,0,300,4032
digits_n300,20,2,johnson,J,4,1,0.03882034,0.038821338,1.0000257081725712,0,300,4032
digits_n300,20,2,dijkstra,D,4,1,0.02776622,0.027768271,1.0000738667344709,0,300,4032
digits_n300,20,2,floyd_warshall,FW,4,1,0.039088222,0.039089891,1.0000426982838977,0,300,4032
digits_n300,20,2,floyd_warshall,FW,5,1,0.039082209,0.039074703,0.9998079433022836,0,300,4032
digits_n300,20,2,johnson,J,5,1,0.039550629,0.039553973,1.000084549856337,0,300,4032
digits_n300,20,2,dijkstra,D,5,1,0.030483588,0.03048865,1.0001660565678816,0,300,4032
digits_n300,20,2,floyd_warshall,FW,6,1,0.040215973,0.040177138,0.9990343389180214,0,300,4032
digits_n300,20,2,johnson,J,6,1,0.040180312,0.040182978,1.0000663509033976,0,300,4032
digits_n300,20,2,dijkstra,D,6,1,0.02877749,0.028780759,1.0001135957305518,0,300,4032
digits_n300,5,3,dijkstra,D,1,1,0.014401574,0.014405864,1.000297884106279,0,300,1076
digits_n300,5,3,johnson,J,1,1,0.017781786,0.017785609,1.0002149952766275,0,300,1076
digits_n300,5,3,floyd_warshall,FW,1,1,0.023108412,0.023111427,1.00013047196839,0,300,1076
digits_n300,5,3,floyd_warshall,FW,2,1,0.023312818,0.023301682,0.999522322869762,0,300,1076
digits_n300,5,3,dijkstra,D,2,1,0.015638482,0.015643061,1.0002928033552103,0,300,1076
digits_n300,5,3,johnson,J,2,1,0.019740009,0.019743425,1.000173049566492,0,300,1076
digits_n300,5,3,floyd_warshall,FW,3,1,0.022288626,0.022291459,1.0001271051880902,0,300,1076
digits_n300,5,3,dijkstra,D,3,1,0.016422799,0.016426739,1.0002399103831203,0,300,1076
digits_n300,5,3,johnson,J,3,1,0.017605043,0.017608531,1.0001981250486012,0,300,1076
digits_n300,5,3,dijkstra,D,4,1,0.015394841,0.015398906,1.0002640494955422,0,300,1076
digits_n300,5,3,johnson,J,4,1,0.018313183,0.018316254,1.0001676934042545,0,300,1076
digits_n300,5,3,floyd_warshall,FW,4,1,0.021673895,0.021676225,1.0001075025970183,0,300,1076
digits_n300,5,3,floyd_warshall,FW,5,1,0.021242933,0.021244988,1.0000967380540156,0,300,1076
digits_n300,5,3,dijkstra,D,5,1,0.014528155,0.014531559,1.000234303667603,0,300,1076
digits_n300,5,3,johnson,J,5,1,0.018040861,0.018044628,1.0002088037815935,0,300,1076
digits_n300,5,3,floyd_warshall,FW,6,1,0.020756092,0.020758918,1.000136152797935,0,300,1076
digits_n300,5,3,dijkstra,D,6,1,0.015026442,0.015040767,1.000953319488406,0,300,1076
digits_n300,5,3,johnson,J,6,1,0.017668628,0.017671403,1.0001570580352928,0,300,1076
digits_n300,10,3,johnson,J,1,1,0.023593308,0.023596913,1.000152797564462,0,300,2050
digits_n300,10,3,floyd_warshall,FW,1,1,0.028804554,0.028807074,1.00008748616625,0,300,2050
digits_n300,10,3,dijkstra,D,1,1,0.019899605,0.01990161,1.0001007557687702,0,300,2050
digits_n300,10,3,floyd_warshall,FW,2,1,0.030055647,0.03005848,1.0000942584932542,0,300,2050
digits_n300,10,3,dijkstra,D,2,1,0.020306253,0.020310524,1.0002103293010287,0,300,2050
digits_n300,10,3,johnson,J,2,1,0.023440586,0.023443977,1.0001446636189044,0,300,2050
digits_n300,10,3,johnson,J,3,1,0.023657079,0.023660115,1.000128333679741,0,300,2050
digits_n300,10,3,floyd_warshall,FW,3,1,0.031006556,0.031009898,1.000107783657108,0,300,2050
digits_n300,10,3,dijkstra,D,3,1,0.020754081,0.020757407,1.0001602576380038,0,300,2050
digits_n300,10,3,floyd_warshall,FW,4,1,0.029755718,0.029748244,0.9997488213861954,0,300,2050
digits_n300,10,3,dijkstra,D,4,1,0.020714835,0.020718395,1.0001718575117784,0,300,2050
digits_n300,10,3,johnson,J,4,1,0.024048981,0.024052134,1.0001311074261316,0,300,2050
digits_n300,10,3,johnson,J,5,1,0.023276648,0.023279206,1.0001098955485344,0,300,2050
digits_n300,10,3,floyd_warshall,FW,5,1,0.029469175,0.029471644,1.0000837824608255,0,300,2050
digits_n300,10,3,dijkstra,D,5,1,0.021533245,0.021537794,1.0002112547365714,0,300,2050
digits_n300,10,3,floyd_warshall,FW,6,1,0.030070608,0.030075034,1.000147186914212,0,300,2050
digits_n300,10,3,dijkstra,D,6,1,0.021044338,0.021048546,1.0001999587727588,0,300,2050
digits_n300,10,3,johnson,J,6,1,0.026124006,0.026127805,1.000145421800929,0,300,2050
digits_n300,20,3,johnson,J,1,1,0.039350982,0.039354016,1.0000771009983944,0,300,3982
digits_n300,20,3,dijkstra,D,1,1,0.028308864,0.028310891,1.0000716030145187,0,300,3982
digits_n300,20,3,floyd_warshall,FW,1,1,0.041376186,0.041376677,1.0000118667293307,0,300,3982
digits_n300,20,3,dijkstra,D,2,1,0.033275758,0.033281126,1.0001613186392329,0,300,3982
digits_n300,20,3,floyd_warshall,FW,2,1,0.038781829,0.038777633,0.9998918049997076,0,300,3982
digits_n300,20,3,johnson,J,2,1,0.04198999,0.041992919,1.000069754720113,0,300,3982
digits_n300,20,3,floyd_warshall,FW,3,1,0.046273174,0.046275854,1.000057916926122,0,300,3982
digits_n300,20,3,johnson,J,3,1,0.040182391,0.04018457,1.0000542277337354,0,300,3982
digits_n300,20,3,dijkstra,D,3,1,0.030301738,0.030294108,0.9997481992617056,0,300,3982
digits_n300,20,3,floyd_warshall,FW,4,1,0.040487427,0.040489243,1.0000448534306712,0,300,3982
digits_n300,20,3,dijkstra,D,4,1,0.028556104,0.028558075,1.000069022020651,0,300,3982
digits_n300,20,3,johnson,J,4,1,0.041170627,0.041163257,0.9998209888812236,0,300,3982
digits_n300,20,3,dijkstra,D,5,1,0.031534309,0.03153768,1.0001068994408595,0,300,3982
digits_n300,20,3,floyd_warshall,FW,5,1,0.042137362,0.042125334,0.999714552610104,0,300,3982
digits_n300,20,3,johnson,J,5,1,0.039459616,0.039405641,0.9986321458374048,0,300,3982
digits_n300,20,3,johnson,J,6,1,0.04086972,0.040873032,1.0000810379909624,0,300,3982
digits_n300,20,3,floyd_warshall,FW,6,1,0.042557522,0.042560337,1.0000661457685436,0,300,3982
digits_n300,20,3,dijkstra,D,6,1,0.029283217,0.029277195,0.9997943531955522,0,300,3982
digits_n300,5,4,johnson,J,1,1,0.03038291,0.030390098,1.000236580367055,0,300,1058
digits_n300,5,4,dijkstra,D,1,1,0.02325538,0.023261215,1.0002509096819747,0,300,1058
digits_n300,5,4,floyd_warshall,FW,1,1,0.026043004,0.026046987,1.000152939346014,0,300,1058
digits_n300,5,4,dijkstra,D,2,1,0.01486043,0.014864636,1.0002830335326771,0,300,1058
digits_n300,5,4,floyd_warshall,FW,2,1,0.023292698,0.023296354,1.0001569590607322,0,300,1058
digits_n300,5,4,johnson,J,2,1,0.018791358,0.018795092,1.0001987083637065,0,300,1058
digits_n300,5,4,johnson,J,3,1,0.018404151,0.018408037,1.00021114801764,0,300,1058
digits_n300,5,4,floyd_warshall,FW,3,1,0.023327479,0.023331353,1.0001660702384514,0,300,1058
digits_n300,5,4,dijkstra,D,3,1,0.014929457,0.014933126,1.0002457557565556,0,300,1058
digits_n300,5,4,johnson,J,4,1,0.018417368,0.018421906,1.0002463978566318,0,300,1058
digits_n300,5,4,floyd_warshall,FW,4,1,0.023469109,0.023472915,1.0001621706218162,0,300,1058
digits_n300,5,4,dijkstra,D,4,1,0.015332304,0.015342821,1.0006859373516204,0,300,1058
digits_n300,5,4,floyd_warshall,FW,5,1,0.021987114,0.021982857,0.9998063865953488,0,300,1058
digits_n300,5,4,johnson,J,5,1,0.018171755,0.018175317,1.0001960184913343,0,300,1058
digits_n300,5,4,dijkstra,D,5,1,0.015511437,0.015515054,1.0002331827799062,0,300,1058
digits_n300,5,4,johnson,J,6,1,0.018793881,0.018797495,1.0001922966310153,0,300,1058
digits_n300,5,4,dijkstra,D,6,1,0.014624498,0.014627567,1.0002098533570178,0,300,1058
digits_n300,5,4,floyd_warshall,FW,6,1,0.022612491,0.022615266,1.0001227197835036,0,300,1058
digits_n300,10,4,floyd_warshall,FW,1,1,0.030458101,0.030434345,0.9992200432981688,0,300,2038
digits_n300,10,4,johnson,J,1,1,0.024813738,0.024817666,1.0001582994065623,0,300,2038
digits_n300,10,4,dijkstra,D,1,1,0.019591686,0.019594758,1.0001568012063893,0,300,2038
digits_n300,10,4,floyd_warshall,FW,2,1,0.029994434,0.029996744,1.0000770142887176,0,300,2038
digits_n300,10,4,dijkstra,D,2,1,0.019420955,0.019424407,1.0001777461510004,0,300,2038
digits_n300,10,4,johnson,J,2,1,0.02589641,0.025899921,1.00013557863812,0,300,2038
digits_n300,10,4,johnson,J,3,1,0.025010365,0.025014561,1.0001677704423746,0,300,2038
digits_n300,10,4,dijkstra,D,3,1,0.019625826,0.019631897,1.0003093372987206,0,300,2038
digits_n300,10,4,floyd_warshall,FW,3,1,0.031576435,0.031579628,1.0001011197115823,0,300,2038
digits_n300,10,4,dijkstra,D,4,1,0.019964205,0.019968021,1.0001911420965677,0,300,2038
digits_n300,10,4,johnson,J,4,1,0.025326748,0.025332082,1.0002106073784127,0,300,2038
digits_n300,10,4,floyd_warshall,FW,4,1,0.030067668,0.030072512,1.0001611032821036,0,300,2038
digits_n300,10,4,dijkstra,D,5,1,0.019939228,0.019943159,1.0001971490571249,0,300,2038
digits_n300,10,4,floyd_warshall,FW,5,1,0.030260383,0.030263521,1.000103699943256,0,300,2038
digits_n300,10,4,johnson,J,5,1,0.023692214,0.023698285,1.0002562445198242,0,300,2038
digits_n300,10,4,dijkstra,D,6,1,0.019775897,0.01978108,1.000262086721022,0,300,2038
digits_n300,10,4,johnson,J,6,1,0.025286575,0.025290672,1.000162022733407,0,300,2038
digits_n300,10,4,floyd_warshall,FW,6,1,0.029485091,0.029481065,0.99986345641599,0,300,2038
digits_n300,20,4,johnson,J,1,1,0.038666832,0.038669627,1.0000722841736815,0,300,4049
digits_n300,20,4,floyd_warshall,FW,1,1,0.037085375,0.037087579,1.0000594304358523,0,300,4049
digits_n300,20,4,dijkstra,D,1,1,0.030585583,0.030588348,1.000090402069498,0,300,4049
digits_n300,20,4,floyd_warshall,FW,2,1,0.03923741,0.039220764,0.9995757620087564,0,300,4049
digits_n300,20,4,dijkstra,D,2,1,0.028714886,0.028716597,1.000059585819007,0,300,4049
digits_n300,20,4,johnson,J,2,1,0.038071558,0.038072759,1.0000315458589848,0,300,4049
digits_n300,20,4,floyd_warshall,FW,3,1,0.03982035,0.039821538,1.0000298339919165,0,300,4049
digits_n300,20,4,dijkstra,D,3,1,0.029105184,0.029147746,1.0014623511742788,0,300,4049
digits_n300,20,4,johnson,J,3,1,0.039250335,0.039244503,0.9998514152809144,0,300,4049
digits_n300,20,4,johnson,J,4,1,0.038448269,0.038443344,0.9998719058067348,0,300,4049
digits_n300,20,4,floyd_warshall,FW,4,1,0.035121171,0.035124047,1.0000818879302174,0,300,4049
digits_n300,20,4,dijkstra,D,4,1,0.029117603,0.029120881,1.000112577948123,0,300,4049
digits_n300,20,4,johnson,J,5,1,0.037520555,0.037522367,1.0000482935287072,0,300,4049
digits_n300,20,4,floyd_warshall,FW,5,1,0.039804854,0.039806964,1.000053008610457,0,300,4049
digits_n300,20,4,dijkstra,D,5,1,0.028445406,0.028447231,1.0000641579874092,0,300,4049
digits_n300,20,4,floyd_warshall,FW,6,1,0.03817576,0.03817735,1.0000416494655249,0,300,4049
digits_n300,20,4,dijkstra,D,6,1,0.028346882,0.028348656,1.0000625818388067,0,300,4049
digits_n300,20,4,johnson,J,6,1,0.038389798,0.038393978,1.0001088830944096,0,300,4049
digits_n400,5,0,johnson,J,1,1,0.034040669,0.03404587,1.00015278783152,0,400,1436
digits_n400,5,0,floyd_warshall,FW,1,1,0.058278517,0.058281117,1.0000446133521208,0,400,1436
digits_n400,5,0,dijkstra,D,1,1,0.027480732,0.027460339,0.9992579164194024,0,400,1436
digits_n400,5,0,johnson,J,2,1,0.033254571,0.033258124,1.0001068424548314,0,400,1436
digits_n400,5,0,floyd_warshall,FW,2,1,0.058514504,0.058515513,1.000017243588017,0,400,1436
digits_n400,5,0,dijkstra,D,2,1,0.026532262,0.026501767,0.9988506445473816,0,400,1436
digits_n400,5,0,floyd_warshall,FW,3,1,0.058781635,0.058776494,0.9999125407110572,0,400,1436
digits_n400,5,0,johnson,J,3,1,0.033292576,0.033297049,1.0001343542776626,0,400,1436
digits_n400,5,0,dijkstra,D,3,1,0.026619746,0.026625389,1.000211985493776,0,400,1436
digits_n400,5,0,floyd_warshall,FW,4,1,0.052080225,0.052084433,1.00008079842205,0,400,1436
digits_n400,5,0,dijkstra,D,4,1,0.02607807,0.026082812,1.0001818386099892,0,400,1436
digits_n400,5,0,johnson,J,4,1,0.032700427,0.032703484,1.0000934850177952,0,400,1436
digits_n400,5,0,dijkstra,D,5,1,0.026178571,0.026181336,1.0001056207384276,0,400,1436
digits_n400,5,0,johnson,J,5,1,0.031170116,0.031171936,1.000058389259764,0,400,1436
digits_n400,5,0,floyd_warshall,FW,5,1,0.056333588,0.056325964,0.9998646633337114,0,400,1436
digits_n400,5,0,dijkstra,D,6,1,0.02703903,0.027044364,1.000197270390247,0,400,1436
digits_n400,5,0,floyd_warshall,FW,6,1,0.055675504,0.055676985,1.0000266005674596,0,400,1436
digits_n400,5,0,johnson,J,6,1,0.032565338,0.032567245,1.00005855919567,0,400,1436
digits_n400,10,0,floyd_warshall,FW,1,1,0.068296059,0.068269374,0.9996092746727888,0,400,2775
digits_n400,10,0,dijkstra,D,1,1,0.038241279,0.038236056,0.9998634198401156,0,400,2775
digits_n400,10,0,johnson,J,1,1,0.045785774,0.045788233,1.0000537066382231,0,400,2775
digits_n400,10,0,dijkstra,D,2,1,0.037418082,0.03743367,1.0004165900325943,0,400,2775
digits_n400,10,0,johnson,J,2,1,0.045501934,0.045504335,1.0000527669878825,0,400,2775
digits_n400,10,0,floyd_warshall,FW,2,1,0.077520508,0.077520187,0.9999958591602623,0,400,2775
digits_n400,10,0,dijkstra,D,3,1,0.035377996,0.035382909,1.0001388716308297,0,400,2775
digits_n400,10,0,floyd_warshall,FW,3,1,0.070832199,0.070832869,1.0000094589750066,0,400,2775
digits_n400,10,0,johnson,J,3,1,0.048795778,0.048797818,1.0000418068956705,0,400,2775
digits_n400,10,0,dijkstra,D,4,1,0.038473327,0.03847582,1.0000647981392408,0,400,2775
digits_n400,10,0,floyd_warshall,FW,4,1,0.07627843,0.076268807,0.999873843758976,0,400,2775
digits_n400,10,0,johnson,J,4,1,0.048153917,0.04815662,1.0000561325052746,0,400,2775
digits_n400,10,0,floyd_warshall,FW,5,1,0.076653122,0.076642465,0.9998609710899968,0,400,2775
digits_n400,10,0,dijkstra,D,5,1,0.037428577,0.037433355,1.0001276564695474,0,400,2775
digits_n400,10,0,johnson,J,5,1,0.049304493,0.049221397,0.9983146363557576,0,400,2775
digits_n400,10,0,johnson,J,6,1,0.046783963,0.046786547,1.0000552326018213,0,400,2775
digits_n400,10,0,floyd_warshall,FW,6,1,0.074990981,0.074990365,0.9999917856788672,0,400,2775
digits_n400,10,0,dijkstra,D,6,1,0.037162531,0.037166896,1.0001174570160467,0,400,2775
digits_n400,20,0,floyd_warshall,FW,1,1,0.087850403,0.087838333,0.9998626073462636,0,400,5390
digits_n400,20,0,johnson,J,1,1,0.067657382,0.067575069,0.9987833847901476,0,400,5390
digits_n400,20,0,dijkstra,D,1,1,0.05249954,0.052502397,1.000054419524438,0,400,5390
digits_n400,20,0,johnson,J,2,1,0.068748317,0.068748314,0.999999956362568,0,400,5390
digits_n400,20,0,floyd_warshall,FW,2,1,0.086048695,0.086046699,0.9999768038318304,0,400,5390
digits_n400,20,0,dijkstra,D,2,1,0.046346219,0.046347499,1.0000276182184356,0,400,5390
digits_n400,20,0,dijkstra,D,3,1,0.058404207,0.058405346,1.0000195020197773,0,400,5390
digits_n400,20,0,floyd_warshall,FW,3,1,0.097791119,0.097789529,0.9999837408548315,0,400,5390
digits_n400,20,0,johnson,J,3,1,0.069134934,0.069134486,0.9999935199185986,0,400,5390
digits_n400,20,0,floyd_warshall,FW,4,1,0.088739456,0.088737919,0.9999826796323836,0,400,5390
digits_n400,20,0,johnson,J,4,1,0.069588108,0.069574387,0.9998028255057604,0,400,5390
digits_n400,20,0,dijkstra,D,4,1,0.052484967,0.05248613,1.0000221587259452,0,400,5390
digits_n400,20,0,johnson,J,5,1,0.070369079,0.070370966,1.0000268157552552,0,400,5390
digits_n400,20,0,floyd_warshall,FW,5,1,0.089737867,0.089717618,0.999774353896778,0,400,5390
digits_n400,20,0,dijkstra,D,5,1,0.052210649,0.052212293,1.0000314878292358,0,400,5390
digits_n400,20,0,johnson,J,6,1,0.070041052,0.07003309,0.9998863238090712,0,400,5390
digits_n400,20,0,floyd_warshall,FW,6,1,0.087773028,0.087770768,0.9999742517712844,0,400,5390
digits_n400,20,0,dijkstra,D,6,1,0.053026687,0.053021415,0.9999005783634946,0,400,5390
digits_n400,5,1,dijkstra,D,1,1,0.028265703,0.028270115,1.0001560902270854,0,400,1401
digits_n400,5,1,floyd_warshall,FW,1,1,0.056395945,0.056397281,1.0000236896464807,0,400,1401
digits_n400,5,1,johnson,J,1,1,0.031728822,0.031720294,0.999731222293724,0,400,1401
digits_n400,5,1,johnson,J,2,1,0.034328062,0.034330209,1.0000625435831478,0,400,1401
digits_n400,5,1,floyd_warshall,FW,2,1,0.057286645,0.057287552,1.0000158326604744,0,400,1401
digits_n400,5,1,dijkstra,D,2,1,0.027823861,0.027827009,1.0001131403006938,0,400,1401
digits_n400,5,1,floyd_warshall,FW,3,1,0.056905471,0.05690619,1.000012634988998,0,400,1401
digits_n400,5,1,johnson,J,3,1,0.031473856,0.031454096,0.9993721773398212,0,400,1401
digits_n400,5,1,dijkstra,D,3,1,0.025718557,0.025720628,1.0000805255131535,0,400,1401
digits_n400,5,1,johnson,J,4,1,0.03168785,0.031690413,1.000080882735812,0,400,1401
digits_n400,5,1,dijkstra,D,4,1,0.026385908,0.026388636,1.0001033885208723,0,400,1401
digits_n400,5,1,floyd_warshall,FW,4,1,0.057712728,0.057691422,0.9996308266696388,0,400,1401
digits_n400,5,1,johnson,J,5,1,0.031500516,0.031487839,0.9995975621478708,0,400,1401
digits_n400,5,1,floyd_warshall,FW,5,1,0.053179836,0.053179827,0.999999830762923,0,400,1401
digits_n400,5,1,dijkstra,D,5,1,0.02473836,0.024740984,1.0001060700871036,0,400,1401
digits_n400,5,1,dijkstra,D,6,1,0.026376432,0.026378417,1.0000752565775388,0,400,1401
digits_n400,5,1,johnson,J,6,1,0.02965901,0.029661157,1.000072389469507,0,400,1401
digits_n400,5,1,floyd_warshall,FW,6,1,0.04961031,0.049610128,0.9999963314077256,0,400,1401
digits_n400,10,1,dijkstra,D,1,1,0.035377933,0.03538124,1.0000934763486606,0,400,2731
digits_n400,10,1,floyd_warshall,FW,1,1,0.081263078,0.081262771,0.9999962221465448,0,400,2731
digits_n400,10,1,johnson,J,1,1,0.045814105,0.045823446,1.0002038891734324,0,400,2731
digits_n400,10,1,dijkstra,D,2,1,0.036182509,0.036129965,0.9985478066211494,0,400,2731
digits_n400,10,1,floyd_warshall,FW,2,1,0.081680535,0.081670507,0.9998772290117836,0,400,2731
digits_n400,10,1,johnson,J,2,1,0.045515954,0.045517986,1.0000446436869148,0,400,2731
digits_n400,10,1,johnson,J,3,1,0.044102837,0.044096213,0.9998498055805344,0,400,2731
digits_n400,10,1,dijkstra,D,3,1,0.035025957,0.035028323,1.0000675499030618,0,400,2731
digits_n400,10,1,floyd_warshall,FW,3,1,0.078398392,0.078401524,1.0000399497989705,0,400,2731
digits_n400,10,1,johnson,J,4,1,0.04546245,0.045463303,1.00001876273716,0,400,2731
digits_n400,10,1,floyd_warshall,FW,4,1,0.080140914,0.080138514,0.9999700527498352,0,400,2731
digits_n400,10,1,dijkstra,D,4,1,0.035610444,0.035612332,1.0000530181538876,0,400,2731
digits_n400,10,1,johnson,J,5,1,0.045414274,0.045415629,1.0000298364342453,0,400,2731
digits_n400,10,1,floyd_warshall,FW,5,1,0.08237262,0.082369592,0.9999632402125852,0,400,2731
digits_n400,10,1,dijkstra,D,5,1,0.035572863,0.035556925,0.999551961842374,0,400,2731
digits_n400,10,1,floyd_warshall,FW,6,1,0.072204919,0.072213283,1.00011583698335,0,400,2731
digits_n400,10,1,johnson,J,6,1,0.046692438,0.046693709,1.0000272206818586,0,400,2731
digits_n400,10,1,dijkstra,D,6,1,0.036912061,0.036904772,0.9998025306687698,0,400,2731
digits_n400,20,1,johnson,J,1,1,0.06483487,0.064830045,0.9999255801700536,0,400,5399
digits_n400,20,1,floyd_warshall,FW,1,1,0.084787997,0.084786323,0.999980256639392,0,400,5399
digits_n400,20,1,dijkstra,D,1,1,0.050993611,0.050986471,0.9998599824593712,0,400,5399
digits_n400,20,1,johnson,J,2,1,0.067437848,0.067436466,0.999979507056631,0,400,5399
digits_n400,20,1,dijkstra,D,2,1,0.051302398,0.051302305,0.9999981872192408,0,400,5399
digits_n400,20,1,floyd_warshall,FW,2,1,0.093169429,0.093156584,0.9998621328891046,0,400,5399
digits_n400,20,1,johnson,J,3,1,0.068628817,0.06862815,0.9999902810505972,0,400,5399
digits_n400,20,1,floyd_warshall,FW,3,1,0.092052403,0.092050249,0.9999766002849484,0,400,5399
digits_n400,20,1,dijkstra,D,3,1,0.054608077,0.054609613,1.000028127707189,0,400,5399
digits_n400,20,1,johnson,J,4,1,0.069545252,0.069543873,0.9999801711840804,0,400,5399
digits_n400,20,1,dijkstra,D,4,1,0.047909357,0.047910177,1.000017115654464,0,400,5399
digits_n400,20,1,floyd_warshall,FW,4,1,0.081686589,0.081683671,0.9999642781020028,0,400,5399
digits_n400,20,1,dijkstra,D,5,1,0.051238446,0.05123848,1.000000663564231,0,400,5399
digits_n400,20,1,floyd_warshall,FW,5,1,0.094123746,0.094121538,0.9999765415201388,0,400,5399
digits_n400,20,1,johnson,J,5,1,0.067606335,0.067608108,1.000026225352994,0,400,5399
digits_n400,20,1,floyd_warshall,FW,6,1,0.083856062,0.083843577,0.9998511139242384,0,400,5399
digits_n400,20,1,dijkstra,D,6,1,0.051999998,0.052000924,1.0000178076929926,0,400,5399
digits_n400,20,1,johnson,J,6,1,0.068695288,0.068694133,0.9999831866197288,0,400,5399
digits_n400,5,2,dijkstra,D,1,1,0.025519203,0.025522955,1.0001470265352723,0,400,1422
digits_n400,5,2,johnson,J,1,1,0.031133258,0.031135971,1.0000871415384796,0,400,1422
digits_n400,5,2,floyd_warshall,FW,1,1,0.075877068,0.075875166,0.9999749331379012,0,400,1422
digits_n400,5,2,floyd_warshall,FW,2,1,0.048356984,0.048357653,1.0000138346097018,0,400,1422
digits_n400,5,2,johnson,J,2,1,0.03107691,0.03107877,1.0000598515103336,0,400,1422
digits_n400,5,2,dijkstra,D,2,1,0.025500938,0.025503298,1.0000925456153809,0,400,1422
digits_n400,5,2,johnson,J,3,1,0.03084944,0.030851417,1.0000640854420697,0,400,1422
digits_n400,5,2,floyd_warshall,FW,3,1,0.057937312,0.057938385,1.0000185200169454,0,400,1422
digits_n400,5,2,dijkstra,D,3,1,0.031745597,0.031748895,1.0001038884227,0,400,1422
digits_n400,5,2,floyd_warshall,FW,4,1,0.054345043,0.054345368,1.0000059803062442,0,400,1422
digits_n400,5,2,dijkstra,D,4,1,0.02740174,0.027404232,1.0000909431298888,0,400,1422
digits_n400,5,2,johnson,J,4,1,0.032431976,0.03243443,1.0000756660648735,0,400,1422
digits_n400,5,2,johnson,J,5,1,0.03261776,0.032619641,1.000057667969842,0,400,1422
digits_n400,5,2,floyd_warshall,FW,5,1,0.055153008,0.055143033,0.99981913951094,0,400,1422
digits_n400,5,2,dijkstra,D,5,1,0.026037366,0.026040029,1.0001022760904463,0,400,1422
digits_n400,5,2,dijkstra,D,6,1,0.026337225,0.026339758,1.000096175660116,0,400,1422
digits_n400,5,2,floyd_warshall,FW,6,1,0.054118292,0.054118293,1.0000000184780409,0,400,1422
digits_n400,5,2,johnson,J,6,1,0.031816168,0.031817616,1.0000455114519131,0,400,1422
digits_n400,10,2,floyd_warshall,FW,1,1,0.079882809,0.079883537,1.0000091133500326,0,400,2761
digits_n400,10,2,dijkstra,D,1,1,0.035545059,0.035548897,1.0001079756260922,0,400,2761
digits_n400,10,2,johnson,J,1,1,0.044961613,0.044962802,1.0000264447807956,0,400,2761
digits_n400,10,2,dijkstra,D,2,1,0.035330536,0.035333427,1.0000818272329637,0,400,2761
digits_n400,10,2,floyd_warshall,FW,2,1,0.081797813,0.081797246,0.9999930682743317,0,400,2761
digits_n400,10,2,johnson,J,2,1,0.046248569,0.04624151,0.999847368250464,0,400,2761
digits_n400,10,2,johnson,J,3,1,0.046251448,0.046253499,1.0000443445576015,0,400,2761
digits_n400,10,2,floyd_warshall,FW,3,1,0.08175483,0.081753095,0.9999787780122592,0,400,2761
digits_n400,10,2,dijkstra,D,3,1,0.036710664,0.036702661,0.9997819979502414,0,400,2761
digits_n400,10,2,floyd_warshall,FW,4,1,0.090021185,0.090057684,1.0004054490062533,0,400,2761
digits_n400,10,2,johnson,J,4,1,0.049161839,0.049142701,0.9996107143184776,0,400,2761
digits_n400,10,2,dijkstra,D,4,1,0.040447767,0.040437599,0.9997486140582248,0,400,2761
digits_n400,10,2,johnson,J,5,1,0.048809985,0.048814011,1.000082483123074,0,400,2761
digits_n400,10,2,floyd_warshall,FW,5,1,0.085007546,0.0849962,0.999866529496099,0,400,2761
digits_n400,10,2,dijkstra,D,5,1,0.036709796,0.036712749,1.0000804417436695,0,400,2761
digits_n400,10,2,dijkstra,D,6,1,0.037015299,0.037019105,1.0001028223492128,0,400,2761
digits_n400,10,2,johnson,J,6,1,0.049323488,0.049326951,1.0000702099575765,0,400,2761
digits_n400,10,2,floyd_warshall,FW,6,1,0.082060052,0.082059831,0.999997306850354,0,400,2761
digits_n400,20,2,floyd_warshall,FW,1,1,0.117744381,0.117742633,0.9999851542809504,0,400,5425
digits_n400,20,2,johnson,J,1,1,0.11414214,0.114140811,0.999988356622716,0,400,5425
digits_n400,20,2,dijkstra,D,1,1,0.081337184,0.081316509,0.9997458112147084,0,400,5425
digits_n400,20,2,johnson,J,2,1,0.072066099,0.072067187,1.0000150972512056,0,400,5425
digits_n400,20,2,dijkstra,D,2,1,0.051950241,0.051943861,0.999877190175114,0,400,5425
digits_n400,20,2,floyd_warshall,FW,2,1,0.093593948,0.093593423,0.9999943906629518,0,400,5425
digits_n400,20,2,johnson,J,3,1,0.071210667,0.071203277,0.9998962234127086,0,400,5425
digits_n400,20,2,dijkstra,D,3,1,0.053389647,0.053382372,0.9998637376268849,0,400,5425
digits_n400,20,2,floyd_warshall,FW,3,1,0.095097116,0.095067237,0.999685805403394,0,400,5425
digits_n400,20,2,floyd_warshall,FW,4,1,0.090598707,0.090586588,0.99986623429405,0,400,5425
digits_n400,20,2,dijkstra,D,4,1,0.053889102,0.053891236,1.0000395998433969,0,400,5425
digits_n400,20,2,johnson,J,4,1,0.067388581,0.067391281,1.0000400661352402,0,400,5425
digits_n400,20,2,johnson,J,5,1,0.069942065,0.06994567,1.0000515426589136,0,400,5425
digits_n400,20,2,floyd_warshall,FW,5,1,0.091135485,0.091133315,0.999976189296628,0,400,5425
digits_n400,20,2,dijkstra,D,5,1,0.052094651,0.052095725,1.0000206163200902,0,400,5425
digits_n400,20,2,floyd_warshall,FW,6,1,0.090189097,0.090188261,0.9999907305868692,0,400,5425
digits_n400,20,2,dijkstra,D,6,1,0.051438486,0.051429669,0.9998285913780588,0,400,5425
digits_n400,20,2,johnson,J,6,1,0.069797755,0.069797614,0.9999979798777194,0,400,5425
digits_n400,5,3,dijkstra,D,1,1,0.027173358,0.027178028,1.0001718595103335,0,400,1435
digits_n400,5,3,floyd_warshall,FW,1,1,0.055559691,0.05555091,0.9998419537646456,0,400,1435
digits_n400,5,3,johnson,J,1,1,0.033367411,0.033361029,0.9998087355354002,0,400,1435
digits_n400,5,3,dijkstra,D,2,1,0.026152241,0.026155555,1.0001267195419314,0,400,1435
digits_n400,5,3,floyd_warshall,FW,2,1,0.056180672,0.056180736,1.0000011391818169,0,400,1435
digits_n400,5,3,johnson,J,2,1,0.03335872,0.033360499,1.000053329384341,0,400,1435
digits_n400,5,3,johnson,J,3,1,0.031995841,0.031997939,1.000065571022184,0,400,1435
digits_n400,5,3,floyd_warshall,FW,3,1,0.055488612,0.055488775,1.0000029375396884,0,400,1435
digits_n400,5,3,dijkstra,D,3,1,0.02685372,0.026856956,1.000120504719644,0,400,1435
digits_n400,5,3,dijkstra,D,4,1,0.026301406,0.026303525,1.000080566035139,0,400,1435
digits_n400,5,3,floyd_warshall,FW,4,1,0.056645052,0.05664555,1.0000087915887164,0,400,1435
digits_n400,5,3,johnson,J,4,1,0.032264367,0.032266689,1.00007196793912,0,400,1435
digits_n400,5,3,floyd_warshall,FW,5,1,0.053714136,0.053714225,1.0000016569195118,0,400,1435
digits_n400,5,3,dijkstra,D,5,1,0.025812442,0.025815064,1.000101578920739,0,400,1435
digits_n400,5,3,johnson,J,5,1,0.033053299,0.033055452,1.000065137219737,0,400,1435
digits_n400,5,3,floyd_warshall,FW,6,1,0.052692187,0.052692495,1.0000058452688632,0,400,1435
digits_n400,5,3,johnson,J,6,1,0.03280858,0.032811053,1.0000753766240418,0,400,1435
digits_n400,5,3,dijkstra,D,6,1,0.027103157,0.02710758,1.0001631913212177,0,400,1435
digits_n400,10,3,johnson,J,1,1,0.044942364,0.044944234,1.0000416088481685,0,400,2794
digits_n400,10,3,floyd_warshall,FW,1,1,0.06799852,0.06799817,0.9999948528291496,0,400,2794
digits_n400,10,3,dijkstra,D,1,1,0.034992259,0.034993572,1.000037522584638,0,400,2794
digits_n400,10,3,johnson,J,2,1,0.045986673,0.045987313,1.0000139170754971,0,400,2794
digits_n400,10,3,floyd_warshall,FW,2,1,0.07480937,0.07480865,0.999990375537182,0,400,2794
digits_n400,10,3,dijkstra,D,2,1,0.036093038,0.03609485,1.000050203587739,0,400,2794
digits_n400,10,3,dijkstra,D,3,1,0.036483658,0.036485247,1.0000435537467212,0,400,2794
digits_n400,10,3,floyd_warshall,FW,3,1,0.076660019,0.07665776,0.9999705322274968,0,400,2794
digits_n400,10,3,johnson,J,3,1,0.045593785,0.045595338,1.000034061659939,0,400,2794
digits_n400,10,3,johnson,J,4,1,0.045132603,0.045133506,1.000020007709283,0,400,2794
digits_n400,10,3,dijkstra,D,4,1,0.03589755,0.035898921,1.0000381920214612,0,400,2794
digits_n400,10,3,floyd_warshall,FW,4,1,0.077318295,0.077316777,0.9999803668717736,0,400,2794
digits_n400,10,3,floyd_warshall,FW,5,1,0.073069982,0.073069486,0.999993211986832,0,400,2794
digits_n400,10,3,johnson,J,5,1,0.048146925,0.048106648,0.999163456440884,0,400,2794
digits_n400,10,3,dijkstra,D,5,1,0.036860602,0.03686281,1.0000599013548397,0,400,2794
digits_n400,10,3,dijkstra,D,6,1,0.036219039,0.036220691,1.0000456113703071,0,400,2794
digits_n400,10,3,johnson,J,6,1,0.047477055,0.04746925,0.9998356047989918,0,400,2794
digits_n400,10,3,floyd_warshall,FW,6,1,0.077107227,0.077097541,0.9998743827216092,0,400,2794
digits_n400,20,3,floyd_warshall,FW,1,1,0.090639377,0.090627702,0.9998711928481152,0,400,5358
digits_n400,20,3,johnson,J,1,1,0.068216752,0.068217014,1.000003840698836,0,400,5358
digits_n400,20,3,dijkstra,D,1,1,0.053562873,0.053555635,0.9998648690857193,0,400,5358
digits_n400,20,3,johnson,J,2,1,0.068718434,0.068709956,0.999876626990656,0,400,5358
digits_n400,20,3,dijkstra,D,2,1,0.052246478,0.052246791,1.0000059908344443,0,400,5358
digits_n400,20,3,floyd_warshall,FW,2,1,0.085132474,0.085129874,0.9999694593628278,0,400,5358
digits_n400,20,3,floyd_warshall,FW,3,1,0.090011712,0.09000854,0.999964760141436,0,400,5358
digits_n400,20,3,johnson,J,3,1,0.068436897,0.068428836,0.9998822126608108,0,400,5358
digits_n400,20,3,dijkstra,D,3,1,0.051681802,0.051683941,1.0000413878757557,0,400,5358
digits_n400,20,3,johnson,J,4,1,0.069676938,0.069666845,0.999855145758558,0,400,5358
digits_n400,20,3,dijkstra,D,4,1,0.050955418,0.050955372,0.9999990972500704,0,400,5358
digits_n400,20,3,floyd_warshall,FW,4,1,0.095409362,0.095407253,0.9999778952509922,0,400,5358
digits_n400,20,3,johnson,J,5,1,0.075886254,0.075876288,0.9998686718677668,0,400,5358
digits_n400,20,3,dijkstra,D,5,1,0.051647203,0.051647458,1.000004937343848,0,400,5358
digits_n400,20,3,floyd_warshall,FW,5,1,0.092146713,0.092117524,0.9996832334106156,0,400,5358
digits_n400,20,3,floyd_warshall,FW,6,1,0.092895338,0.092883122,0.9998684971682864,0,400,5358
digits_n400,20,3,dijkstra,D,6,1,0.051382621,0.051383315,1.0000135065122504,0,400,5358
digits_n400,20,3,johnson,J,6,1,0.070351749,0.070351699,0.9999992892856152,0,400,5358
digits_n400,5,4,floyd_warshall,FW,1,1,0.047443924,0.047447887,1.0000835301902935,0,400,1410
digits_n400,5,4,johnson,J,1,1,0.028641722,0.028645484,1.000131346851282,0,400,1410
digits_n400,5,4,dijkstra,D,1,1,0.025301806,0.025304182,1.0000939063401246,0,400,1410
digits_n400,5,4,johnson,J,2,1,0.03100499,0.031007898,1.0000937913542305,0,400,1410
digits_n400,5,4,dijkstra,D,2,1,0.031824815,0.031829485,1.0001467408372997,0,400,1410
digits_n400,5,4,floyd_warshall,FW,2,1,0.050843621,0.050836287,0.9998557537827608,0,400,1410
digits_n400,5,4,dijkstra,D,3,1,0.026698969,0.02670119,1.000083186732791,0,400,1410
digits_n400,5,4,johnson,J,3,1,0.029335043,0.029337678,1.0000898243101262,0,400,1410
digits_n400,5,4,floyd_warshall,FW,3,1,0.047446078,0.047446732,1.000013784068727,0,400,1410
digits_n400,5,4,johnson,J,4,1,0.030048623,0.030051746,1.000103931551206,0,400,1410
digits_n400,5,4,dijkstra,D,4,1,0.027063587,0.027066059,1.0000913404420486,0,400,1410
digits_n400,5,4,floyd_warshall,FW,4,1,0.051328352,0.051264718,0.998760256319938,0,400,1410
digits_n400,5,4,floyd_warshall,FW,5,1,0.048493766,0.048495603,1.0000378811577553,0,400,1410
digits_n400,5,4,dijkstra,D,5,1,0.026735836,0.026739399,1.0001332668258438,0,400,1410
digits_n400,5,4,johnson,J,5,1,0.030275058,0.030278502,1.000113757007501,0,400,1410
digits_n400,5,4,dijkstra,D,6,1,0.025759356,0.025762567,1.0001246537374615,0,400,1410
digits_n400,5,4,floyd_warshall,FW,6,1,0.048219411,0.048220255,1.0000175033245429,0,400,1410
digits_n400,5,4,johnson,J,6,1,0.028874406,0.028878024,1.000125301278925,0,400,1410
digits_n400,10,4,dijkstra,D,1,1,0.035762552,0.035766066,1.0000982592070051,0,400,2750
digits_n400,10,4,johnson,J,1,1,0.047381377,0.047385084,1.0000782374898054,0,400,2750
digits_n400,10,4,floyd_warshall,FW,1,1,0.084266402,0.084257705,0.9998967916062204,0,400,2750
digits_n400,10,4,johnson,J,2,1,0.04746093,0.047463564,1.000055498280375,0,400,2750
digits_n400,10,4,floyd_warshall,FW,2,1,0.104397421,0.104396446,0.9999906606888306,0,400,2750
digits_n400,10,4,dijkstra,D,2,1,0.051366257,0.051357999,0.9998392329812936,0,400,2750
digits_n400,10,4,floyd_warshall,FW,3,1,0.102251989,0.10225075,0.999987882876293,0,400,2750
digits_n400,10,4,johnson,J,3,1,0.045568293,0.045570567,1.0000499031201366,0,400,2750
digits_n400,10,4,dijkstra,D,3,1,0.034171198,0.03417336,1.0000632696576808,0,400,2750
digits_n400,10,4,dijkstra,D,4,1,0.036732123,0.036734483,1.0000642489409066,0,400,2750
digits_n400,10,4,floyd_warshall,FW,4,1,0.079845351,0.079843614,0.9999782454459996,0,400,2750
digits_n400,10,4,johnson,J,4,1,0.046539791,0.04654232,1.0000543405964155,0,400,2750
digits_n400,10,4,dijkstra,D,5,1,0.035974118,0.035980118,1.0001667865769497,0,400,2750
digits_n400,10,4,floyd_warshall,FW,5,1,0.08239043,0.082391314,1.0000107294014606,0,400,2750
digits_n400,10,4,johnson,J,5,1,0.048780134,0.048782856,1.0000558014047276,0,400,2750
digits_n400,10,4,johnson,J,6,1,0.044915085,0.04491723,1.0000477567837176,0,400,2750
digits_n400,10,4,floyd_warshall,FW,6,1,0.080930866,0.080931914,1.0000129493239327,0,400,2750
digits_n400,10,4,dijkstra,D,6,1,0.037686001,0.037691474,1.000145226340147,0,400,2750
digits_n400,20,4,dijkstra,D,1,1,0.052413894,0.052416995,1.0000591637018994,0,400,5419
digits_n400,20,4,floyd_warshall,FW,1,1,0.083749435,0.083750295,1.000010268725992,0,400,5419
digits_n400,20,4,johnson,J,1,1,0.071054146,0.071056567,1.0000340726071073,0,400,5419
digits_n400,20,4,johnson,J,2,1,0.070177928,0.070177123,0.9999885291569166,0,400,5419
digits_n400,20,4,dijkstra,D,2,1,0.050281562,0.050281783,1.0000043952492963,0,400,5419
digits_n400,20,4,floyd_warshall,FW,2,1,0.090840457,0.090838754,0.9999812528464052,0,400,5419
digits_n400,20,4,dijkstra,D,3,1,0.053475872,0.053468715,0.9998661639402532,0,400,5419
digits_n400,20,4,johnson,J,3,1,0.064931306,0.064924953,0.9999021581361692,0,400,5419
digits_n400,20,4,floyd_warshall,FW,3,1,0.083527725,0.083526491,0.9999852264622316,0,400,5419
digits_n400,20,4,dijkstra,D,4,1,0.052037379,0.052040503,1.0000600337691874,0,400,5419
digits_n400,20,4,johnson,J,4,1,0.070178732,0.070180435,1.000024266611144,0,400,5419
digits_n400,20,4,floyd_warshall,FW,4,1,0.092476101,0.092467472,0.999906689405082,0,400,5419
digits_n400,20,4,johnson,J,5,1,0.06863703,0.068636434,0.9999913166405948,0,400,5419
digits_n400,20,4,floyd_warshall,FW,5,1,0.089251837,0.089240216,0.9998697953970404,0,400,5419
digits_n400,20,4,dijkstra,D,5,1,0.054898521,0.054902027,1.0000638632869543,0,400,5419
digits_n400,20,4,dijkstra,D,6,1,0.053718249,0.053721763,1.0000654153861197,0,400,5419
digits_n400,20,4,floyd_warshall,FW,6,1,0.091596436,0.091580697,0.9998281701702892,0,400,5419
digits_n400,20,4,johnson,J,6,1,0.069549359,0.069526703,0.9996742457396336,0,400,5419
digits_n500,5,0,johnson,J,1,1,0.050361751,0.050362588,1.0000166197557347,0,500,1793
digits_n500,5,0,dijkstra,D,1,1,0.042285196,0.042286685,1.0000352132694383,0,500,1793
digits_n500,5,0,floyd_warshall,FW,1,1,0.11578012,0.115767347,0.9998896788153268,0,500,1793
digits_n500,5,0,johnson,J,2,1,0.054476212,0.054477638,1.000026176563084,0,500,1793
digits_n500,5,0,dijkstra,D,2,1,0.044376107,0.044363563,0.9997173253615962,0,500,1793
digits_n500,5,0,floyd_warshall,FW,2,1,0.112992788,0.112975496,0.9998469636840892,0,500,1793
digits_n500,5,0,johnson,J,3,1,0.049773478,0.049775454,1.0000396998578238,0,500,1793
digits_n500,5,0,floyd_warshall,FW,3,1,0.11102643,0.111013495,0.9998834962089658,0,500,1793
digits_n500,5,0,dijkstra,D,3,1,0.04313729,0.043139445,1.0000499567775352,0,500,1793
digits_n500,5,0,johnson,J,4,1,0.052002784,0.052005685,1.00005578547487,0,500,1793
digits_n500,5,0,dijkstra,D,4,1,0.042004949,0.042007254,1.0000548744863371,0,500,1793
digits_n500,5,0,floyd_warshall,FW,4,1,0.111785555,0.111782257,0.9999704970825614,0,500,1793
digits_n500,5,0,floyd_warshall,FW,5,1,0.11367535,0.113672385,0.9999739169485732,0,500,1793
digits_n500,5,0,johnson,J,5,1,0.050086097,0.050088987,1.0000577006429547,0,500,1793
digits_n500,5,0,dijkstra,D,5,1,0.044207822,0.044228385,1.0004651439286016,0,500,1793
digits_n500,5,0,johnson,J,6,1,0.050504697,0.050507411,1.0000537375761307,0,500,1793
digits_n500,5,0,floyd_warshall,FW,6,1,0.114780023,0.114776999,0.99997365395196,0,500,1793
digits_n500,5,0,dijkstra,D,6,1,0.042131556,0.042136028,1.0001061437180243,0,500,1793
digits_n500,10,0,johnson,J,1,1,0.06600511,0.066007599,1.0000377092016055,0,500,3498
digits_n500,10,0,dijkstra,D,1,1,0.056787723,0.056788857,1.0000199691049418,0,500,3498
digits_n500,10,0,floyd_warshall,FW,1,1,0.128819657,0.1287878,0.9997527007854088,0,500,3498
digits_n500,10,0,johnson,J,2,1,0.067427534,0.067386478,0.9993911092759228,0,500,3498
digits_n500,10,0,floyd_warshall,FW,2,1,0.132469044,0.132447729,0.9998390944830852,0,500,3498
digits_n500,10,0,dijkstra,D,2,1,0.055492893,0.05549388,1.000017786061361,0,500,3498
digits_n500,10,0,johnson,J,3,1,0.070043404,0.070042602,0.9999885499568238,0,500,3498
digits_n500,10,0,dijkstra,D,3,1,0.056015958,0.05601583,0.9999977149368756,0,500,3498
digits_n500,10,0,floyd_warshall,FW,3,1,0.14697388,0.146966818,0.9999519506459242,0,500,3498
digits_n500,10,0,johnson,J,4,1,0.072948873,0.072948784,0.9999987799674438,0,500,3498
digits_n500,10,0,dijkstra,D,4,1,0.05722123,0.057222686,1.0000254451014077,0,500,3498
digits_n500,10,0,floyd_warshall,FW,4,1,0.133879411,0.133863445,0.999880743425141,0,500,3498
digits_n500,10,0,dijkstra,D,5,1,0.056681998,0.056668337,0.9997589887357182,0,500,3498
digits_n500,10,0,johnson,J,5,1,0.072154239,0.072144334,0.9998627246280016,0,500,3498
digits_n500,10,0,floyd_warshall,FW,5,1,0.1459726,0.145957476,0.999896391514572,0,500,3498
digits_n500,10,0,floyd_warshall,FW,6,1,0.137443168,0.137437311,0.9999573860229998,0,500,3498
digits_n500,10,0,johnson,J,6,1,0.074157446,0.074158734,1.0000173684514433,0,500,3498
digits_n500,10,0,dijkstra,D,6,1,0.057369728,0.057371831,1.000036656963059,0,500,3498
digits_n500,20,0,dijkstra,D,1,1,0.081496326,0.081450651,0.9994395452869864,0,500,6786
digits_n500,20,0,johnson,J,1,1,0.099416754,0.099415444,0.9999868231465292,0,500,6786
digits_n500,20,0,floyd_warshall,FW,1,1,0.156421822,0.156397469,0.9998443120039864,0,500,6786
digits_n500,20,0,johnson,J,2,1,0.104707053,0.104704715,0.9999776710361624,0,500,6786
digits_n500,20,0,dijkstra,D,2,1,0.081901269,0.08190068,0.9999928084142384,0,500,6786
digits_n500,20,0,floyd_warshall,FW,2,1,0.171305072,0.171294126,0.9999361023005786,0,500,6786
digits_n500,20,0,floyd_warshall,FW,3,1,0.174923451,0.174907708,0.9999100006322194,0,500,6786
digits_n500,20,0,dijkstra,D,3,1,0.080982437,0.080980904,0.9999810699695292,0,500,6786
digits_n500,20,0,johnson,J,3,1,0.106120476,0.106081277,0.9996306179403116,0,500,6786
digits_n500,20,0,johnson,J,4,1,0.10728508,0.107280608,0.9999583166643488,0,500,6786
digits_n500,20,0,floyd_warshall,FW,4,1,0.16709226,0.167073076,0.9998851891763268,0,500,6786
digits_n500,20,0,dijkstra,D,4,1,0.081573274,0.08157221,0.999986956512252,0,500,6786
digits_n500,20,0,floyd_warshall,FW,5,1,0.171422912,0.17141362,0.9999457948771748,0,500,6786
digits_n500,20,0,dijkstra,D,5,1,0.080935395,0.0809356,1.000002532884407,0,500,6786
digits_n500,20,0,johnson,J,5,1,0.105921184,0.105917421,0.9999644735844342,0,500,6786
digits_n500,20,0,dijkstra,D,6,1,0.081209713,0.081220233,1.000129541154763,0,500,6786
digits_n500,20,0,johnson,J,6,1,0.107059329,0.106987293,0.9993271394405994,0,500,6786
digits_n500,20,0,floyd_warshall,FW,6,1,0.175095167,0.175076143,0.999891350513404,0,500,6786
digits_n500,5,1,floyd_warshall,FW,1,1,0.113877819,0.113874967,0.9999749556144906,0,500,1764
digits_n500,5,1,johnson,J,1,1,0.050393413,0.050396104,1.000053399836205,0,500,1764
digits_n500,5,1,dijkstra,D,1,1,0.043207092,0.043209295,1.0000509870000045,0,500,1764
digits_n500,5,1,floyd_warshall,FW,2,1,0.110445106,0.11042924,0.9998563449248716,0,500,1764
digits_n500,5,1,johnson,J,2,1,0.048101255,0.048104562,1.0000687508049424,0,500,1764
digits_n500,5,1,dijkstra,D,2,1,0.042016687,0.042009074,0.9998188100837176,0,500,1764
digits_n500,5,1,dijkstra,D,3,1,0.04182596,0.041829613,1.000087338102939,0,500,1764
digits_n500,5,1,johnson,J,3,1,0.049544047,0.049536446,0.9998465809625928,0,500,1764
digits_n500,5,1,floyd_warshall,FW,3,1,0.103131494,0.10312682,0.999954679217582,0,500,1764
digits_n500,5,1,dijkstra,D,4,1,0.043549702,0.043551284,1.000036326310568,0,500,1764
digits_n500,5,1,floyd_warshall,FW,4,1,0.115671856,0.115667079,0.9999587021409944,0,500,1764
digits_n500,5,1,johnson,J,4,1,0.052006129,0.052009399,1.0000628772043387,0,500,1764
digits_n500,5,1,dijkstra,D,5,1,0.043109181,0.043111327,1.0000497805792226,0,500,1764
digits_n500,5,1,floyd_warshall,FW,5,1,0.120539633,0.120523233,0.9998639451639943,0,500,1764
digits_n500,5,1,johnson,J,5,1,0.05326948,0.053271451,1.0000370005489072,0,500,1764
digits_n500,5,1,dijkstra,D,6,1,0.042606919,0.042598989,0.9998138799944676,0,500,1764
digits_n500,5,1,johnson,J,6,1,0.051402764,0.051363557,0.9992372589147152,0,500,1764
digits_n500,5,1,floyd_warshall,FW,6,1,0.115430422,0.115426052,0.99996214169606,0,500,1764
digits_n500,10,1,floyd_warshall,FW,1,1,0.148532905,0.148495742,0.9997497995477836,0,500,3465
digits_n500,10,1,dijkstra,D,1,1,0.057434993,0.057430634,0.9999241055013276,0,500,3465
digits_n500,10,1,johnson,J,1,1,0.074988812,0.074993085,1.0000569818335034,0,500,3465
digits_n500,10,1,floyd_warshall,FW,2,1,0.14058691,0.140583417,0.9999751541590892,0,500,3465
digits_n500,10,1,dijkstra,D,2,1,0.054356396,0.054361488,1.000093678028249,0,500,3465
digits_n500,10,1,johnson,J,2,1,0.06913826,0.069140051,1.0000259046148976,0,500,3465
digits_n500,10,1,floyd_warshall,FW,3,1,0.139218978,0.139213353,0.999959596025766,0,500,3465
digits_n500,10,1,johnson,J,3,1,0.072745665,0.072745105,0.9999923019467896,0,500,3465
digits_n500,10,1,dijkstra,D,3,1,0.05821058,0.05821147,1.000015289316822,0,500,3465
digits_n500,10,1,johnson,J,4,1,0.075338416,0.075338909,1.0000065438062833,0,500,3465
digits_n500,10,1,floyd_warshall,FW,4,1,0.146316153,0.146274908,0.999718110412594,0,500,3465
digits_n500,10,1,dijkstra,D,4,1,0.058006797,0.058001927,0.9999160443214956,0,500,3465
digits_n500,10,1,floyd_warshall,FW,5,1,0.136716522,0.136709692,0.9999500426144544,0,500,3465
digits_n500,10,1,johnson,J,5,1,0.069887567,0.069886302,0.999981899498662,0,500,3465
digits_n500,10,1,dijkstra,D,5,1,0.054932293,0.054931396,0.9999836708072608,0,500,3465
digits_n500,10,1,floyd_warshall,FW,6,1,0.147244454,0.147236736,0.9999475837643436,0,500,3465
digits_n500,10,1,johnson,J,6,1,0.069553084,0.069552388,0.9999899932546484,0,500,3465
digits_n500,10,1,dijkstra,D,6,1,0.053834262,0.053823797,0.9998056070685988,0,500,3465
digits_n500,20,1,dijkstra,D,1,1,0.082145829,0.082146975,1.00001395079962,0,500,6771
digits_n500,20,1,johnson,J,1,1,0.108608826,0.108597678,0.9998973564082168,0,500,6771
digits_n500,20,1,floyd_warshall,FW,1,1,0.178452361,0.178442051,0.999942225477196,0,500,6771
digits_n500,20,1,johnson,J,2,1,0.108020283,0.108016245,0.9999626181316336,0,500,6771
digits_n500,20,1,floyd_warshall,FW,2,1,0.188728343,0.188716799,0.999938832716822,0,500,6771
digits_n500,20,1,dijkstra,D,2,1,0.086706146,0.086705612,0.9999938412670308,0,500,6771
digits_n500,20,1,dijkstra,D,3,1,0.082613993,0.082605263,0.9998943278289428,0,500,6771
digits_n500,20,1,johnson,J,3,1,0.110648946,0.11062587,0.9997914485330932,0,500,6771
digits_n500,20,1,floyd_warshall,FW,3,1,0.201411612,0.201394571,0.9999153921671606,0,500,6771
digits_n500,20,1,dijkstra,D,4,1,0.128768763,0.128765641,0.9999757549895854,0,500,6771
digits_n500,20,1,johnson,J,4,1,0.149645702,0.149639556,0.9999589296590692,0,500,6771
digits_n500,20,1,floyd_warshall,FW,4,1,0.182758848,0.182739405,0.999893613905905,0,500,6771
digits_n500,20,1,dijkstra,D,5,1,0.086520788,0.086520389,0.9999953883915158,0,500,6771
digits_n500,20,1,johnson,J,5,1,0.111720084,0.111642738,0.999307680434612,0,500,6771
digits_n500,20,1,floyd_warshall,FW,5,1,0.185589604,0.185568591,0.999886777063224,0,500,6771
digits_n500,20,1,johnson,J,6,1,0.107992416,0.107979061,0.9998763339084848,0,500,6771
digits_n500,20,1,dijkstra,D,6,1,0.083231273,0.08322997,0.9999843448267336,0,500,6771
digits_n500,20,1,floyd_warshall,FW,6,1,0.174698014,0.174687627,0.9999405431134436,0,500,6771
digits_n500,5,2,floyd_warshall,FW,1,1,0.106631378,0.10662071,0.9998999544017896,0,500,1787
digits_n500,5,2,dijkstra,D,1,1,0.039650973,0.039655491,1.00011394424041,0,500,1787
digits_n500,5,2,johnson,J,1,1,0.048159121,0.048164569,1.0001131249883068,0,500,1787
digits_n500,5,2,floyd_warshall,FW,2,1,0.099321127,0.099319858,0.9999872232621768,0,500,1787
digits_n500,5,2,dijkstra,D,2,1,0.041795824,0.041801,1.0001238401233576,0,500,1787
digits_n500,5,2,johnson,J,2,1,0.050298373,0.05030343,1.0001005400313845,0,500,1787
digits_n500,5,2,dijkstra,D,3,1,0.040364897,0.040369532,1.0001148274947909,0,500,1787
digits_n500,5,2,johnson,J,3,1,0.048864848,0.048869301,1.000091128903133,0,500,1787
digits_n500,5,2,floyd_warshall,FW,3,1,0.108113074,0.108110579,0.999976922310062,0,500,1787
digits_n500,5,2,dijkstra,D,4,1,0.040989965,0.040991995,1.0000495243165004,0,500,1787
digits_n500,5,2,johnson,J,4,1,0.050996258,0.050997141,1.0000173149959355,0,500,1787
digits_n500,5,2,floyd_warshall,FW,4,1,0.106307509,0.106280964,0.9997502998588746,0,500,1787
digits_n500,5,2,floyd_warshall,FW,5,1,0.111365241,0.111341269,0.9997847443261044,0,500,1787
digits_n500,5,2,dijkstra,D,5,1,0.042041272,0.042046708,1.0001293015111437,0,500,1787
digits_n500,5,2,johnson,J,5,1,0.050177904,0.050182252,1.0000866516863676,0,500,1787
digits_n500,5,2,dijkstra,D,6,1,0.041493609,0.041497869,1.0001026664130372,0,500,1787
digits_n500,5,2,floyd_warshall,FW,6,1,0.110025595,0.110024641,0.9999913292902438,0,500,1787
digits_n500,5,2,johnson,J,6,1,0.050263174,0.050267876,1.0000935476140047,0,500,1787
digits_n500,10,2,dijkstra,D,1,1,0.056498447,0.056499034,1.0000103896661088,0,500,3463
digits_n500,10,2,floyd_warshall,FW,1,1,0.134505844,0.134493141,0.9999055580068328,0,500,3463
digits_n500,10,2,johnson,J,1,1,0.073673468,0.073672989,0.9999934983378276,0,500,3463
digits_n500,10,2,dijkstra,D,2,1,0.054704528,0.054704376,0.9999972214365874,0,500,3463
digits_n500,10,2,floyd_warshall,FW,2,1,0.145952525,0.145937417,0.9998964868884592,0,500,3463
digits_n500,10,2,johnson,J,2,1,0.073812425,0.073801221,0.9998482098373004,0,500,3463
digits_n500,10,2,johnson,J,3,1,0.069361404,0.069291924,0.998998290173019,0,500,3463
digits_n500,10,2,floyd_warshall,FW,3,1,0.137984375,0.13796016,0.9998245091156156,0,500,3463
digits_n500,10,2,dijkstra,D,3,1,0.054696379,0.054697422,1.0000190689039945,0,500,3463
digits_n500,10,2,dijkstra,D,4,1,0.051994116,0.051994943,1.0000159056459388,0,500,3463
digits_n500,10,2,johnson,J,4,1,0.063318312,0.063319854,1.000024353144474,0,500,3463
digits_n500,10,2,floyd_warshall,FW,4,1,0.136179289,0.13617422,0.999962777012296,0,500,3463
digits_n500,10,2,dijkstra,D,5,1,0.055579109,0.055581372,1.0000407167376504,0,500,3463
digits_n500,10,2,floyd_warshall,FW,5,1,0.142841452,0.142833649,0.9999453729999888,0,500,3463
digits_n500,10,2,johnson,J,5,1,0.072392352,0.072392072,0.9999961321881076,0,500,3463
digits_n500,10,2,dijkstra,D,6,1,0.056207816,0.056209184,1.0000243382521747,0,500,3463
digits_n500,10,2,johnson,J,6,1,0.072843999,0.072844243,1.0000033496238996,0,500,3463
digits_n500,10,2,floyd_warshall,FW,6,1,0.143603467,0.143570522,0.9997705835333348,0,500,3463
digits_n500,20,2,dijkstra,D,1,1,0.075682308,0.075682157,0.9999980048177176,0,500,6791
digits_n500,20,2,floyd_warshall,FW,1,1,0.153552077,0.153543969,0.9999471970672204,0,500,6791
digits_n500,20,2,johnson,J,1,1,0.105192731,0.105182523,0.9999029590742348,0,500,6791
digits_n500,20,2,dijkstra,D,2,1,0.086707799,0.086705814,0.999977107018943,0,500,6791
digits_n500,20,2,floyd_warshall,FW,2,1,0.175903994,0.175886044,0.99989795569963,0,500,6791
digits_n500,20,2,johnson,J,2,1,0.116089179,0.11607538,0.9998811344854116,0,500,6791
digits_n500,20,2,johnson,J,3,1,0.10735623,0.107329603,0.9997519752696232,0,500,6791
digits_n500,20,2,dijkstra,D,3,1,0.075682292,0.075682438,1.0000019291170517,0,500,6791
digits_n500,20,2,floyd_warshall,FW,3,1,0.154575225,0.154555174,0.999870283222942,0,500,6791
digits_n500,20,2,dijkstra,D,4,1,0.080409394,0.080407232,0.9999731125942822,0,500,6791
digits_n500,20,2,floyd_warshall,FW,4,1,0.170229181,0.170219292,0.9999419077273244,0,500,6791
digits_n500,20,2,johnson,J,4,1,0.111605518,0.111603764,0.999984283931194,0,500,6791
digits_n500,20,2,johnson,J,5,1,0.109185047,0.109181491,0.99996743143775,0,500,6791
digits_n500,20,2,floyd_warshall,FW,5,1,0.249372366,0.249316442,0.9997757409896812,0,500,6791
digits_n500,20,2,dijkstra,D,5,1,0.135642106,0.135626696,0.9998863922092156,0,500,6791
digits_n500,20,2,dijkstra,D,6,1,0.137554997,0.13755,0.9999636727119408,0,500,6791
digits_n500,20,2,floyd_warshall,FW,6,1,0.232620406,0.232606325,0.9999394679072136,0,500,6791
digits_n500,20,2,johnson,J,6,1,0.115666054,0.115654312,0.9998984836121408,0,500,6791
digits_n500,5,3,johnson,J,1,1,0.049070134,0.049073099,1.0000604237192423,0,500,1796
digits_n500,5,3,floyd_warshall,FW,1,1,0.107536925,0.107533136,0.9999647655909818,0,500,1796
digits_n500,5,3,dijkstra,D,1,1,0.043016877,0.043029104,1.000284237277383,0,500,1796
digits_n500,5,3,floyd_warshall,FW,2,1,0.108901277,0.108896987,0.999960606522548,0,500,1796
digits_n500,5,3,johnson,J,2,1,0.049119371,0.0491108,0.999825506723203,0,500,1796
digits_n500,5,3,dijkstra,D,2,1,0.040065283,0.040066589,1.0000325967995782,0,500,1796
digits_n500,5,3,johnson,J,3,1,0.048360632,0.048361281,1.000013420006587,0,500,1796
digits_n500,5,3,floyd_warshall,FW,3,1,0.110314826,0.110311744,0.9999720617788944,0,500,1796
digits_n500,5,3,dijkstra,D,3,1,0.042854985,0.042836388,0.9995660481505244,0,500,1796
digits_n500,5,3,johnson,J,4,1,0.04739261,0.047384834,0.99983592378643,0,500,1796
digits_n500,5,3,floyd_warshall,FW,4,1,0.111173511,0.11116839,0.9999539368690084,0,500,1796
digits_n500,5,3,dijkstra,D,4,1,0.039670896,0.039672775,1.0000473646977877,0,500,1796
digits_n500,5,3,dijkstra,D,5,1,0.040160961,0.040161831,1.0000216628282377,0,500,1796
digits_n500,5,3,floyd_warshall,FW,5,1,0.106870697,0.106865853,0.9999546741984848,0,500,1796
digits_n500,5,3,johnson,J,5,1,0.048604192,0.04860517,1.0000201217211884,0,500,1796
digits_n500,5,3,dijkstra,D,6,1,0.041381429,0.041386235,1.0001161390535838,0,500,1796
digits_n500,5,3,floyd_warshall,FW,6,1,0.113829433,0.113826539,0.999974575995648,0,500,1796
digits_n500,5,3,johnson,J,6,1,0.049186487,0.049188798,1.0000469844492044,0,500,1796
digits_n500,10,3,dijkstra,D,1,1,0.056887446,0.056889774,1.0000409229129392,0,500,3489
digits_n500,10,3,johnson,J,1,1,0.07040845,0.070408725,1.0000039057811954,0,500,3489
digits_n500,10,3,floyd_warshall,FW,1,1,0.137050989,0.137044158,0.9999501572367346,0,500,3489
digits_n500,10,3,johnson,J,2,1,0.070289194,0.070287793,0.999980068059964,0,500,3489
digits_n500,10,3,floyd_warshall,FW,2,1,0.141855637,0.141824289,0.9997790147740128,0,500,3489
digits_n500,10,3,dijkstra,D,2,1,0.056717248,0.056719228,1.00003491001538,0,500,3489
digits_n500,10,3,floyd_warshall,FW,3,1,0.141042269,0.141009632,0.9997686012836337,0,500,3489
digits_n500,10,3,johnson,J,3,1,0.069543792,0.069544024,1.0000033360274632,0,500,3489
digits_n500,10,3,dijkstra,D,3,1,0.064762284,0.064763145,1.0000132947750884,0,500,3489
digits_n500,10,3,floyd_warshall,FW,4,1,0.16719464,0.167177809,0.9998993328972748,0,500,3489
digits_n500,10,3,dijkstra,D,4,1,0.053564234,0.053567239,1.000056100867605,0,500,3489
digits_n500,10,3,johnson,J,4,1,0.065304099,0.065307408,1.000050670632482,0,500,3489
digits_n500,10,3,dijkstra,D,5,1,0.059988445,0.059979573,0.9998521048511926,0,500,3489
digits_n500,10,3,floyd_warshall,FW,5,1,0.14992699,0.149920797,0.9999586932279504,0,500,3489
digits_n500,10,3,johnson,J,5,1,0.073135802,0.073116932,0.9997419868315656,0,500,3489
digits_n500,10,3,dijkstra,D,6,1,0.057302459,0.057304306,1.0000322324736537,0,500,3489
digits_n500,10,3,johnson,J,6,1,0.073171473,0.073171742,1.0000036762960889,0,500,3489
digits_n500,10,3,floyd_warshall,FW,6,1,0.136344314,0.136327255,0.9998748829379128,0,500,3489
digits_n500,20,3,dijkstra,D,1,1,0.080060396,0.080058568,0.999977167237594,0,500,6747
digits_n500,20,3,johnson,J,1,1,0.106215955,0.106223852,1.0000743485289003,0,500,6747
digits_n500,20,3,floyd_warshall,FW,1,1,0.170455247,0.170445097,0.9999404535784104,0,500,6747
digits_n500,20,3,floyd_warshall,FW,2,1,0.171774155,0.171717512,0.9996702472499428,0,500,6747
digits_n500,20,3,johnson,J,2,1,0.1085118,0.108500332,0.9998943156412482,0,500,6747
digits_n500,20,3,dijkstra,D,2,1,0.083922193,0.08391156,0.9998732993071332,0,500,6747
digits_n500,20,3,dijkstra,D,3,1,0.077821492,0.077820183,0.9999831794538198,0,500,6747
digits_n500,20,3,johnson,J,3,1,0.109148966,0.109145146,0.9999650019588824,0,500,6747
digits_n500,20,3,floyd_warshall,FW,3,1,0.169184447,0.16916591,0.9998904331909424,0,500,6747
digits_n500,20,3,floyd_warshall,FW,4,1,0.157511256,0.15749297,0.999883906709499,0,500,6747
digits_n500,20,3,dijkstra,D,4,1,0.080177895,0.080176419,0.9999815909360056,0,500,6747
digits_n500,20,3,johnson,J,4,1,0.103645666,0.103597511,0.9995353881946208,0,500,6747
digits_n500,20,3,johnson,J,5,1,0.105120722,0.105109211,0.999890497327444,0,500,6747
digits_n500,20,3,dijkstra,D,5,1,0.081377729,0.081376672,0.9999870111882824,0,500,6747
digits_n500,20,3,floyd_warshall,FW,5,1,0.154652578,0.154644214,0.999945917487389,0,500,6747
digits_n500,20,3,dijkstra,D,6,1,0.083102647,0.083116723,1.000169380886267,0,500,6747
digits_n500,20,3,floyd_warshall,FW,6,1,0.177656358,0.177646791,0.999946148845402,0,500,6747
digits_n500,20,3,johnson,J,6,1,0.104701038,0.104697561,0.9999667911601792,0,500,6747
digits_n500,5,4,dijkstra,D,1,1,0.039777194,0.039779287,1.0000526180906577,0,500,1785
digits_n500,5,4,floyd_warshall,FW,1,1,0.109269022,0.109265799,0.9999705039915155,0,500,1785
digits_n500,5,4,johnson,J,1,1,0.051999048,0.052001669,1.000050404768949,0,500,1785
digits_n500,5,4,johnson,J,2,1,0.051271551,0.051274565,1.0000587850365596,0,500,1785
digits_n500,5,4,dijkstra,D,2,1,0.043816346,0.043819916,1.0000814764426045,0,500,1785
digits_n500,5,4,floyd_warshall,FW,2,1,0.160288127,0.160268887,0.9998799661561956,0,500,1785
digits_n500,5,4,johnson,J,3,1,0.076562165,0.076564059,1.0000247380674254,0,500,1785
digits_n500,5,4,dijkstra,D,3,1,0.055619297,0.055621348,1.0000368756908238,0,500,1785
digits_n500,5,4,floyd_warshall,FW,3,1,0.112470267,0.112459021,0.999900009128635,0,500,1785
digits_n500,5,4,dijkstra,D,4,1,0.041500827,0.041504416,1.0000864802043583,0,500,1785
digits_n500,5,4,johnson,J,4,1,0.048666053,0.048659359,0.9998624503203496,0,500,1785
digits_n500,5,4,floyd_warshall,FW,4,1,0.101190925,0.101188529,0.999976321987372,0,500,1785
digits_n500,5,4,johnson,J,5,1,0.05119484,0.051199304,1.000087196287751,0,500,1785
digits_n500,5,4,floyd_warshall,FW,5,1,0.11018152,0.110169596,0.9998917785850112,0,500,1785
digits_n500,5,4,dijkstra,D,5,1,0.041751075,0.041755037,1.0000948957601692,0,500,1785
digits_n500,5,4,johnson,J,6,1,0.050118368,0.050119911,1.0000307871158134,0,500,1785
digits_n500,5,4,dijkstra,D,6,1,0.040802015,0.04080403,1.0000493848159215,0,500,1785
digits_n500,5,4,floyd_warshall,FW,6,1,0.11091678,0.110905128,0.9998949482666194,0,500,1785
digits_n500,10,4,floyd_warshall,FW,1,1,0.148302065,0.148287537,0.9999020377767496,0,500,3465
digits_n500,10,4,johnson,J,1,1,0.073101379,0.073094003,0.9998990990306764,0,500,3465
digits_n500,10,4,dijkstra,D,1,1,0.055353236,0.055337718,0.9997196550532296,0,500,3465
digits_n500,10,4,floyd_warshall,FW,2,1,0.149847177,0.14981179,0.999763846068318,0,500,3465
digits_n500,10,4,dijkstra,D,2,1,0.056548792,0.056551105,1.0000409027305128,0,500,3465
digits_n500,10,4,johnson,J,2,1,0.064243647,0.064243822,1.0000027240047564,0,500,3465
digits_n500,10,4,floyd_warshall,FW,3,1,0.133708462,0.133701675,0.9999492403106096,0,500,3465
digits_n500,10,4,dijkstra,D,3,1,0.053447375,0.053447906,1.0000099350061626,0,500,3465
digits_n500,10,4,johnson,J,3,1,0.073389959,0.073389267,0.9999905709172012,0,500,3465
digits_n500,10,4,dijkstra,D,4,1,0.055867217,0.055867087,0.9999976730539488,0,500,3465
digits_n500,10,4,johnson,J,4,1,0.071073973,0.071072037,0.9999727607741868,0,500,3465
digits_n500,10,4,floyd_warshall,FW,4,1,0.138863359,0.138844606,0.9998649535764148,0,500,3465
digits_n500,10,4,johnson,J,5,1,0.070800553,0.070716726,0.998816012072674,0,500,3465
digits_n500,10,4,floyd_warshall,FW,5,1,0.148064767,0.148057178,0.9999487454027466,0,500,3465
digits_n500,10,4,dijkstra,D,5,1,0.054504467,0.054496449,0.9998528927913376,0,500,3465
digits_n500,10,4,floyd_warshall,FW,6,1,0.134961682,0.134940782,0.9998451412305308,0,500,3465
digits_n500,10,4,johnson,J,6,1,0.064472596,0.06447286,1.000004094762991,0,500,3465
digits_n500,10,4,dijkstra,D,6,1,0.054445714,0.054445455,0.9999952429680692,0,500,3465
digits_n500,20,4,johnson,J,1,1,0.108272135,0.108268797,0.9999691702763596,0,500,6785
digits_n500,20,4,floyd_warshall,FW,1,1,0.171154142,0.171133988,0.9998822464956764,0,500,6785
digits_n500,20,4,dijkstra,D,1,1,0.077279472,0.077257996,0.9997220995505766,0,500,6785
digits_n500,20,4,johnson,J,2,1,0.098220227,0.098217792,0.9999752087724252,0,500,6785
digits_n500,20,4,floyd_warshall,FW,2,1,0.153845637,0.153837411,0.9999465308203704,0,500,6785
digits_n500,20,4,dijkstra,D,2,1,0.083389493,0.08338852,0.999988331863344,0,500,6785
digits_n500,20,4,floyd_warshall,FW,3,1,0.171883165,0.171873166,0.999941826763546,0,500,6785
digits_n500,20,4,johnson,J,3,1,0.107393168,0.107389909,0.9999696535630648,0,500,6785
digits_n500,20,4,dijkstra,D,3,1,0.082373602,0.082370955,0.9999678659189868,0,500,6785
digits_n500,20,4,floyd_warshall,FW,4,1,0.170471319,0.170460606,0.9999371565840935,0,500,6785
digits_n500,20,4,johnson,J,4,1,0.106327068,0.106292812,0.9996778242770692,0,500,6785
digits_n500,20,4,dijkstra,D,4,1,0.08086323,0.080853318,0.9998774226555136,0,500,6785
digits_n500,20,4,dijkstra,D,5,1,0.08065741,0.080638682,0.9997678080662398,0,500,6785
digits_n500,20,4,floyd_warshall,FW,5,1,0.151408737,0.15139948,0.9999388608597932,0,500,6785
digits_n500,20,4,johnson,J,5,1,0.106968786,0.106964108,0.9999562676162372,0,500,6785
digits_n500,20,4,dijkstra,D,6,1,0.085216295,0.085215025,0.9999850967470484,0,500,6785
digits_n500,20,4,johnson,J,6,1,0.107700022,0.107696974,0.9999716991701264,0,500,6785
digits_n500,20,4,floyd_warshall,FW,6,1,0.168440702,0.168410905,0.9998231009509804,0,500,6785
digits_n750,5,0,floyd_warshall,FW,1,1,0.351082073,0.351028887,0.9998485083571896,0,750,2690
digits_n750,5,0,dijkstra,D,1,1,0.108713106,0.108713891,1.0000072208405122,0,750,2690
digits_n750,5,0,johnson,J,1,1,0.159588105,0.159574305,0.9999135273897762,0,750,2690
digits_n750,5,0,floyd_warshall,FW,2,1,0.370363226,0.370287011,0.9997942155304588,0,750,2690
digits_n750,5,0,johnson,J,2,1,0.117936126,0.117933093,0.9999742826892584,0,750,2690
digits_n750,5,0,dijkstra,D,2,1,0.098077341,0.0980661,0.999885386370742,0,750,2690
digits_n750,5,0,johnson,J,3,1,0.115841395,0.115840567,0.9999928522960208,0,750,2690
digits_n750,5,0,floyd_warshall,FW,3,1,0.368074794,0.368047036,0.9999245859796636,0,750,2690
digits_n750,5,0,dijkstra,D,3,1,0.096669655,0.096668585,0.999988931376656,0,750,2690
digits_n750,5,0,johnson,J,4,1,0.120833693,0.120829359,0.9999641325205544,0,750,2690
digits_n750,5,0,floyd_warshall,FW,4,1,0.339622247,0.339580971,0.9998784649699348,0,750,2690
digits_n750,5,0,dijkstra,D,4,1,0.095271123,0.095269862,0.999986764090101,0,750,2690
digits_n750,5,0,johnson,J,5,1,0.119487749,0.119483369,0.9999633435223556,0,750,2690
digits_n750,5,0,dijkstra,D,5,1,0.098055594,0.098052615,0.9999696192753674,0,750,2690
digits_n750,5,0,floyd_warshall,FW,5,1,0.350294023,0.350184687,0.9996878736352288,0,750,2690
digits_n750,5,0,dijkstra,D,6,1,0.098525761,0.098524153,0.9999836793952802,0,750,2690
digits_n750,5,0,floyd_warshall,FW,6,1,0.334916838,0.334891431,0.999924139376952,0,750,2690
digits_n750,5,0,johnson,J,6,1,0.116910239,0.116906713,0.999969840109556,0,750,2690
digits_n750,10,0,floyd_warshall,FW,1,1,0.465525518,0.465461848,0.9998632298390998,0,750,5246
digits_n750,10,0,johnson,J,1,1,0.149095518,0.149091333,0.9999719307457652,0,750,5246
digits_n750,10,0,dijkstra,D,1,1,0.128260981,0.128246449,0.999886699759454,0,750,5246
digits_n750,10,0,floyd_warshall,FW,2,1,0.472992352,0.472946082,0.9999021760081228,0,750,5246
digits_n750,10,0,johnson,J,2,1,0.161028398,0.161013417,0.9999069667202428,0,750,5246
digits_n750,10,0,dijkstra,D,2,1,0.126482129,0.126418666,0.9994982453212818,0,750,5246
digits_n750,10,0,floyd_warshall,FW,3,1,0.477731105,0.477691314,0.9999167083751016,0,750,5246
digits_n750,10,0,johnson,J,3,1,0.161486217,0.161477412,0.9999454752228172,0,750,5246
digits_n750,10,0,dijkstra,D,3,1,0.130663101,0.130657485,0.9999570192352928,0,750,5246
digits_n750,10,0,dijkstra,D,4,1,0.128108572,0.128102689,0.9999540780143892,0,750,5246
digits_n750,10,0,johnson,J,4,1,0.160131914,0.160091591,0.9997481888588432,0,750,5246
digits_n750,10,0,floyd_warshall,FW,4,1,0.496523516,0.496481832,0.999916048286422,0,750,5246
digits_n750,10,0,floyd_warshall,FW,5,1,0.477494658,0.477407591,0.9998176586930528,0,750,5246
digits_n750,10,0,johnson,J,5,1,0.16829505,0.168278183,0.9998997772067568,0,750,5246
digits_n750,10,0,dijkstra,D,5,1,0.130187979,0.130183608,0.9999664254715868,0,750,5246
digits_n750,10,0,dijkstra,D,6,1,0.130871033,0.130867681,0.9999743869982292,0,750,5246
digits_n750,10,0,johnson,J,6,1,0.164078991,0.164070441,0.9999478909521086,0,750,5246
digits_n750,10,0,floyd_warshall,FW,6,1,0.500267789,0.500188419,0.9998413449721424,0,750,5246
digits_n750,20,0,dijkstra,D,1,1,0.169254278,0.169228962,0.9998504262326532,0,750,10200
digits_n750,20,0,johnson,J,1,1,0.220402945,0.220390079,0.9999416250994286,0,750,10200
digits_n750,20,0,floyd_warshall,FW,1,1,0.515364883,0.514669869,0.9986514137401944,0,750,10200
digits_n750,20,0,johnson,J,2,1,0.231734498,0.231695047,0.9998297577601069,0,750,10200
digits_n750,20,0,floyd_warshall,FW,2,1,0.512148149,0.512105389,0.9999165085335492,0,750,10200
digits_n750,20,0,dijkstra,D,2,1,0.190072357,0.190052483,0.9998954398192684,0,750,10200
digits_n750,20,0,dijkstra,D,3,1,0.184059316,0.184030063,0.999841067539336,0,750,10200
digits_n750,20,0,floyd_warshall,FW,3,1,0.515643883,0.515583745,0.9998833729983374,0,750,10200
digits_n750,20,0,johnson,J,3,1,0.221506701,0.22149312,0.9999386880851068,0,750,10200
digits_n750,20,0,dijkstra,D,4,1,0.191610877,0.191582373,0.9998512401777692,0,750,10200
digits_n750,20,0,johnson,J,4,1,0.238819214,0.238789613,0.9998760526864476,0,750,10200
digits_n750,20,0,floyd_warshall,FW,4,1,0.54972817,0.549664057,0.999883373267919,0,750,10200
digits_n750,20,0,johnson,J,5,1,0.247045397,0.247012637,0.9998673927933982,0,750,10200
digits_n750,20,0,floyd_warshall,FW,5,1,0.517901871,0.517848249,0.9998964630116196,0,750,10200
digits_n750,20,0,dijkstra,D,5,1,0.177758543,0.177748078,0.9999411280053078,0,750,10200
digits_n750,20,0,floyd_warshall,FW,6,1,0.555539459,0.555452003,0.999842574638789,0,750,10200
digits_n750,20,0,johnson,J,6,1,0.243864538,0.243850154,0.999941016434296,0,750,10200
digits_n750,20,0,dijkstra,D,6,1,0.190713244,0.190695313,0.9999059792617234,0,750,10200
digits_n750,5,1,johnson,J,1,1,0.135117693,0.135097406,0.9998498568207496,0,750,2659
digits_n750,5,1,dijkstra,D,1,1,0.09199973,0.091990297,0.9998974670903924,0,750,2659
digits_n750,5,1,floyd_warshall,FW,1,1,0.315285186,0.315253453,0.999899351439874,0,750,2659
digits_n750,5,1,dijkstra,D,2,1,0.103152862,0.103151875,0.99999043167605,0,750,2659
digits_n750,5,1,johnson,J,2,1,0.120062861,0.120049199,0.9998862096081484,0,750,2659
digits_n750,5,1,floyd_warshall,FW,2,1,0.353203462,0.353154222,0.9998605902679404,0,750,2659
digits_n750,5,1,johnson,J,3,1,0.109280876,0.109277255,0.9999668651997264,0,750,2659
digits_n750,5,1,floyd_warshall,FW,3,1,0.311155228,0.311131938,0.9999251498997792,0,750,2659
digits_n750,5,1,dijkstra,D,3,1,0.089922587,0.089920484,0.999976613217322,0,750,2659
digits_n750,5,1,floyd_warshall,FW,4,1,0.349388675,0.349086987,0.9991365261052038,0,750,2659
digits_n750,5,1,johnson,J,4,1,0.113809229,0.113796306,0.9998864503334788,0,750,2659
digits_n750,5,1,dijkstra,D,4,1,0.09427108,0.094263169,0.9999160824295212,0,750,2659
digits_n750,5,1,floyd_warshall,FW,5,1,0.342593169,0.342560357,0.9999042245935732,0,750,2659
digits_n750,5,1,dijkstra,D,5,1,0.09216161,0.092151869,0.9998943052318638,0,750,2659
digits_n750,5,1,johnson,J,5,1,0.112376337,0.112372316,0.9999642184457392,0,750,2659
digits_n750,5,1,johnson,J,6,1,0.115172236,0.11513754,0.9996987468403408,0,750,2659
digits_n750,5,1,dijkstra,D,6,1,0.093744714,0.093734964,0.9998959941357332,0,750,2659
digits_n750,5,1,floyd_warshall,FW,6,1,0.326108258,0.326083912,0.999925343810214,0,750,2659
digits_n750,10,1,floyd_warshall,FW,1,1,0.479596534,0.479545078,0.9998927098167896,0,750,5271
digits_n750,10,1,dijkstra,D,1,1,0.125216154,0.125211509,0.9999629041473356,0,750,5271
digits_n750,10,1,johnson,J,1,1,0.163508649,0.163502033,0.9999595373086348,0,750,5271
digits_n750,10,1,dijkstra,D,2,1,0.129409472,0.129339186,0.9994568712868253,0,750,5271
digits_n750,10,1,johnson,J,2,1,0.163188884,0.16316852,0.999875212088588,0,750,5271
digits_n750,10,1,floyd_warshall,FW,2,1,0.450370768,0.450323526,0.999895104204454,0,750,5271
digits_n750,10,1,dijkstra,D,3,1,0.132208171,0.132193847,0.9998916557131706,0,750,5271
digits_n750,10,1,johnson,J,3,1,0.163280153,0.163243471,0.9997753431796452,0,750,5271
digits_n750,10,1,floyd_warshall,FW,3,1,0.435823322,0.435788278,0.9999195912696016,0,750,5271
digits_n750,10,1,dijkstra,D,4,1,0.128725246,0.128719241,0.9999533502542308,0,750,5271
digits_n750,10,1,johnson,J,4,1,0.148583769,0.14857603,0.9999479149031412,0,750,5271
digits_n750,10,1,floyd_warshall,FW,4,1,0.445296721,0.445172574,0.9997212038756512,0,750,5271
digits_n750,10,1,johnson,J,5,1,0.171426591,0.171417315,0.999945889374887,0,750,5271
digits_n750,10,1,dijkstra,D,5,1,0.132117082,0.132106213,0.9999177320613244,0,750,5271
digits_n750,10,1,floyd_warshall,FW,5,1,0.484400743,0.484323635,0.9998408177503558,0,750,5271
digits_n750,10,1,johnson,J,6,1,0.165628104,0.16561223,0.9999041587773052,0,750,5271
digits_n750,10,1,dijkstra,D,6,1,0.118369712,0.118365943,0.9999681590844792,0,750,5271
digits_n750,10,1,floyd_warshall,FW,6,1,0.439637203,0.439601573,0.9999189559032838,0,750,5271
digits_n750,20,1,floyd_warshall,FW,1,1,0.525358195,0.525277999,0.9998473498638392,0,750,10312
digits_n750,20,1,johnson,J,1,1,0.233111598,0.23307096,0.9998256714794602,0,750,10312
digits_n750,20,1,dijkstra,D,1,1,0.19133009,0.191290848,0.9997948989623116,0,750,10312
digits_n750,20,1,johnson,J,2,1,0.24651641,0.246500611,0.999935910960248,0,750,10312
digits_n750,20,1,floyd_warshall,FW,2,1,0.576159226,0.576054021,0.9998174029066056,0,750,10312
digits_n750,20,1,dijkstra,D,2,1,0.19187187,0.19186283,0.999952885224916,0,750,10312
digits_n750,20,1,floyd_warshall,FW,3,1,0.560052975,0.559968154,0.999848548255636,0,750,10312
digits_n750,20,1,dijkstra,D,3,1,0.186789195,0.186771595,0.999905776134428,0,750,10312
digits_n750,20,1,johnson,J,3,1,0.244582976,0.244567981,0.9999386915628992,0,750,10312
digits_n750,20,1,johnson,J,4,1,0.242535138,0.242529045,0.9999748778669753,0,750,10312
digits_n750,20,1,dijkstra,D,4,1,0.183487245,0.183477109,0.9999447591030102,0,750,10312
digits_n750,20,1,floyd_warshall,FW,4,1,0.541827083,0.54167473,0.9997188161965688,0,750,10312
digits_n750,20,1,johnson,J,5,1,0.247408319,0.2473938,0.999941315635389,0,750,10312
digits_n750,20,1,dijkstra,D,5,1,0.189351161,0.189324181,0.9998575134165668,0,750,10312
digits_n750,20,1,floyd_warshall,FW,5,1,0.510284344,0.510202052,0.9998387330495878,0,750,10312
digits_n750,20,1,floyd_warshall,FW,6,1,0.523778191,0.523661653,0.9997775050546156,0,750,10312
digits_n750,20,1,dijkstra,D,6,1,0.181905445,0.181873584,0.999824848563494,0,750,10312
digits_n750,20,1,johnson,J,6,1,0.226210432,0.22618553,0.9998899166595464,0,750,10312
digits_n750,5,2,johnson,J,1,1,0.110926875,0.110922949,0.9999646073145034,0,750,2668
digits_n750,5,2,floyd_warshall,FW,1,1,0.340135428,0.340109732,0.9999244536208676,0,750,2668
digits_n750,5,2,dijkstra,D,1,1,0.091920036,0.091907866,0.9998676023146902,0,750,2668
digits_n750,5,2,floyd_warshall,FW,2,1,0.334628154,0.334574526,0.9998397385295916,0,750,2668
digits_n750,5,2,johnson,J,2,1,0.110856281,0.1108514,0.9999559700185144,0,750,2668
digits_n750,5,2,dijkstra,D,2,1,0.089282361,0.089273057,0.9998957912862542,0,750,2668
digits_n750,5,2,dijkstra,D,3,1,0.088767017,0.088763916,0.9999650658532324,0,750,2668
digits_n750,5,2,johnson,J,3,1,0.110850854,0.110847122,0.9999663331416464,0,750,2668
digits_n750,5,2,floyd_warshall,FW,3,1,0.346550676,0.346471573,0.999771741896703,0,750,2668
digits_n750,5,2,johnson,J,4,1,0.110152799,0.110148422,0.9999602642870654,0,750,2668
digits_n750,5,2,floyd_warshall,FW,4,1,0.334527609,0.334493579,0.9998982744649934,0,750,2668
digits_n750,5,2,dijkstra,D,4,1,0.091116749,0.091028807,0.99903484265006,0,750,2668
digits_n750,5,2,johnson,J,5,1,0.111676135,0.111672696,0.9999692055961644,0,750,2668
digits_n750,5,2,dijkstra,D,5,1,0.092680565,0.092677609,0.9999681055030252,0,750,2668
digits_n750,5,2,floyd_warshall,FW,5,1,0.338357734,0.338254491,0.9996948702818774,0,750,2668
digits_n750,5,2,dijkstra,D,6,1,0.090509249,0.090507457,0.9999802009184718,0,750,2668
digits_n750,5,2,floyd_warshall,FW,6,1,0.343321131,0.343294061,0.9999211525375056,0,750,2668
digits_n750,5,2,johnson,J,6,1,0.112624104,0.112620745,0.9999701751234352,0,750,2668
digits_n750,10,2,floyd_warshall,FW,1,1,0.453562336,0.4535264,0.9999207694353176,0,750,5214
digits_n750,10,2,johnson,J,1,1,0.149935118,0.149893916,0.9997252011366676,0,750,5214
digits_n750,10,2,dijkstra,D,1,1,0.11979184,0.119769065,0.999809878535967,0,750,5214
digits_n750,10,2,johnson,J,2,1,0.145974895,0.145967989,0.9999526904951704,0,750,5214
digits_n750,10,2,dijkstra,D,2,1,0.12992267,0.129919381,0.9999746849414348,0,750,5214
digits_n750,10,2,floyd_warshall,FW,2,1,0.442238997,0.44220306,0.9999187385096208,0,750,5214
digits_n750,10,2,dijkstra,D,3,1,0.126003916,0.125990147,0.9998907256184006,0,750,5214
digits_n750,10,2,floyd_warshall,FW,3,1,0.44265364,0.44255902,0.9997862437096418,0,750,5214
digits_n750,10,2,johnson,J,3,1,0.152942624,0.15293481,0.9999489089450956,0,750,5214
digits_n750,10,2,floyd_warshall,FW,4,1,0.464136263,0.464056425,0.9998279858602644,0,750,5214
digits_n750,10,2,dijkstra,D,4,1,0.127525179,0.127513357,0.9999072967386308,0,750,5214
digits_n750,10,2,johnson,J,4,1,0.165163751,0.165157574,0.9999626007525102,0,750,5214
digits_n750,10,2,dijkstra,D,5,1,0.148354765,0.148348469,0.9999575611878728,0,750,5214
digits_n750,10,2,johnson,J,5,1,0.168912984,0.168904293,0.99994854747223,0,750,5214
digits_n750,10,2,floyd_warshall,FW,5,1,0.452898874,0.4528221,0.9998304831289998,0,750,5214
digits_n750,10,2,johnson,J,6,1,0.167794646,0.167786929,0.999954009259628,0,750,5214
digits_n750,10,2,floyd_warshall,FW,6,1,0.504092168,0.504050876,0.9999180864083568,0,750,5214
digits_n750,10,2,dijkstra,D,6,1,0.129766447,0.129719826,0.999640731475063,0,750,5214
digits_n750,20,2,dijkstra,D,1,1,0.189083214,0.18899886,0.999553878960403,0,750,10307
digits_n750,20,2,floyd_warshall,FW,1,1,0.566878652,0.566790763,0.9998449597639814,0,750,10307
digits_n750,20,2,johnson,J,1,1,0.238186704,0.23817099,0.9999340265441516,0,750,10307
digits_n750,20,2,johnson,J,2,1,0.247075223,0.247042451,0.9998673602330412,0,750,10307
digits_n750,20,2,floyd_warshall,FW,2,1,0.561460341,0.560716632,0.9986754024359488,0,750,10307
digits_n750,20,2,dijkstra,D,2,1,0.184498055,0.18448892,0.9999504872829148,0,750,10307
digits_n750,20,2,floyd_warshall,FW,3,1,0.562192489,0.562087509,0.9998132668044236,0,750,10307
digits_n750,20,2,dijkstra,D,3,1,0.181652899,0.181644811,0.9999554755247808,0,750,10307
digits_n750,20,2,johnson,J,3,1,0.245565483,0.245549562,0.9999351659695592,0,750,10307
digits_n750,20,2,floyd_warshall,FW,4,1,0.567987835,0.56789853,0.9998427695198788,0,750,10307
digits_n750,20,2,johnson,J,4,1,0.249776677,0.249768734,0.9999681995929508,0,750,10307
digits_n750,20,2,dijkstra,D,4,1,0.181552518,0.181529407,0.9998727035005928,0,750,10307
digits_n750,20,2,floyd_warshall,FW,5,1,0.559327804,0.559201521,0.999774223632194,0,750,10307
digits_n750,20,2,johnson,J,5,1,0.242293896,0.242270951,0.9999053009573134,0,750,10307
digits_n750,20,2,dijkstra,D,5,1,0.196273428,0.19626118,0.9999375972584532,0,750,10307
digits_n750,20,2,floyd_warshall,FW,6,1,0.578671384,0.578582507,0.9998464119663468,0,750,10307
digits_n750,20,2,dijkstra,D,6,1,0.181757292,0.181746533,0.9999408056761762,0,750,10307
digits_n750,20,2,johnson,J,6,1,0.244656955,0.244641021,0.9999348720742476,0,750,10307
digits_n750,5,3,floyd_warshall,FW,1,1,0.34752892,0.347495522,0.999903898645327,0,750,2682
digits_n750,5,3,johnson,J,1,1,0.103270058,0.103267257,0.9999728769398,0,750,2682
digits_n750,5,3,dijkstra,D,1,1,0.096210058,0.096160216,0.9994819460559936,0,750,2682
digits_n750,5,3,dijkstra,D,2,1,0.091514106,0.091511556,0.9999721354432506,0,750,2682
digits_n750,5,3,floyd_warshall,FW,2,1,0.346372047,0.346259026,0.9996737005743422,0,750,2682
digits_n750,5,3,johnson,J,2,1,0.10814383,0.108132641,0.9998965359373716,0,750,2682
digits_n750,5,3,johnson,J,3,1,0.103045691,0.10303504,0.999896638084556,0,750,2682
digits_n750,5,3,dijkstra,D,3,1,0.093557902,0.093555329,0.9999724983144664,0,750,2682
digits_n750,5,3,floyd_warshall,FW,3,1,0.34293166,0.34290492,0.9999220252804888,0,750,2682
digits_n750,5,3,johnson,J,4,1,0.108265392,0.108264428,0.9999910959542824,0,750,2682
digits_n750,5,3,dijkstra,D,4,1,0.09936025,0.099344564,0.9998421300268469,0,750,2682
digits_n750,5,3,floyd_warshall,FW,4,1,0.346530492,0.346451484,0.9997720027477408,0,750,2682
digits_n750,5,3,dijkstra,D,5,1,0.095887799,0.095885432,0.9999753148990312,0,750,2682
digits_n750,5,3,floyd_warshall,FW,5,1,0.35102384,0.350368559,0.9981332293555903,0,750,2682
digits_n750,5,3,johnson,J,5,1,0.110495479,0.110466051,0.9997336723613824,0,750,2682
digits_n750,5,3,dijkstra,D,6,1,0.094856763,0.094854002,0.9999708929557296,0,750,2682
digits_n750,5,3,floyd_warshall,FW,6,1,0.344338398,0.344299156,0.9998860365261966,0,750,2682
digits_n750,5,3,johnson,J,6,1,0.108608287,0.108598931,0.9999138555605798,0,750,2682
digits_n750,10,3,dijkstra,D,1,1,0.127489058,0.127486131,0.999977041166937,0,750,5274
digits_n750,10,3,johnson,J,1,1,0.168405257,0.168390289,0.999911119164172,0,750,5274
digits_n750,10,3,floyd_warshall,FW,1,1,0.489718669,0.489625589,0.999809931689576,0,750,5274
digits_n750,10,3,floyd_warshall,FW,2,1,0.492868793,0.492752197,0.9997634339977374,0,750,5274
digits_n750,10,3,dijkstra,D,2,1,0.126790567,0.126787064,0.9999723717616944,0,750,5274
digits_n750,10,3,johnson,J,2,1,0.146754064,0.146732805,0.999855138594322,0,750,5274
digits_n750,10,3,dijkstra,D,3,1,0.11869734,0.118679411,0.9998489519647196,0,750,5274
digits_n750,10,3,floyd_warshall,FW,3,1,0.447648133,0.447603932,0.9999012595010645,0,750,5274
digits_n750,10,3,johnson,J,3,1,0.188781101,0.188777883,0.9999829538021392,0,750,5274
digits_n750,10,3,johnson,J,4,1,0.172899806,0.17289219,0.99995595136758,0,750,5274
digits_n750,10,3,dijkstra,D,4,1,0.13369704,0.133646486,0.9996218764454324,0,750,5274
digits_n750,10,3,floyd_warshall,FW,4,1,0.507534766,0.507460002,0.9998526918646592,0,750,5274
digits_n750,10,3,johnson,J,5,1,0.164805474,0.164797873,0.999953878959142,0,750,5274
digits_n750,10,3,dijkstra,D,5,1,0.130539115,0.130533139,0.999954220618088,0,750,5274
digits_n750,10,3,floyd_warshall,FW,5,1,0.462962083,0.46288581,0.9998352500068564,0,750,5274
digits_n750,10,3,floyd_warshall,FW,6,1,0.461812309,0.461768473,0.9999050783204656,0,750,5274
digits_n750,10,3,dijkstra,D,6,1,0.169281903,0.169273702,0.999951554183556,0,750,5274
digits_n750,10,3,johnson,J,6,1,0.195763254,0.19572712,0.9998154199051064,0,750,5274
digits_n750,20,3,johnson,J,1,1,0.226242564,0.226214492,0.9998759207838538,0,750,10283
digits_n750,20,3,floyd_warshall,FW,1,1,0.533283073,0.533221555,0.9998846428789612,0,750,10283
digits_n750,20,3,dijkstra,D,1,1,0.177094086,0.177085414,0.9999510316792848,0,750,10283
digits_n750,20,3,floyd_warshall,FW,2,1,0.529886152,0.529775422,0.9997910305834904,0,750,10283
digits_n750,20,3,dijkstra,D,2,1,0.174412782,0.174404098,0.9999502100711865,0,750,10283
digits_n750,20,3,johnson,J,2,1,0.22233258,0.222318692,0.9999375350207332,0,750,10283
digits_n750,20,3,johnson,J,3,1,0.230766492,0.230751959,0.9999370229192548,0,750,10283
digits_n750,20,3,floyd_warshall,FW,3,1,0.517143687,0.517064439,0.999846758256956,0,750,10283
digits_n750,20,3,dijkstra,D,3,1,0.189342714,0.189325185,0.9999074218403778,0,750,10283
digits_n750,20,3,floyd_warshall,FW,4,1,0.5212696,0.521159451,0.999788690919248,0,750,10283
digits_n750,20,3,dijkstra,D,4,1,0.188350036,0.188330367,0.9998955720932275,0,750,10283
digits_n750,20,3,johnson,J,4,1,0.225803587,0.225789003,0.9999354128949244,0,750,10283
digits_n750,20,3,johnson,J,5,1,0.222354922,0.222340043,0.9999330844585486,0,750,10283
digits_n750,20,3,dijkstra,D,5,1,0.19172019,0.191699753,0.9998934019416524,0,750,10283
digits_n750,20,3,floyd_warshall,FW,5,1,0.516690328,0.516627796,0.9998789758650174,0,750,10283
digits_n750,20,3,dijkstra,D,6,1,0.188101225,0.188091301,0.9999472411729377,0,750,10283
digits_n750,20,3,floyd_warshall,FW,6,1,0.58882209,0.588725658,0.999836228970282,0,750,10283
digits_n750,20,3,johnson,J,6,1,0.252920668,0.252904416,0.9999357426969946,0,750,10283
digits_n750,5,4,floyd_warshall,FW,1,1,0.322011672,0.321978513,0.9998970254717972,0,750,2663
digits_n750,5,4,johnson,J,1,1,0.106806289,0.106739238,0.9993722186153288,0,750,2663
digits_n750,5,4,dijkstra,D,1,1,0.096455255,0.096445824,0.999902224093441,0,750,2663
digits_n750,5,4,dijkstra,D,2,1,0.091994805,0.091983664,0.9998788953354486,0,750,2663
digits_n750,5,4,floyd_warshall,FW,2,1,0.315703529,0.315679882,0.9999250974479922,0,750,2663
digits_n750,5,4,johnson,J,2,1,0.103049904,0.103048522,0.999986589021956,0,750,2663
digits_n750,5,4,dijkstra,D,3,1,0.096503285,0.096500616,0.9999723429103994,0,750,2663
digits_n750,5,4,floyd_warshall,FW,3,1,0.326349626,0.32624367,0.9996753297949236,0,750,2663
digits_n750,5,4,johnson,J,3,1,0.104668335,0.104657342,0.9998949730116564,0,750,2663
digits_n750,5,4,johnson,J,4,1,0.104582939,0.104580816,0.999979700321866,0,750,2663
digits_n750,5,4,dijkstra,D,4,1,0.092355968,0.092354135,0.9999801528797794,0,750,2663
digits_n750,5,4,floyd_warshall,FW,4,1,0.356489987,0.35641641,0.9997936071062776,0,750,2663
digits_n750,5,4,johnson,J,5,1,0.107833586,0.107818793,0.9998628163956264,0,750,2663
digits_n750,5,4,dijkstra,D,5,1,0.092864556,0.092837427,0.9997078648607332,0,750,2663
digits_n750,5,4,floyd_warshall,FW,5,1,0.324275512,0.324231862,0.999865392240904,0,750,2663
digits_n750,5,4,dijkstra,D,6,1,0.093302902,0.09330021,0.9999711477355764,0,750,2663
digits_n750,5,4,floyd_warshall,FW,6,1,0.317907219,0.317883666,0.9999259123461428,0,750,2663
digits_n750,5,4,johnson,J,6,1,0.10726967,0.107269422,0.9999976880697032,0,750,2663
digits_n750,10,4,dijkstra,D,1,1,0.123382845,0.123381716,0.9999908496193292,0,750,5226
digits_n750,10,4,floyd_warshall,FW,1,1,0.441481082,0.441402637,0.9998223140170704,0,750,5226
digits_n750,10,4,johnson,J,1,1,0.147504461,0.147489101,0.9998958675561684,0,750,5226
digits_n750,10,4,johnson,J,2,1,0.149689203,0.149672446,0.9998880547182818,0,750,5226
digits_n750,10,4,dijkstra,D,2,1,0.126588328,0.126582855,0.999956765366235,0,750,5226
digits_n750,10,4,floyd_warshall,FW,2,1,0.431600743,0.43153633,0.999850757902889,0,750,5226
digits_n750,10,4,dijkstra,D,3,1,0.126014834,0.126001446,0.99989375853957,0,750,5226
digits_n750,10,4,johnson,J,3,1,0.147950692,0.147935357,0.999896350603078,0,750,5226
digits_n750,10,4,floyd_warshall,FW,3,1,0.428138512,0.428096761,0.9999024824937962,0,750,5226
digits_n750,10,4,floyd_warshall,FW,4,1,0.484674138,0.484580299,0.9998063874412876,0,750,5226
digits_n750,10,4,dijkstra,D,4,1,0.133085401,0.133080329,0.9999618891331288,0,750,5226
digits_n750,10,4,johnson,J,4,1,0.164890734,0.164877076,0.9999171693904886,0,750,5226
digits_n750,10,4,dijkstra,D,5,1,0.128581776,0.128576201,0.9999566423783102,0,750,5226
digits_n750,10,4,floyd_warshall,FW,5,1,0.481890956,0.481809186,0.9998303143087002,0,750,5226
digits_n750,10,4,johnson,J,5,1,0.149811825,0.149798735,0.9999126237197896,0,750,5226
digits_n750,10,4,dijkstra,D,6,1,0.131839253,0.131818654,0.9998437566996836,0,750,5226
digits_n750,10,4,johnson,J,6,1,0.162540514,0.16253335,0.9999559248348384,0,750,5226
digits_n750,10,4,floyd_warshall,FW,6,1,0.457235391,0.457140493,0.9997924526362834,0,750,5226
digits_n750,20,4,johnson,J,1,1,0.223785621,0.223762397,0.9998962221080326,0,750,10239
digits_n750,20,4,dijkstra,D,1,1,0.192209535,0.192171975,0.9998045882583296,0,750,10239
digits_n750,20,4,floyd_warshall,FW,1,1,0.520011112,0.519957473,0.999896850281153,0,750,10239
digits_n750,20,4,dijkstra,D,2,1,0.178269474,0.178207323,0.9996513648769728,0,750,10239
digits_n750,20,4,floyd_warshall,FW,2,1,0.527021505,0.526911473,0.9997912191457916,0,750,10239
digits_n750,20,4,johnson,J,2,1,0.231352119,0.231323934,0.9998781727173202,0,750,10239
digits_n750,20,4,floyd_warshall,FW,3,1,0.522822866,0.522140351,0.9986945578619736,0,750,10239
digits_n750,20,4,johnson,J,3,1,0.222067147,0.222045121,0.99990081378404,0,750,10239
digits_n750,20,4,dijkstra,D,3,1,0.19189181,0.191881039,0.9999438694126654,0,750,10239
digits_n750,20,4,floyd_warshall,FW,4,1,0.526829032,0.526742476,0.999835703815199,0,750,10239
digits_n750,20,4,johnson,J,4,1,0.22924792,0.229224746,0.99989891293234,0,750,10239
digits_n750,20,4,dijkstra,D,4,1,0.202914043,0.202902276,0.9999420099278196,0,750,10239
digits_n750,20,4,dijkstra,D,5,1,0.195693576,0.195683404,0.9999480207771356,0,750,10239
digits_n750,20,4,floyd_warshall,FW,5,1,0.543226691,0.543124682,0.999812216517174,0,750,10239
digits_n750,20,4,johnson,J,5,1,0.231821508,0.231797828,0.9998978524460294,0,750,10239
digits_n750,20,4,floyd_warshall,FW,6,1,0.519158499,0.519073943,0.9998371287378268,0,750,10239
digits_n750,20,4,dijkstra,D,6,1,0.181938477,0.181910786,0.9998478001989652,0,750,10239
digits_n750,20,4,johnson,J,6,1,0.236152483,0.236137511,0.9999366002855028,0,750,10239
digits_n1000,5,0,johnson,J,1,1,0.196480027,0.196453538,0.9998651822253668,0,1000,3564
digits_n1000,5,0,floyd_warshall,FW,1,1,0.779169252,0.779080218,0.9998857321438552,0,1000,3564
digits_n1000,5,0,dijkstra,D,1,1,0.169775011,0.169720857,0.9996810249065452,0,1000,3564
digits_n1000,5,0,floyd_warshall,FW,2,1,0.767250906,0.767160878,0.9998826615918,0,1000,3564
digits_n1000,5,0,dijkstra,D,2,1,0.170690385,0.170619794,0.999586438333946,0,1000,3564
digits_n1000,5,0,johnson,J,2,1,0.195849082,0.195829716,0.9999011177392192,0,1000,3564
digits_n1000,5,0,johnson,J,3,1,0.189446084,0.189435637,0.9999448550227092,0,1000,3564
digits_n1000,5,0,dijkstra,D,3,1,0.168720354,0.168693425,0.9998403927009304,0,1000,3564
digits_n1000,5,0,floyd_warshall,FW,3,1,0.774654684,0.774496025,0.9997951874515484,0,1000,3564
digits_n1000,5,0,dijkstra,D,4,1,0.16763151,0.167623767,0.999953809400154,0,1000,3564
digits_n1000,5,0,floyd_warshall,FW,4,1,0.763801152,0.76368834,0.999852301872412,0,1000,3564
digits_n1000,5,0,johnson,J,4,1,0.186907526,0.186896312,0.9999400024159542,0,1000,3564
digits_n1000,5,0,dijkstra,D,5,1,0.167984813,0.167978746,0.999963883639886,0,1000,3564
digits_n1000,5,0,floyd_warshall,FW,5,1,0.812537347,0.812414551,0.9998488734081536,0,1000,3564
digits_n1000,5,0,johnson,J,5,1,0.20822216,0.208210661,0.9999447753303492,0,1000,3564
digits_n1000,5,0,johnson,J,6,1,0.203091907,0.203066056,0.9998727128009094,0,1000,3564
digits_n1000,5,0,dijkstra,D,6,1,0.161777407,0.161769109,0.9999487073000248,0,1000,3564
digits_n1000,5,0,floyd_warshall,FW,6,1,0.778719708,0.778610164,0.999859328075462,0,1000,3564
digits_n1000,10,0,floyd_warshall,FW,1,1,1.012181312,1.012008051,0.9998288241464786,0,1000,6989
digits_n1000,10,0,johnson,J,1,1,0.299233579,0.299162305,0.9997618114910828,0,1000,6989
digits_n1000,10,0,dijkstra,D,1,1,0.223756993,0.223730173,0.9998801378243406,0,1000,6989
digits_n1000,10,0,johnson,J,2,1,0.286355743,0.286336354,0.9999322905145996,0,1000,6989
digits_n1000,10,0,dijkstra,D,2,1,0.210804183,0.210791931,0.999941879711182,0,1000,6989
digits_n1000,10,0,floyd_warshall,FW,2,1,1.020508344,1.020343275,0.99983824826032,0,1000,6989
digits_n1000,10,0,johnson,J,3,1,0.265450969,0.265409873,0.9998451842155456,0,1000,6989
digits_n1000,10,0,dijkstra,D,3,1,0.22209606,0.222081586,0.9999348300010364,0,1000,6989
digits_n1000,10,0,floyd_warshall,FW,3,1,1.012955218,1.012809839,0.9998564803286296,0,1000,6989
digits_n1000,10,0,dijkstra,D,4,1,0.223101217,0.223088225,0.9999417663418664,0,1000,6989
digits_n1000,10,0,floyd_warshall,FW,4,1,1.025188441,1.025043367,0.999858490406058,0,1000,6989
digits_n1000,10,0,johnson,J,4,1,0.264781233,0.264733293,0.999818944872124,0,1000,6989
digits_n1000,10,0,johnson,J,5,1,0.266472137,0.266439124,0.9998761108745866,0,1000,6989
digits_n1000,10,0,dijkstra,D,5,1,0.232591248,0.232565997,0.9998914361558436,0,1000,6989
digits_n1000,10,0,floyd_warshall,FW,5,1,1.024324804,1.023456762,0.9991525715314028,0,1000,6989
digits_n1000,10,0,dijkstra,D,6,1,0.230202184,0.230187512,0.9999362647228404,0,1000,6989
digits_n1000,10,0,floyd_warshall,FW,6,1,1.010005562,1.009869622,0.9998654066817902,0,1000,6989
digits_n1000,10,0,johnson,J,6,1,0.263232669,0.263198589,0.9998705327870988,0,1000,6989
digits_n1000,20,0,floyd_warshall,FW,1,1,1.379264207,1.378991637,0.9998023801396304,0,1000,13709
digits_n1000,20,0,dijkstra,D,1,1,0.351923158,0.351889331,0.999903879584986,0,1000,13709
digits_n1000,20,0,johnson,J,1,1,0.454866224,0.454811618,0.99987995151735,0,1000,13709
digits_n1000,20,0,floyd_warshall,FW,2,1,1.257369769,1.257180842,0.999849744279958,0,1000,13709
digits_n1000,20,0,dijkstra,D,2,1,0.325453255,0.325429343,0.9999265270829754,0,1000,13709
digits_n1000,20,0,johnson,J,2,1,0.417784488,0.417714538,0.9998325691785858,0,1000,13709
digits_n1000,20,0,floyd_warshall,FW,3,1,1.188552402,1.188327371,0.99981066800284,0,1000,13709
digits_n1000,20,0,dijkstra,D,3,1,0.330897641,0.330872132,0.9999229096952068,0,1000,13709
digits_n1000,20,0,johnson,J,3,1,0.40372467,0.403646431,0.999806207037088,0,1000,13709
digits_n1000,20,0,floyd_warshall,FW,4,1,1.186228066,1.186041373,0.9998426162680254,0,1000,13709
digits_n1000,20,0,johnson,J,4,1,0.406157579,0.406125443,0.9999208779999154,0,1000,13709
digits_n1000,20,0,dijkstra,D,4,1,0.329511664,0.329465035,0.9998584905935228,0,1000,13709
digits_n1000,20,0,floyd_warshall,FW,5,1,1.189165418,1.188987082,0.9998500326386046,0,1000,13709
digits_n1000,20,0,johnson,J,5,1,0.402686211,0.402649013,0.999907625344539,0,1000,13709
digits_n1000,20,0,dijkstra,D,5,1,0.328236069,0.328222948,0.9999600257216096,0,1000,13709
digits_n1000,20,0,dijkstra,D,6,1,0.332827752,0.33276561,0.9998132908099564,0,1000,13709
digits_n1000,20,0,floyd_warshall,FW,6,1,1.171171732,1.170981151,0.9998372732240776,0,1000,13709
digits_n1000,20,0,johnson,J,6,1,0.394001348,0.393962004,0.9999001424736242,0,1000,13709
digits_n1000,5,1,floyd_warshall,FW,1,1,0.767587267,0.767482062,0.9998629406654812,0,1000,3543
digits_n1000,5,1,johnson,J,1,1,0.184532091,0.184521999,0.9999453103254544,0,1000,3543
digits_n1000,5,1,dijkstra,D,1,1,0.162578983,0.162562721,0.9998999747710317,0,1000,3543
digits_n1000,5,1,dijkstra,D,2,1,0.16759078,0.167565206,0.999847402106488,0,1000,3543
digits_n1000,5,1,johnson,J,2,1,0.186081708,0.18607115,0.9999432614838208,0,1000,3543
digits_n1000,5,1,floyd_warshall,FW,2,1,0.763240107,0.763128444,0.9998536987260288,0,1000,3543
digits_n1000,5,1,dijkstra,D,3,1,0.166914051,0.166905725,0.9999501180400924,0,1000,3543
digits_n1000,5,1,johnson,J,3,1,0.184386767,0.184368592,0.99990143001965,0,1000,3543
digits_n1000,5,1,floyd_warshall,FW,3,1,0.772403777,0.772168997,0.999696039808464,0,1000,3543
digits_n1000,5,1,dijkstra,D,4,1,0.174960216,0.174942646,0.9998995771701608,0,1000,3543
digits_n1000,5,1,johnson,J,4,1,0.208170874,0.208138074,0.999842437131719,0,1000,3543
digits_n1000,5,1,floyd_warshall,FW,4,1,0.7653558,0.765259369,0.9998740050052538,0,1000,3543
digits_n1000,5,1,dijkstra,D,5,1,0.170936243,0.170858312,0.999544093173968,0,1000,3543
digits_n1000,5,1,floyd_warshall,FW,5,1,0.759511744,0.759418785,0.9998776068958324,0,1000,3543
digits_n1000,5,1,johnson,J,5,1,0.186079168,0.186042749,0.999804282228949,0,1000,3543
digits_n1000,5,1,dijkstra,D,6,1,0.16941324,0.169395697,0.9998964484712056,0,1000,3543
digits_n1000,5,1,floyd_warshall,FW,6,1,0.758509066,0.758441419,0.9999108158319626,0,1000,3543
digits_n1000,5,1,johnson,J,6,1,0.208051599,0.208024263,0.9998686095173918,0,1000,3543
digits_n1000,10,1,dijkstra,D,1,1,0.233886497,0.233872137,0.99993860269753,0,1000,7010
digits_n1000,10,1,floyd_warshall,FW,1,1,1.12995274,1.129745769,0.9998168321623788,0,1000,7010
digits_n1000,10,1,johnson,J,1,1,0.295488644,0.295433737,0.9998141823683754,0,1000,7010
digits_n1000,10,1,johnson,J,2,1,0.292563692,0.292543371,0.9999305416203184,0,1000,7010
digits_n1000,10,1,dijkstra,D,2,1,0.228976614,0.228961081,0.999932163378047,0,1000,7010
digits_n1000,10,1,floyd_warshall,FW,2,1,1.128559753,1.128401355,0.9998596458897469,0,1000,7010
digits_n1000,10,1,dijkstra,D,3,1,0.22422175,0.224159954,0.9997243978338408,0,1000,7010
digits_n1000,10,1,floyd_warshall,FW,3,1,1.1137974,1.113596412,0.9998195470738216,0,1000,7010
digits_n1000,10,1,johnson,J,3,1,0.289107896,0.289075264,0.9998871286448712,0,1000,7010
digits_n1000,10,1,floyd_warshall,FW,4,1,1.09363415,1.093461198,0.9998418557064992,0,1000,7010
digits_n1000,10,1,johnson,J,4,1,0.308194795,0.30812681,0.999779408993588,0,1000,7010
digits_n1000,10,1,dijkstra,D,4,1,0.23318538,0.233162712,0.9999027897889652,0,1000,7010
digits_n1000,10,1,dijkstra,D,5,1,0.234887849,0.234864401,0.9999001736356314,0,1000,7010
digits_n1000,10,1,johnson,J,5,1,0.294330591,0.294303893,0.999909292473102,0,1000,7010
digits_n1000,10,1,floyd_warshall,FW,5,1,1.134275251,1.134115934,0.9998595429108944,0,1000,7010
digits_n1000,10,1,johnson,J,6,1,0.303107272,0.303057595,0.9998361075282944,0,1000,7010
digits_n1000,10,1,dijkstra,D,6,1,0.23267311,0.232641664,0.999864849014998,0,1000,7010
digits_n1000,10,1,floyd_warshall,FW,6,1,1.132811849,1.132120023,0.999389284283519,0,1000,7010
digits_n1000,20,1,johnson,J,1,1,0.410989107,0.410933479,0.9998646484808172,0,1000,13782
digits_n1000,20,1,dijkstra,D,1,1,0.322820948,0.322763135,0.9998209131087736,0,1000,13782
digits_n1000,20,1,floyd_warshall,FW,1,1,1.214788352,1.214613399,0.9998559806737428,0,1000,13782
digits_n1000,20,1,floyd_warshall,FW,2,1,1.27485453,1.274668889,0.9998543826015976,0,1000,13782
digits_n1000,20,1,dijkstra,D,2,1,0.340103497,0.340055119,0.9998577550644828,0,1000,13782
digits_n1000,20,1,johnson,J,2,1,0.398155975,0.398098554,0.9998557826489984,0,1000,13782
digits_n1000,20,1,dijkstra,D,3,1,0.336497175,0.336472376,0.9999263025016482,0,1000,13782
digits_n1000,20,1,johnson,J,3,1,0.400450161,0.400389197,0.99984776132978,0,1000,13782
digits_n1000,20,1,floyd_warshall,FW,3,1,1.200822499,1.200613911,0.9998262957263262,0,1000,13782
digits_n1000,20,1,dijkstra,D,4,1,0.340344644,0.340318637,0.99992358628097,0,1000,13782
digits_n1000,20,1,johnson,J,4,1,0.410281585,0.410191676,0.9997808602596676,0,1000,13782
digits_n1000,20,1,floyd_warshall,FW,4,1,1.206903068,1.20672826,0.9998551598677352,0,1000,13782
digits_n1000,20,1,floyd_warshall,FW,5,1,1.203297867,1.203073288,0.9998133637512712,0,1000,13782
digits_n1000,20,1,dijkstra,D,5,1,0.332633013,0.332583916,0.9998523988958364,0,1000,13782
digits_n1000,20,1,johnson,J,5,1,0.404486747,0.404450205,0.9999096583503144,0,1000,13782
digits_n1000,20,1,floyd_warshall,FW,6,1,1.215294496,1.214774434,0.9995720691554912,0,1000,13782
digits_n1000,20,1,johnson,J,6,1,0.40635423,0.406301269,0.999869667900344,0,1000,13782
digits_n1000,20,1,dijkstra,D,6,1,0.338144823,0.338111477,0.999901385448684,0,1000,13782
digits_n1000,5,2,dijkstra,D,1,1,0.16992114,0.169888871,0.9998100942590192,0,1000,3534
digits_n1000,5,2,johnson,J,1,1,0.18836024,0.188344003,0.9999137981561288,0,1000,3534
digits_n1000,5,2,floyd_warshall,FW,1,1,0.767451488,0.767339125,0.9998535894427768,0,1000,3534
digits_n1000,5,2,dijkstra,D,2,1,0.170263621,0.170241053,0.9998674526016336,0,1000,3534
digits_n1000,5,2,floyd_warshall,FW,2,1,0.764649093,0.76454951,0.9998697664053856,0,1000,3534
digits_n1000,5,2,johnson,J,2,1,0.191422572,0.191403856,0.9999022267865044,0,1000,3534
digits_n1000,5,2,dijkstra,D,3,1,0.164732101,0.164710122,0.9998665773102716,0,1000,3534
digits_n1000,5,2,johnson,J,3,1,0.186317629,0.186300986,0.9999106740457716,0,1000,3534
digits_n1000,5,2,floyd_warshall,FW,3,1,0.776105199,0.77594633,0.9997952996575662,0,1000,3534
digits_n1000,5,2,dijkstra,D,4,1,0.16296699,0.162941716,0.9998449133778564,0,1000,3534
digits_n1000,5,2,johnson,J,4,1,0.182417929,0.182407592,0.999943333420916,0,1000,3534
digits_n1000,5,2,floyd_warshall,FW,4,1,0.767284833,0.767180253,0.9998637012026016,0,1000,3534
digits_n1000,5,2,johnson,J,5,1,0.186057817,0.186048105,0.9999478011719336,0,1000,3534
digits_n1000,5,2,dijkstra,D,5,1,0.169353674,0.169344549,0.9999461186770592,0,1000,3534
digits_n1000,5,2,floyd_warshall,FW,5,1,0.78320732,0.783093469,0.9998546349132692,0,1000,3534
digits_n1000,5,2,floyd_warshall,FW,6,1,0.774456034,0.774348308,0.9998609010773104,0,1000,3534
digits_n1000,5,2,johnson,J,6,1,0.190012817,0.189996774,0.999915568853442,0,1000,3534
digits_n1000,5,2,dijkstra,D,6,1,0.156791442,0.156783642,0.9999502523868616,0,1000,3534
digits_n1000,10,2,dijkstra,D,1,1,0.208948775,0.208925876,0.9998904085463052,0,1000,6974
digits_n1000,10,2,floyd_warshall,FW,1,1,1.02618289,1.026005441,0.999827078582454,0,1000,6974
digits_n1000,10,2,johnson,J,1,1,0.260746627,0.260720564,0.9999000447280952,0,1000,6974
digits_n1000,10,2,johnson,J,2,1,0.264358878,0.264341221,0.9999332082200773,0,1000,6974
digits_n1000,10,2,floyd_warshall,FW,2,1,1.034736103,1.034621074,0.9998888325248664,0,1000,6974
digits_n1000,10,2,dijkstra,D,2,1,0.221253945,0.221240041,0.9999371581826484,0,1000,6974
digits_n1000,10,2,floyd_warshall,FW,3,1,1.039997764,1.039830842,0.9998394977318432,0,1000,6974
digits_n1000,10,2,dijkstra,D,3,1,0.227051075,0.227037911,0.9999420218556552,0,1000,6974
digits_n1000,10,2,johnson,J,3,1,0.262074415,0.262039664,0.9998674002572896,0,1000,6974
digits_n1000,10,2,johnson,J,4,1,0.261473058,0.261447032,0.9999004639323108,0,1000,6974
digits_n1000,10,2,floyd_warshall,FW,4,1,1.032628818,1.032463575,0.9998399783183272,0,1000,6974
digits_n1000,10,2,dijkstra,D,4,1,0.243899865,0.243873651,0.9998925214657252,0,1000,6974
digits_n1000,10,2,johnson,J,5,1,0.298483425,0.298447166,0.9998785225678778,0,1000,6974
digits_n1000,10,2,floyd_warshall,FW,5,1,1.194605857,1.19445394,0.9998728308595596,0,1000,6974
digits_n1000,10,2,dijkstra,D,5,1,0.249856072,0.249839225,0.9999325731815716,0,1000,6974
digits_n1000,10,2,dijkstra,D,6,1,0.24504464,0.244914284,0.9994680316206876,0,1000,6974
digits_n1000,10,2,johnson,J,6,1,0.304018349,0.303979451,0.9998720537752804,0,1000,6974
digits_n1000,10,2,floyd_warshall,FW,6,1,1.158899694,1.158708745,0.9998352325046002,0,1000,6974
digits_n1000,20,2,dijkstra,D,1,1,0.356150131,0.356124388,0.9999277186844556,0,1000,13762
digits_n1000,20,2,floyd_warshall,FW,1,1,1.274121705,1.273202791,0.9992787863228496,0,1000,13762
digits_n1000,20,2,johnson,J,1,1,0.412858783,0.412813196,0.9998895820995528,0,1000,13762
digits_n1000,20,2,floyd_warshall,FW,2,1,1.237539256,1.237352653,0.999849214480191,0,1000,13762
digits_n1000,20,2,dijkstra,D,2,1,0.317863622,0.317816437,0.999851555834848,0,1000,13762
digits_n1000,20,2,johnson,J,2,1,0.401439568,0.401383649,0.9998607038158231,0,1000,13762
digits_n1000,20,2,johnson,J,3,1,0.406975108,0.40694252,0.9999199263066476,0,1000,13762
digits_n1000,20,2,dijkstra,D,3,1,0.327280495,0.327200143,0.9997544858272108,0,1000,13762
digits_n1000,20,2,floyd_warshall,FW,3,1,1.238310439,1.238153703,0.9998734275387952,0,1000,13762
digits_n1000,20,2,dijkstra,D,4,1,0.334634384,0.334602511,0.999904752764438,0,1000,13762
digits_n1000,20,2,johnson,J,4,1,0.398214549,0.398084225,0.9996727291849904,0,1000,13762
digits_n1000,20,2,floyd_warshall,FW,4,1,1.219372827,1.2192373,0.9998888551581608,0,1000,13762
digits_n1000,20,2,dijkstra,D,5,1,0.328816999,0.328780842,0.9998900391399778,0,1000,13762
digits_n1000,20,2,johnson,J,5,1,0.404873605,0.404773181,0.9997519620969116,0,1000,13762
digits_n1000,20,2,floyd_warshall,FW,5,1,1.22367653,1.223520304,0.9998723306395358,0,1000,13762
digits_n1000,20,2,floyd_warshall,FW,6,1,1.233760088,1.233553533,0.9998325809028764,0,1000,13762
digits_n1000,20,2,dijkstra,D,6,1,0.319004236,0.318960682,0.9998634688976356,0,1000,13762
digits_n1000,20,2,johnson,J,6,1,0.406729328,0.406621672,0.999735312915522,0,1000,13762
digits_n1000,5,3,dijkstra,D,1,1,0.161184281,0.16117581,0.999947445247468,0,1000,3591
digits_n1000,5,3,johnson,J,1,1,0.206927508,0.206877353,0.9997576204319824,0,1000,3591
digits_n1000,5,3,floyd_warshall,FW,1,1,0.75249475,0.752387596,0.9998576016643306,0,1000,3591
digits_n1000,5,3,floyd_warshall,FW,2,1,0.756056896,0.755952022,0.9998612882171236,0,1000,3591
digits_n1000,5,3,dijkstra,D,2,1,0.167646991,0.167638965,0.999952125594667,0,1000,3591
digits_n1000,5,3,johnson,J,2,1,0.213424505,0.213411692,0.9999399647196088,0,1000,3591
digits_n1000,5,3,dijkstra,D,3,1,0.173747378,0.17367084,0.9995594868775516,0,1000,3591
digits_n1000,5,3,floyd_warshall,FW,3,1,0.768380702,0.76828594,0.9998766731130112,0,1000,3591
digits_n1000,5,3,johnson,J,3,1,0.212695876,0.212653478,0.9998006637420652,0,1000,3591
digits_n1000,5,3,floyd_warshall,FW,4,1,0.758016146,0.757921273,0.9998748403968694,0,1000,3591
digits_n1000,5,3,johnson,J,4,1,0.234264714,0.234201461,0.9997299934807936,0,1000,3591
digits_n1000,5,3,dijkstra,D,4,1,0.165017896,0.165000286,0.999893284301722,0,1000,3591
digits_n1000,5,3,floyd_warshall,FW,5,1,0.746906811,0.746291243,0.999175843638143,0,1000,3591
digits_n1000,5,3,dijkstra,D,5,1,0.16719086,0.16713028,0.9996376596184744,0,1000,3591
digits_n1000,5,3,johnson,J,5,1,0.201640866,0.201619787,0.999895462658844,0,1000,3591
digits_n1000,5,3,johnson,J,6,1,0.199108614,0.199096356,0.9999384356118316,0,1000,3591
digits_n1000,5,3,floyd_warshall,FW,6,1,0.714755078,0.714659455,0.9998662157108872,0,1000,3591
digits_n1000,5,3,dijkstra,D,6,1,0.170537915,0.170510905,0.9998416187977904,0,1000,3591
digits_n1000,10,3,floyd_warshall,FW,1,1,1.029529311,1.02931429,0.9997911463056928,0,1000,7093
digits_n1000,10,3,johnson,J,1,1,0.274910083,0.274877987,0.9998832490985788,0,1000,7093
digits_n1000,10,3,dijkstra,D,1,1,0.224121971,0.224099844,0.9999012725084412,0,1000,7093
digits_n1000,10,3,johnson,J,2,1,0.265092444,0.265073758,0.9999295113820748,0,1000,7093
digits_n1000,10,3,dijkstra,D,2,1,0.233265576,0.233250324,0.9999346152987444,0,1000,7093
digits_n1000,10,3,floyd_warshall,FW,2,1,1.038052181,1.037829655,0.9997856312003645,0,1000,7093
digits_n1000,10,3,floyd_warshall,FW,3,1,1.035409914,1.035260902,0.9998560840513646,0,1000,7093
digits_n1000,10,3,dijkstra,D,3,1,0.217920944,0.217839283,0.999625272364826,0,1000,7093
digits_n1000,10,3,johnson,J,3,1,0.274306375,0.274265731,0.9998518299109892,0,1000,7093
digits_n1000,10,3,johnson,J,4,1,0.271564902,0.271547807,0.9999370500389626,0,1000,7093
digits_n1000,10,3,dijkstra,D,4,1,0.237140256,0.23710402,0.9998471959143032,0,1000,7093
digits_n1000,10,3,floyd_warshall,FW,4,1,1.031026802,1.030863683,0.9998417897578572,0,1000,7093
digits_n1000,10,3,floyd_warshall,FW,5,1,1.048586147,1.048440696,0.9998612884593068,0,1000,7093
digits_n1000,10,3,dijkstra,D,5,1,0.223082112,0.223060339,0.9999023991668144,0,1000,7093
digits_n1000,10,3,johnson,J,5,1,0.274488849,0.274460914,0.9998982290169464,0,1000,7093
digits_n1000,10,3,floyd_warshall,FW,6,1,1.063132999,1.062967016,0.9998438737202624,0,1000,7093
digits_n1000,10,3,johnson,J,6,1,0.278139458,0.278111401,0.9998991261426848,0,1000,7093
digits_n1000,10,3,dijkstra,D,6,1,0.229646203,0.2296154,0.9998658675841464,0,1000,7093
digits_n1000,20,3,johnson,J,1,1,0.407534749,0.40746783,0.9998357955973958,0,1000,13895
digits_n1000,20,3,floyd_warshall,FW,1,1,1.208253919,1.208080265,0.9998562768990282,0,1000,13895
digits_n1000,20,3,dijkstra,D,1,1,0.342459699,0.342433558,0.9999236669305138,0,1000,13895
digits_n1000,20,3,dijkstra,D,2,1,0.350828777,0.35078291,0.9998692610099086,0,1000,13895
digits_n1000,20,3,floyd_warshall,FW,2,1,1.244672974,1.243696131,0.9992151809990212,0,1000,13895
digits_n1000,20,3,johnson,J,2,1,0.404164324,0.404123252,0.9998983779676704,0,1000,13895
digits_n1000,20,3,floyd_warshall,FW,3,1,1.204421299,1.204238863,0.99984852808552,0,1000,13895
digits_n1000,20,3,johnson,J,3,1,0.41351552,0.413465955,0.9998801375097118,0,1000,13895
digits_n1000,20,3,dijkstra,D,3,1,0.33651593,0.336485713,0.999910206331094,0,1000,13895
digits_n1000,20,3,floyd_warshall,FW,4,1,1.20505964,1.204878885,0.9998500032745268,0,1000,13895
digits_n1000,20,3,johnson,J,4,1,0.407830946,0.407775143,0.9998631712464506,0,1000,13895
digits_n1000,20,3,dijkstra,D,4,1,0.336786108,0.336752411,0.9998999453979852,0,1000,13895
digits_n1000,20,3,floyd_warshall,FW,5,1,1.19973688,1.199527123,0.9998251641643292,0,1000,13895
digits_n1000,20,3,dijkstra,D,5,1,0.335817263,0.335776394,0.9998782998835888,0,1000,13895
digits_n1000,20,3,johnson,J,5,1,0.406478727,0.406437379,0.9998982775794808,0,1000,13895
digits_n1000,20,3,dijkstra,D,6,1,0.341776258,0.341729366,0.999862799129833,0,1000,13895
digits_n1000,20,3,johnson,J,6,1,0.407374165,0.407334584,0.999902838708488,0,1000,13895
digits_n1000,20,3,floyd_warshall,FW,6,1,1.202587675,1.202427295,0.999866637582162,0,1000,13895
digits_n1000,5,4,floyd_warshall,FW,1,1,0.794649616,0.794577628,0.9999094091300738,0,1000,3582
digits_n1000,5,4,dijkstra,D,1,1,0.17112409,0.171098994,0.999853346188722,0,1000,3582
digits_n1000,5,4,johnson,J,1,1,0.196756372,0.196737032,0.9999017058517424,0,1000,3582
digits_n1000,5,4,dijkstra,D,2,1,0.172373122,0.172364581,0.9999504505116524,0,1000,3582
digits_n1000,5,4,johnson,J,2,1,0.192791963,0.192755401,0.9998103551650646,0,1000,3582
digits_n1000,5,4,floyd_warshall,FW,2,1,0.788237654,0.788147119,0.9998851425080488,0,1000,3582
digits_n1000,5,4,dijkstra,D,3,1,0.17179638,0.171789657,0.9999608664629605,0,1000,3582
digits_n1000,5,4,floyd_warshall,FW,3,1,0.784545674,0.78438504,0.9997952522009572,0,1000,3582
digits_n1000,5,4,johnson,J,3,1,0.190086471,0.19006737,0.9998995141532192,0,1000,3582
digits_n1000,5,4,floyd_warshall,FW,4,1,0.786698172,0.786566482,0.9998326041616884,0,1000,3582
digits_n1000,5,4,johnson,J,4,1,0.185528447,0.185519495,0.9999517486393878,0,1000,3582
digits_n1000,5,4,dijkstra,D,4,1,0.16373628,0.16370732,0.9998231302189104,0,1000,3582
digits_n1000,5,4,dijkstra,D,5,1,0.160361671,0.160343911,0.9998892503433692,0,1000,3582
digits_n1000,5,4,johnson,J,5,1,0.186993267,0.186975506,0.9999050179705136,0,1000,3582
digits_n1000,5,4,floyd_warshall,FW,5,1,0.786629925,0.78644307,0.9997624613632644,0,1000,3582
digits_n1000,5,4,floyd_warshall,FW,6,1,0.791248094,0.791141873,0.9998657551268616,0,1000,3582
digits_n1000,5,4,johnson,J,6,1,0.184547015,0.184525314,0.9998824093686912,0,1000,3582
digits_n1000,5,4,dijkstra,D,6,1,0.168746819,0.168690518,0.9996663581551722,0,1000,3582
digits_n1000,10,4,dijkstra,D,1,1,0.226845608,0.226832158,0.9999407085721492,0,1000,7021
digits_n1000,10,4,johnson,J,1,1,0.296040022,0.296003844,0.999877793550495,0,1000,7021
digits_n1000,10,4,floyd_warshall,FW,1,1,1.130069146,1.129908088,0.9998574795174524,0,1000,7021
digits_n1000,10,4,johnson,J,2,1,0.282084305,0.282055848,0.9998991188113072,0,1000,7021
digits_n1000,10,4,floyd_warshall,FW,2,1,1.074146166,1.073998378,0.9998624135106768,0,1000,7021
digits_n1000,10,4,dijkstra,D,2,1,0.237273475,0.237258088,0.9999351507790746,0,1000,7021
digits_n1000,10,4,dijkstra,D,3,1,0.233769629,0.233737664,0.9998632628193118,0,1000,7021
digits_n1000,10,4,johnson,J,3,1,0.290755459,0.290710617,0.9998457741768488,0,1000,7021
digits_n1000,10,4,floyd_warshall,FW,3,1,1.075699198,1.075507647,0.9998219288437176,0,1000,7021
digits_n1000,10,4,dijkstra,D,4,1,0.221370367,0.221349814,0.9999071555950396,0,1000,7021
digits_n1000,10,4,floyd_warshall,FW,4,1,1.03597402,1.035805751,0.9998375741121384,0,1000,7021
digits_n1000,10,4,johnson,J,4,1,0.261766824,0.261732699,0.999869635886326,0,1000,7021
digits_n1000,10,4,dijkstra,D,5,1,0.2289845,0.228970059,0.9999369345960096,0,1000,7021
digits_n1000,10,4,floyd_warshall,FW,5,1,1.059884831,1.059741505,0.9998647720999416,0,1000,7021
digits_n1000,10,4,johnson,J,5,1,0.264449747,0.264423198,0.9998996066349044,0,1000,7021
digits_n1000,10,4,floyd_warshall,FW,6,1,1.061723959,1.061559827,0.9998454099122388,0,1000,7021
digits_n1000,10,4,dijkstra,D,6,1,0.238269907,0.238256984,0.9999457631886348,0,1000,7021
digits_n1000,10,4,johnson,J,6,1,0.268746909,0.268687682,0.999779617930415,0,1000,7021
digits_n1000,20,4,dijkstra,D,1,1,0.33846123,0.338412706,0.9998566335057046,0,1000,13777
digits_n1000,20,4,floyd_warshall,FW,1,1,1.249424733,1.24925496,0.999864119065746,0,1000,13777
digits_n1000,20,4,johnson,J,1,1,0.413733438,0.413683413,0.9998790888156348,0,1000,13777
digits_n1000,20,4,floyd_warshall,FW,2,1,1.218701899,1.218510831,0.9998432200687002,0,1000,13777
digits_n1000,20,4,johnson,J,2,1,0.405791928,0.40574636,0.9998877059969512,0,1000,13777
digits_n1000,20,4,dijkstra,D,2,1,0.323741115,0.323716794,0.9999248751583496,0,1000,13777
digits_n1000,20,4,johnson,J,3,1,0.402570604,0.40253058,0.9999005789304974,0,1000,13777
digits_n1000,20,4,floyd_warshall,FW,3,1,1.203459036,1.203225226,0.9998057183560008,0,1000,13777
digits_n1000,20,4,dijkstra,D,3,1,0.321688042,0.321664696,0.9999274265842932,0,1000,13777
digits_n1000,20,4,floyd_warshall,FW,4,1,1.20820798,1.208052281,0.9998711322863468,0,1000,13777
digits_n1000,20,4,dijkstra,D,4,1,0.329610204,0.329575902,0.9998959316198838,0,1000,13777
digits_n1000,20,4,johnson,J,4,1,0.399830998,0.399800702,0.9999242279859452,0,1000,13777
digits_n1000,20,4,johnson,J,5,1,0.405258926,0.405211546,0.9998830870908442,0,1000,13777
digits_n1000,20,4,dijkstra,D,5,1,0.313576194,0.313537184,0.999875596423624,0,1000,13777
digits_n1000,20,4,floyd_warshall,FW,5,1,1.221126663,1.220971529,0.9998729583058822,0,1000,13777
digits_n1000,20,4,johnson,J,6,1,0.397970178,0.397900073,0.9998238435845814,0,1000,13777
digits_n1000,20,4,floyd_warshall,FW,6,1,1.209656351,1.209480763,0.9998548447252354,0,1000,13777
digits_n1000,20,4,dijkstra,D,6,1,0.333609002,0.333574859,0.9998976556394004,0,1000,13777
digits_n1250,5,0,floyd_warshall,FW,1,1,1.715737284,1.715479205,0.9998495812835644,0,1250,4440
digits_n1250,5,0,johnson,J,1,1,0.31780826,0.317771945,0.9998857329888152,0,1250,4440
digits_n1250,5,0,dijkstra,D,1,1,0.269016237,0.268976964,0.9998540125293628,0,1250,4440
digits_n1250,5,0,floyd_warshall,FW,2,1,1.757967196,1.757103415,0.9995086478280336,0,1250,4440
digits_n1250,5,0,dijkstra,D,2,1,0.282933495,0.282896266,0.9998684178414438,0,1250,4440
digits_n1250,5,0,johnson,J,2,1,0.332151877,0.332119647,0.9999029660759678,0,1250,4440
digits_n1250,5,0,floyd_warshall,FW,3,1,1.795459369,1.795211301,0.999861835915486,0,1250,4440
digits_n1250,5,0,johnson,J,3,1,0.350965536,0.350911589,0.9998462897507976,0,1250,4440
digits_n1250,5,0,dijkstra,D,3,1,0.265928296,0.265910389,0.999932662299314,0,1250,4440
digits_n1250,5,0,dijkstra,D,4,1,0.2732153,0.273136818,0.9997127466873196,0,1250,4440
digits_n1250,5,0,johnson,J,4,1,0.337131913,0.337087375,0.9998678914742788,0,1250,4440
digits_n1250,5,0,floyd_warshall,FW,4,1,1.721226443,1.720969459,0.9998506971578056,0,1250,4440
digits_n1250,5,0,johnson,J,5,1,0.322672832,0.322641574,0.9999031278840356,0,1250,4440
digits_n1250,5,0,dijkstra,D,5,1,0.259845126,0.259827341,0.999931555383494,0,1250,4440
digits_n1250,5,0,floyd_warshall,FW,5,1,1.738787632,1.738553185,0.9998651663977328,0,1250,4440
digits_n1250,5,0,floyd_warshall,FW,6,1,1.710377766,1.710043434,0.9998045273935116,0,1250,4440
digits_n1250,5,0,johnson,J,6,1,0.321414631,0.321391526,0.9999281146600946,0,1250,4440
digits_n1250,5,0,dijkstra,D,6,1,0.269769778,0.269752274,0.9999351150446512,0,1250,4440
digits_n1250,10,0,dijkstra,D,1,1,0.368103871,0.36805184,0.9998586513098636,0,1250,8761
digits_n1250,10,0,floyd_warshall,FW,1,1,2.046561637,2.046246985,0.9998462533479024,0,1250,8761
digits_n1250,10,0,johnson,J,1,1,0.419362387,0.419278679,0.9998003922082788,0,1250,8761
digits_n1250,10,0,dijkstra,D,2,1,0.361058315,0.361021707,0.9998986091761936,0,1250,8761
digits_n1250,10,0,johnson,J,2,1,0.421293783,0.421246949,0.9998888329192364,0,1250,8761
digits_n1250,10,0,floyd_warshall,FW,2,1,2.092178443,2.091870003,0.999852574716544,0,1250,8761
digits_n1250,10,0,floyd_warshall,FW,3,1,2.059429043,2.059064987,0.9998232247907558,0,1250,8761
digits_n1250,10,0,johnson,J,3,1,0.422268139,0.422214679,0.9998733979785296,0,1250,8761
digits_n1250,10,0,dijkstra,D,3,1,0.346121473,0.346086871,0.999900029317164,0,1250,8761
digits_n1250,10,0,dijkstra,D,4,1,0.362026506,0.361998689,0.9999231630846388,0,1250,8761
digits_n1250,10,0,johnson,J,4,1,0.412336879,0.41228208,0.9998671013853214,0,1250,8761
digits_n1250,10,0,floyd_warshall,FW,4,1,2.071658702,2.071288375,0.9998212413079226,0,1250,8761
digits_n1250,10,0,johnson,J,5,1,0.421928789,0.421888342,0.9999041378520392,0,1250,8761
digits_n1250,10,0,floyd_warshall,FW,5,1,2.071614874,2.071233618,0.9998159619315418,0,1250,8761
digits_n1250,10,0,dijkstra,D,5,1,0.357565052,0.357525695,0.9998899305181536,0,1250,8761
digits_n1250,10,0,johnson,J,6,1,0.430195464,0.430138505,0.9998675973952156,0,1250,8761
digits_n1250,10,0,dijkstra,D,6,1,0.341618716,0.341593492,0.9999261632960414,0,1250,8761
digits_n1250,10,0,floyd_warshall,FW,6,1,2.094724321,2.094382611,0.9998368711354642,0,1250,8761
digits_n1250,20,0,johnson,J,1,1,0.646170992,0.646083248,0.9998642093175238,0,1250,17185
digits_n1250,20,0,floyd_warshall,FW,1,1,2.352124745,2.351790269,0.9998577983583944,0,1250,17185
digits_n1250,20,0,dijkstra,D,1,1,0.534336808,0.534233919,0.9998074454193316,0,1250,17185
digits_n1250,20,0,dijkstra,D,2,1,0.51959584,0.51953481,0.9998825433244424,0,1250,17185
digits_n1250,20,0,johnson,J,2,1,0.651364549,0.651244503,0.9998157007467106,0,1250,17185
digits_n1250,20,0,floyd_warshall,FW,2,1,2.384230362,2.38388564,0.9998554158165696,0,1250,17185
digits_n1250,20,0,johnson,J,3,1,0.652956462,0.652850135,0.9998371606589598,0,1250,17185
digits_n1250,20,0,dijkstra,D,3,1,0.508941841,0.508870446,0.9998597187453488,0,1250,17185
digits_n1250,20,0,floyd_warshall,FW,3,1,2.402852743,2.402490384,0.9998491963350415,0,1250,17185
digits_n1250,20,0,dijkstra,D,4,1,0.521566858,0.521523675,0.9999172052454298,0,1250,17185
digits_n1250,20,0,floyd_warshall,FW,4,1,2.379096539,2.378635175,0.9998060759652092,0,1250,17185
digits_n1250,20,0,johnson,J,4,1,0.638969721,0.638863048,0.9998330546871094,0,1250,17185
digits_n1250,20,0,johnson,J,5,1,0.651731498,0.6516491,0.9998735706341448,0,1250,17185
digits_n1250,20,0,floyd_warshall,FW,5,1,2.349293791,2.34892703,0.9998438845744176,0,1250,17185
digits_n1250,20,0,dijkstra,D,5,1,0.526939121,0.526870594,0.9998699527188836,0,1250,17185
digits_n1250,20,0,dijkstra,D,6,1,0.491450986,0.491395459,0.99988701416503,0,1250,17185
digits_n1250,20,0,johnson,J,6,1,0.638126336,0.638043098,0.9998695587451824,0,1250,17185
digits_n1250,20,0,floyd_warshall,FW,6,1,2.403698289,2.403279364,0.9998257164795112,0,1250,17185
digits_n1250,5,1,johnson,J,1,1,0.318610409,0.318587727,0.9999288096077238,0,1250,4448
digits_n1250,5,1,dijkstra,D,1,1,0.264835163,0.264799215,0.9998642627376486,0,1250,4448
digits_n1250,5,1,floyd_warshall,FW,1,1,1.509562191,1.509357178,0.999864190424732,0,1250,4448
digits_n1250,5,1,floyd_warshall,FW,2,1,1.511149691,1.510874206,0.9998176984043072,0,1250,4448
digits_n1250,5,1,dijkstra,D,2,1,0.271656291,0.271616199,0.9998524164492844,0,1250,4448
digits_n1250,5,1,johnson,J,2,1,0.332856226,0.332831262,0.999925000651783,0,1250,4448
digits_n1250,5,1,dijkstra,D,3,1,0.267044756,0.267017269,0.9998970696881988,0,1250,4448
digits_n1250,5,1,floyd_warshall,FW,3,1,1.440275921,1.439543765,0.9994916557380952,0,1250,4448
digits_n1250,5,1,johnson,J,3,1,0.292717906,0.292682157,0.9998778721790936,0,1250,4448
digits_n1250,5,1,johnson,J,4,1,0.296282888,0.29626129,0.9999271034512124,0,1250,4448
digits_n1250,5,1,dijkstra,D,4,1,0.266501546,0.266438034,0.9997616824331668,0,1250,4448
digits_n1250,5,1,floyd_warshall,FW,4,1,1.347004103,1.34682913,0.9998701021031708,0,1250,4448
digits_n1250,5,1,floyd_warshall,FW,5,1,1.380163509,1.379937388,0.9998361636150171,0,1250,4448
digits_n1250,5,1,johnson,J,5,1,0.296666636,0.296624134,0.9998567348166512,0,1250,4448
digits_n1250,5,1,dijkstra,D,5,1,0.272228972,0.272210887,0.9999335669533366,0,1250,4448
digits_n1250,5,1,floyd_warshall,FW,6,1,1.344656411,1.3443909,0.9998025436105252,0,1250,4448
digits_n1250,5,1,dijkstra,D,6,1,0.256864738,0.256830045,0.9998649366967608,0,1250,4448
digits_n1250,5,1,johnson,J,6,1,0.290698673,0.290677759,0.999928056087136,0,1250,4448
digits_n1250,10,1,dijkstra,D,1,1,0.378808098,0.378747658,0.9998404469167392,0,1250,8774
digits_n1250,10,1,johnson,J,1,1,0.471098228,0.47106137,0.9999217615397186,0,1250,8774
digits_n1250,10,1,floyd_warshall,FW,1,1,2.101811429,2.101379421,0.9997944592012208,0,1250,8774
digits_n1250,10,1,floyd_warshall,FW,2,1,2.118866056,2.11856985,0.9998602054154576,0,1250,8774
digits_n1250,10,1,dijkstra,D,2,1,0.357842307,0.357801216,0.99988517008974,0,1250,8774
digits_n1250,10,1,johnson,J,2,1,0.415527926,0.415478803,0.9998817817120672,0,1250,8774
digits_n1250,10,1,dijkstra,D,3,1,0.361116954,0.361067837,0.9998639858930578,0,1250,8774
digits_n1250,10,1,johnson,J,3,1,0.419566919,0.419519653,0.99988734574186,0,1250,8774
digits_n1250,10,1,floyd_warshall,FW,3,1,2.071014402,2.070720484,0.9998580801757264,0,1250,8774
digits_n1250,10,1,dijkstra,D,4,1,0.365792602,0.365717485,0.9997946459288972,0,1250,8774
digits_n1250,10,1,floyd_warshall,FW,4,1,2.060301257,2.059974752,0.9998415256026804,0,1250,8774
digits_n1250,10,1,johnson,J,4,1,0.414285142,0.414242561,0.9998972181338812,0,1250,8774
digits_n1250,10,1,johnson,J,5,1,0.4179378,0.417879501,0.9998605079511832,0,1250,8774
digits_n1250,10,1,floyd_warshall,FW,5,1,2.059802204,2.059492475,0.999849631678518,0,1250,8774
digits_n1250,10,1,dijkstra,D,5,1,0.331246942,0.331200082,0.9998585345430904,0,1250,8774
digits_n1250,10,1,johnson,J,6,1,0.424058531,0.424005784,0.9998756138689732,0,1250,8774
digits_n1250,10,1,floyd_warshall,FW,6,1,2.112232084,2.11186526,0.999826333477851,0,1250,8774
digits_n1250,10,1,dijkstra,D,6,1,0.398096194,0.398050908,0.9998862435745868,0,1250,8774
digits_n1250,20,1,dijkstra,D,1,1,0.545984911,0.545930691,0.9999006932263006,0,1250,17342
digits_n1250,20,1,johnson,J,1,1,0.642411229,0.642313842,0.9998484039574592,0,1250,17342
digits_n1250,20,1,floyd_warshall,FW,1,1,2.331691675,2.331248458,0.999809916120235,0,1250,17342
digits_n1250,20,1,dijkstra,D,2,1,0.497551425,0.497495387,0.9998873724459738,0,1250,17342
digits_n1250,20,1,johnson,J,2,1,0.636590226,0.6365263,0.9998995806134164,0,1250,17342
digits_n1250,20,1,floyd_warshall,FW,2,1,2.373208862,2.372774527,0.9998169840813614,0,1250,17342
digits_n1250,20,1,dijkstra,D,3,1,0.498257458,0.498135047,0.999754321790804,0,1250,17342
digits_n1250,20,1,johnson,J,3,1,0.681041432,0.680955674,0.9998740781456598,0,1250,17342
digits_n1250,20,1,floyd_warshall,FW,3,1,2.399202298,2.398762026,0.9998164923398218,0,1250,17342
digits_n1250,20,1,floyd_warshall,FW,4,1,2.378242227,2.377864773,0.9998412886644958,0,1250,17342
digits_n1250,20,1,johnson,J,4,1,0.68826284,0.688124544,0.9997990651362204,0,1250,17342
digits_n1250,20,1,dijkstra,D,4,1,0.532257718,0.532186443,0.9998660893067594,0,1250,17342
digits_n1250,20,1,johnson,J,5,1,0.640761054,0.640679358,0.9998725016143069,0,1250,17342
digits_n1250,20,1,floyd_warshall,FW,5,1,2.380429375,2.380030007,0.999832228586912,0,1250,17342
digits_n1250,20,1,dijkstra,D,5,1,0.551016177,0.550917716,0.9998213101463986,0,1250,17342
digits_n1250,20,1,johnson,J,6,1,0.702910681,0.702831354,0.999887144978524,0,1250,17342
digits_n1250,20,1,dijkstra,D,6,1,0.523345771,0.523292221,0.9998976775910546,0,1250,17342
digits_n1250,20,1,floyd_warshall,FW,6,1,2.551400101,2.550967152,0.9998303092487022,0,1250,17342
digits_n1250,5,2,floyd_warshall,FW,1,1,1.494285632,1.493964043,0.9997847874642484,0,1250,4440
digits_n1250,5,2,johnson,J,1,1,0.298873935,0.298841695,0.9998921284320096,0,1250,4440
digits_n1250,5,2,dijkstra,D,1,1,0.288737416,0.288692563,0.9998446581651198,0,1250,4440
digits_n1250,5,2,johnson,J,2,1,0.302332763,0.302312055,0.9999315059347372,0,1250,4440
digits_n1250,5,2,floyd_warshall,FW,2,1,1.482325708,1.482099288,0.9998472535430114,0,1250,4440
digits_n1250,5,2,dijkstra,D,2,1,0.268885496,0.268859383,0.9999028843117668,0,1250,4440
digits_n1250,5,2,dijkstra,D,3,1,0.265682784,0.265644556,0.9998561141244288,0,1250,4440
digits_n1250,5,2,johnson,J,3,1,0.293987077,0.293966202,0.9999289934774924,0,1250,4440
digits_n1250,5,2,floyd_warshall,FW,3,1,1.468863393,1.468638488,0.9998468850125398,0,1250,4440
digits_n1250,5,2,dijkstra,D,4,1,0.251456492,0.251420176,0.9998555774014378,0,1250,4440
digits_n1250,5,2,floyd_warshall,FW,4,1,1.462912674,1.462684982,0.9998443570801958,0,1250,4440
digits_n1250,5,2,johnson,J,4,1,0.290994129,0.290973806,0.9999301601029896,0,1250,4440
digits_n1250,5,2,floyd_warshall,FW,5,1,1.486530794,1.48553246,0.999328413508802,0,1250,4440
digits_n1250,5,2,johnson,J,5,1,0.297551704,0.297522726,0.9999026118835468,0,1250,4440
digits_n1250,5,2,dijkstra,D,5,1,0.247861001,0.247845018,0.9999355162775284,0,1250,4440
digits_n1250,5,2,floyd_warshall,FW,6,1,1.475462092,1.475199003,0.9998216904375744,0,1250,4440
digits_n1250,5,2,dijkstra,D,6,1,0.257797018,0.257768878,0.9998908443541422,0,1250,4440
digits_n1250,5,2,johnson,J,6,1,0.290110164,0.290089877,0.9999300713917764,0,1250,4440
digits_n1250,10,2,dijkstra,D,1,1,0.37414374,0.374049595,0.9997483721096068,0,1250,8736
digits_n1250,10,2,floyd_warshall,FW,1,1,2.07040057,2.070035071,0.9998234645965152,0,1250,8736
digits_n1250,10,2,johnson,J,1,1,0.427042319,0.426989079,0.9998753285151584,0,1250,8736
digits_n1250,10,2,johnson,J,2,1,0.432009685,0.431949239,0.9998600818405264,0,1250,8736
digits_n1250,10,2,floyd_warshall,FW,2,1,2.092349221,2.092062345,0.9998628928683984,0,1250,8736
digits_n1250,10,2,dijkstra,D,2,1,0.361476758,0.361426892,0.9998620492219862,0,1250,8736
digits_n1250,10,2,dijkstra,D,3,1,0.366468504,0.366418304,0.999863016877434,0,1250,8736
digits_n1250,10,2,floyd_warshall,FW,3,1,2.025601696,2.025274488,0.9998384638003384,0,1250,8736
digits_n1250,10,2,johnson,J,3,1,0.418507185,0.418454412,0.9998739018064888,0,1250,8736
digits_n1250,10,2,floyd_warshall,FW,4,1,2.039261796,2.038967181,0.9998555286032534,0,1250,8736
digits_n1250,10,2,dijkstra,D,4,1,0.350794472,0.350758792,0.9998982880209126,0,1250,8736
digits_n1250,10,2,johnson,J,4,1,0.414976764,0.414905365,0.9998279445834226,0,1250,8736
digits_n1250,10,2,johnson,J,5,1,0.410118515,0.410077747,0.999900594587884,0,1250,8736
digits_n1250,10,2,dijkstra,D,5,1,0.366178475,0.366104599,0.9997982513854752,0,1250,8736
digits_n1250,10,2,floyd_warshall,FW,5,1,2.041404792,2.041121633,0.9998612920861608,0,1250,8736
digits_n1250,10,2,dijkstra,D,6,1,0.362703669,0.362643037,0.999832833232244,0,1250,8736
digits_n1250,10,2,floyd_warshall,FW,6,1,2.076129928,2.075796841,0.9998395635092449,0,1250,8736
digits_n1250,10,2,johnson,J,6,1,0.451450061,0.451396114,0.9998805028403795,0,1250,8736
digits_n1250,20,2,floyd_warshall,FW,1,1,2.407222174,2.406851927,0.9998461932579388,0,1250,17221
digits_n1250,20,2,dijkstra,D,1,1,0.507887117,0.507828531,0.999884647595816,0,1250,17221
digits_n1250,20,2,johnson,J,1,1,0.639359205,0.639267235,0.999856152849164,0,1250,17221
digits_n1250,20,2,johnson,J,2,1,0.642934171,0.64283114,0.9998397487571086,0,1250,17221
digits_n1250,20,2,floyd_warshall,FW,2,1,2.333163307,2.33225681,0.9996114729743604,0,1250,17221
digits_n1250,20,2,dijkstra,D,2,1,0.50787177,0.507804013,0.999866586402312,0,1250,17221
digits_n1250,20,2,dijkstra,D,3,1,0.490911319,0.490850587,0.9998762872281622,0,1250,17221
digits_n1250,20,2,floyd_warshall,FW,3,1,2.387880844,2.387474674,0.99982990357286,0,1250,17221
digits_n1250,20,2,johnson,J,3,1,0.800512922,0.80041156,0.9998733786835736,0,1250,17221
digits_n1250,20,2,floyd_warshall,FW,4,1,2.338427271,2.338066159,0.9998455748423402,0,1250,17221
digits_n1250,20,2,johnson,J,4,1,0.695973806,0.695892884,0.9998837283827318,0,1250,17221
digits_n1250,20,2,dijkstra,D,4,1,0.535317962,0.535224382,0.9998251880066747,0,1250,17221
digits_n1250,20,2,dijkstra,D,5,1,0.543793681,0.543699936,0.999827609250943,0,1250,17221
digits_n1250,20,2,floyd_warshall,FW,5,1,2.56351065,2.563182566,0.999872017695733,0,1250,17221
digits_n1250,20,2,johnson,J,5,1,0.699494654,0.69940191,0.999867412853737,0,1250,17221
digits_n1250,20,2,dijkstra,D,6,1,0.518102473,0.518027372,0.9998550460499348,0,1250,17221
digits_n1250,20,2,johnson,J,6,1,0.639022602,0.638921974,0.9998425282616216,0,1250,17221
digits_n1250,20,2,floyd_warshall,FW,6,1,2.341933621,2.341619525,0.9998658817665952,0,1250,17221
digits_n1250,5,3,floyd_warshall,FW,1,1,1.560226346,1.560015259,0.9998647074505944,0,1250,4469
digits_n1250,5,3,dijkstra,D,1,1,0.274815543,0.274776518,0.9998579956592922,0,1250,4469
digits_n1250,5,3,johnson,J,1,1,0.314036945,0.313997909,0.999875696154158,0,1250,4469
digits_n1250,5,3,johnson,J,2,1,0.301612108,0.301581263,0.999897732885445,0,1250,4469
digits_n1250,5,3,floyd_warshall,FW,2,1,1.604993498,1.604071651,0.9994256381716506,0,1250,4469
digits_n1250,5,3,dijkstra,D,2,1,0.279149289,0.279105801,0.9998442123920293,0,1250,4469
digits_n1250,5,3,floyd_warshall,FW,3,1,1.555707404,1.555497986,0.9998653872833274,0,1250,4469
digits_n1250,5,3,johnson,J,3,1,0.297256282,0.297227984,0.9999048026847084,0,1250,4469
digits_n1250,5,3,dijkstra,D,3,1,0.266632668,0.26661269,0.9999250729471753,0,1250,4469
digits_n1250,5,3,floyd_warshall,FW,4,1,1.55517636,1.554884649,0.9998124257752992,0,1250,4469
digits_n1250,5,3,johnson,J,4,1,0.299285655,0.299238667,0.9998429994915728,0,1250,4469
digits_n1250,5,3,dijkstra,D,4,1,0.269909398,0.26989147,0.99993357771114,0,1250,4469
digits_n1250,5,3,dijkstra,D,5,1,0.271817035,0.271778897,0.999859692384622,0,1250,4469
digits_n1250,5,3,floyd_warshall,FW,5,1,1.568371528,1.568101503,0.9998278309729683,0,1250,4469
digits_n1250,5,3,johnson,J,5,1,0.295933902,0.295904958,0.9999021943758236,0,1250,4469
digits_n1250,5,3,floyd_warshall,FW,6,1,1.540872646,1.540646635,0.9998533227255436,0,1250,4469
digits_n1250,5,3,johnson,J,6,1,0.29491323,0.294883879,0.9999004758111394,0,1250,4469
digits_n1250,5,3,dijkstra,D,6,1,0.263390616,0.26335535,0.9998661076065064,0,1250,4469
digits_n1250,10,3,dijkstra,D,1,1,0.363699981,0.363657464,0.9998830987016192,0,1250,8808
digits_n1250,10,3,floyd_warshall,FW,1,1,2.045012314,2.044743201,0.9998684051933784,0,1250,8808
digits_n1250,10,3,johnson,J,1,1,0.422134042,0.422084231,0.9998820019353,0,1250,8808
digits_n1250,10,3,floyd_warshall,FW,2,1,2.037030694,2.036725917,0.9998503817341106,0,1250,8808
digits_n1250,10,3,johnson,J,2,1,0.420054461,0.420005765,0.9998840721751078,0,1250,8808
digits_n1250,10,3,dijkstra,D,2,1,0.36682549,0.366748346,0.999789698365836,0,1250,8808
digits_n1250,10,3,dijkstra,D,3,1,0.369338922,0.369310555,0.9999231952055136,0,1250,8808
digits_n1250,10,3,johnson,J,3,1,0.423804409,0.423758397,0.9998914310492696,0,1250,8808
digits_n1250,10,3,floyd_warshall,FW,3,1,2.010875842,2.010555543,0.9998407166701644,0,1250,8808
digits_n1250,10,3,johnson,J,4,1,0.422422967,0.42237538,0.9998873475077884,0,1250,8808
digits_n1250,10,3,floyd_warshall,FW,4,1,2.00227072,2.001956467,0.99984305169283,0,1250,8808
digits_n1250,10,3,dijkstra,D,4,1,0.363083657,0.36303522,0.9998665954827044,0,1250,8808
digits_n1250,10,3,johnson,J,5,1,0.423399326,0.42334718,0.9998768396716814,0,1250,8808
digits_n1250,10,3,dijkstra,D,5,1,0.357915178,0.357880281,0.9999024992452262,0,1250,8808
digits_n1250,10,3,floyd_warshall,FW,5,1,2.035121824,2.034730984,0.9998079525287424,0,1250,8808
digits_n1250,10,3,dijkstra,D,6,1,0.388518686,0.38844854,0.9998194526993742,0,1250,8808
digits_n1250,10,3,johnson,J,6,1,0.472536559,0.472472461,0.9998643533526048,0,1250,8808
digits_n1250,10,3,floyd_warshall,FW,6,1,2.317460199,2.317106528,0.9998473885332948,0,1250,8808
digits_n1250,20,3,dijkstra,D,1,1,0.541739724,0.541638173,0.9998125465135724,0,1250,17332
digits_n1250,20,3,johnson,J,1,1,0.64751947,0.647414628,0.999838086721933,0,1250,17332
digits_n1250,20,3,floyd_warshall,FW,1,1,2.287992167,2.287600514,0.9998288224034816,0,1250,17332
digits_n1250,20,3,johnson,J,2,1,0.643802919,0.643731532,0.9998891166878976,0,1250,17332
digits_n1250,20,3,floyd_warshall,FW,2,1,2.331412658,2.33093265,0.99979411281038,0,1250,17332
digits_n1250,20,3,dijkstra,D,2,1,0.531573965,0.53148831,0.9998388653214044,0,1250,17332
digits_n1250,20,3,dijkstra,D,3,1,0.567471958,0.56740557,0.9998830109592832,0,1250,17332
digits_n1250,20,3,johnson,J,3,1,0.663993137,0.663875918,0.9998234635367926,0,1250,17332
digits_n1250,20,3,floyd_warshall,FW,3,1,2.369223353,2.368818708,0.9998292077446022,0,1250,17332
digits_n1250,20,3,floyd_warshall,FW,4,1,2.343321031,2.342924304,0.9998306988266858,0,1250,17332
digits_n1250,20,3,johnson,J,4,1,0.644095834,0.643954209,0.9997801181244714,0,1250,17332
digits_n1250,20,3,dijkstra,D,4,1,0.537663404,0.537581683,0.999848007137194,0,1250,17332
digits_n1250,20,3,dijkstra,D,5,1,0.537667461,0.537539513,0.9997620313497084,0,1250,17332
digits_n1250,20,3,johnson,J,5,1,0.647742142,0.647636746,0.9998372871036696,0,1250,17332
digits_n1250,20,3,floyd_warshall,FW,5,1,2.335294663,2.334979063,0.9998648564547334,0,1250,17332
digits_n1250,20,3,johnson,J,6,1,0.638499129,0.638363316,0.999787293366848,0,1250,17332
digits_n1250,20,3,floyd_warshall,FW,6,1,2.342819332,2.342516089,0.9998705649232708,0,1250,17332
digits_n1250,20,3,dijkstra,D,6,1,0.520445066,0.520402251,0.9999177338728004,0,1250,17332
digits_n1250,5,4,johnson,J,1,1,0.302024481,0.301930224,0.9996879160269132,0,1250,4482
digits_n1250,5,4,dijkstra,D,1,1,0.258711349,0.258686914,0.9999055511090084,0,1250,4482
digits_n1250,5,4,floyd_warshall,FW,1,1,1.435581606,1.435339267,0.9998311910664032,0,1250,4482
digits_n1250,5,4,johnson,J,2,1,0.305454635,0.305371626,0.9997282444249046,0,1250,4482
digits_n1250,5,4,dijkstra,D,2,1,0.28918828,0.289168518,0.9999316638973058,0,1250,4482
digits_n1250,5,4,floyd_warshall,FW,2,1,1.444007068,1.443777574,0.9998410714150328,0,1250,4482
digits_n1250,5,4,floyd_warshall,FW,3,1,1.435673532,1.435458125,0.9998499610146744,0,1250,4482
digits_n1250,5,4,johnson,J,3,1,0.297100159,0.29706337,0.999876173071991,0,1250,4482
digits_n1250,5,4,dijkstra,D,3,1,0.267079886,0.267051649,0.9998942750784312,0,1250,4482
digits_n1250,5,4,johnson,J,4,1,0.303770257,0.30368889,0.9997321429661892,0,1250,4482
digits_n1250,5,4,floyd_warshall,FW,4,1,1.424983797,1.424775615,0.999853905707252,0,1250,4482
digits_n1250,5,4,dijkstra,D,4,1,0.262321538,0.262283824,0.9998562298761756,0,1250,4482
digits_n1250,5,4,dijkstra,D,5,1,0.266996665,0.266914132,0.9996908837793912,0,1250,4482
digits_n1250,5,4,floyd_warshall,FW,5,1,1.427441554,1.426487387,0.9993315544182344,0,1250,4482
digits_n1250,5,4,johnson,J,5,1,0.303429666,0.303378188,0.9998303461863878,0,1250,4482
digits_n1250,5,4,johnson,J,6,1,0.300000455,0.299875145,0.9995823006335108,0,1250,4482
digits_n1250,5,4,dijkstra,D,6,1,0.273236909,0.273189017,0.9998247235332324,0,1250,4482
digits_n1250,5,4,floyd_warshall,FW,6,1,1.462105099,1.461906533,0.9998641917054144,0,1250,4482
digits_n1250,10,4,johnson,J,1,1,0.411821176,0.411774936,0.9998877182556536,0,1250,8842
digits_n1250,10,4,floyd_warshall,FW,1,1,2.043527524,2.043164645,0.9998224251957764,0,1250,8842
digits_n1250,10,4,dijkstra,D,1,1,0.360250039,0.360214678,0.9999018431750952,0,1250,8842
digits_n1250,10,4,johnson,J,2,1,0.443043024,0.442982128,0.999862550595086,0,1250,8842
digits_n1250,10,4,floyd_warshall,FW,2,1,2.057167431,2.056569259,0.9997092254179288,0,1250,8842
digits_n1250,10,4,dijkstra,D,2,1,0.453810354,0.453736983,0.9998383223314468,0,1250,8842
digits_n1250,10,4,dijkstra,D,3,1,0.353352897,0.35331113,0.9998817980541418,0,1250,8842
digits_n1250,10,4,johnson,J,3,1,0.414273231,0.41421423,0.9998575795016792,0,1250,8842
digits_n1250,10,4,floyd_warshall,FW,3,1,2.013628101,2.013261413,0.999817896859992,0,1250,8842
digits_n1250,10,4,johnson,J,4,1,0.417075915,0.417034455,0.9999005936365326,0,1250,8842
digits_n1250,10,4,dijkstra,D,4,1,0.335725459,0.335699583,0.9999229251184076,0,1250,8842
digits_n1250,10,4,floyd_warshall,FW,4,1,2.010877306,2.010561589,0.9998429953935738,0,1250,8842
digits_n1250,10,4,dijkstra,D,5,1,0.355226172,0.355190216,0.9998987799806598,0,1250,8842
digits_n1250,10,4,floyd_warshall,FW,5,1,2.002820838,2.002489431,0.999834529882198,0,1250,8842
digits_n1250,10,4,johnson,J,5,1,0.412318492,0.412253415,0.9998421681266724,0,1250,8842
digits_n1250,10,4,johnson,J,6,1,0.418076088,0.418033502,0.9998981381590042,0,1250,8842
digits_n1250,10,4,dijkstra,D,6,1,0.336213115,0.336104435,0.9996767526454166,0,1250,8842
digits_n1250,10,4,floyd_warshall,FW,6,1,2.016264817,2.015927452,0.9998326782289928,0,1250,8842
digits_n1250,20,4,johnson,J,1,1,0.645090085,0.645007155,0.9998714443115336,0,1250,17281
digits_n1250,20,4,dijkstra,D,1,1,0.536441502,0.536356901,0.9998422922169808,0,1250,17281
digits_n1250,20,4,floyd_warshall,FW,1,1,2.336662062,2.335594704,0.9995432125092636,0,1250,17281
digits_n1250,20,4,dijkstra,D,2,1,0.517622029,0.517528419,0.9998191537555292,0,1250,17281
digits_n1250,20,4,floyd_warshall,FW,2,1,2.3236039,2.323199755,0.9998260697531106,0,1250,17281
digits_n1250,20,4,johnson,J,2,1,0.64114034,0.641056288,0.9998689023373571,0,1250,17281
digits_n1250,20,4,johnson,J,3,1,0.64809879,0.648006223,0.999857171466097,0,1250,17281
digits_n1250,20,4,dijkstra,D,3,1,0.520113258,0.520010143,0.999801745103756,0,1250,17281
digits_n1250,20,4,floyd_warshall,FW,3,1,2.399685147,2.399232328,0.9998113006614364,0,1250,17281
digits_n1250,20,4,floyd_warshall,FW,4,1,2.399625864,2.399253872,0.9998449791671358,0,1250,17281
digits_n1250,20,4,johnson,J,4,1,0.634211844,0.634126353,0.9998652011929314,0,1250,17281
digits_n1250,20,4,dijkstra,D,4,1,0.538452412,0.538360811,0.9998298809737712,0,1250,17281
digits_n1250,20,4,dijkstra,D,5,1,0.515425379,0.515347707,0.9998493050533316,0,1250,17281
digits_n1250,20,4,johnson,J,5,1,0.637306782,0.637235663,0.999888406961908,0,1250,17281
digits_n1250,20,4,floyd_warshall,FW,5,1,2.330222582,2.329913952,0.9998675534249886,0,1250,17281
digits_n1250,20,4,floyd_warshall,FW,6,1,2.544589582,2.544189941,0.9998429448101072,0,1250,17281
digits_n1250,20,4,dijkstra,D,6,1,0.546454871,0.546359803,0.9998260277196797,0,1250,17281
digits_n1250,20,4,johnson,J,6,1,0.723570712,0.723487622,0.9998851667174722,0,1250,17281
digits_n1500,5,0,johnson,J,1,1,0.48010093,0.480030555,0.9998534162389564,0,1500,5345
digits_n1500,5,0,dijkstra,D,1,1,0.380431996,0.380402327,0.9999220123430416,0,1500,5345
digits_n1500,5,0,floyd_warshall,FW,1,1,2.850802955,2.850341787,0.9998382322428876,0,1500,5345
digits_n1500,5,0,dijkstra,D,2,1,0.385968453,0.38591567,0.9998632452999986,0,1500,5345
digits_n1500,5,0,floyd_warshall,FW,2,1,2.748374925,2.74794974,0.999845295852421,0,1500,5345
digits_n1500,5,0,johnson,J,2,1,0.430161843,0.430095019,0.9998446538178888,0,1500,5345
digits_n1500,5,0,johnson,J,3,1,0.428406665,0.428342009,0.9998490779782804,0,1500,5345
digits_n1500,5,0,floyd_warshall,FW,3,1,2.651676155,2.650668343,0.9996199339809652,0,1500,5345
digits_n1500,5,0,dijkstra,D,3,1,0.382455815,0.382427248,0.999925306404349,0,1500,5345
digits_n1500,5,0,dijkstra,D,4,1,0.392646619,0.392569333,0.99980316652109,0,1500,5345
digits_n1500,5,0,johnson,J,4,1,0.432040418,0.431944006,0.9997768449525016,0,1500,5345
digits_n1500,5,0,floyd_warshall,FW,4,1,2.729766455,2.729346815,0.9998462725632696,0,1500,5345
digits_n1500,5,0,dijkstra,D,5,1,0.374947617,0.374918696,0.9999228665587172,0,1500,5345
digits_n1500,5,0,johnson,J,5,1,0.469007163,0.468939897,0.9998565778834384,0,1500,5345
digits_n1500,5,0,floyd_warshall,FW,5,1,2.737772604,2.737328543,0.9998378020879634,0,1500,5345
digits_n1500,5,0,floyd_warshall,FW,6,1,2.643732132,2.643348469,0.9998548782626818,0,1500,5345
digits_n1500,5,0,dijkstra,D,6,1,0.393770791,0.393725457,0.9998848721107908,0,1500,5345
digits_n1500,5,0,johnson,J,6,1,0.436970539,0.436926519,0.9998992609430816,0,1500,5345
digits_n1500,10,0,johnson,J,1,1,0.670615076,0.670520454,0.9998589026650514,0,1500,10514
digits_n1500,10,0,floyd_warshall,FW,1,1,3.370928365,3.37032911,0.9998222284975788,0,1500,10514
digits_n1500,10,0,dijkstra,D,1,1,0.51679182,0.516740409,0.9999005189362324,0,1500,10514
digits_n1500,10,0,floyd_warshall,FW,2,1,3.354568826,3.353930597,0.9998097433580576,0,1500,10514
digits_n1500,10,0,johnson,J,2,1,0.616776526,0.61670011,0.9998761042342263,0,1500,10514
digits_n1500,10,0,dijkstra,D,2,1,0.535649948,0.535583107,0.9998752151470386,0,1500,10514
digits_n1500,10,0,dijkstra,D,3,1,0.504161491,0.504098364,0.9998747881360897,0,1500,10514
digits_n1500,10,0,johnson,J,3,1,0.61135951,0.611284207,0.9998768269753422,0,1500,10514
digits_n1500,10,0,floyd_warshall,FW,3,1,3.40460935,3.40403258,0.999830591430409,0,1500,10514
digits_n1500,10,0,johnson,J,4,1,0.59856128,0.598479555,0.9998634642721964,0,1500,10514
digits_n1500,10,0,dijkstra,D,4,1,0.515607867,0.515495737,0.9997825285315128,0,1500,10514
digits_n1500,10,0,floyd_warshall,FW,4,1,3.335126337,3.334507826,0.9998145464556654,0,1500,10514
digits_n1500,10,0,johnson,J,5,1,0.602163601,0.602104098,0.9999011846616084,0,1500,10514
digits_n1500,10,0,dijkstra,D,5,1,0.553812574,0.553765495,0.9999149910958868,0,1500,10514
digits_n1500,10,0,floyd_warshall,FW,5,1,3.388739252,3.388203444,0.999841885739753,0,1500,10514
digits_n1500,10,0,johnson,J,6,1,0.602422144,0.602372238,0.9999171577597252,0,1500,10514
digits_n1500,10,0,floyd_warshall,FW,6,1,3.362825502,3.362307394,0.9998459307508843,0,1500,10514
digits_n1500,10,0,dijkstra,D,6,1,0.535326599,0.535259884,0.9998753751445854,0,1500,10514
digits_n1500,20,0,floyd_warshall,FW,1,1,4.05126957,4.050662098,0.9998500539177896,0,1500,20691
digits_n1500,20,0,johnson,J,1,1,0.941707006,0.941567683,0.9998520527094816,0,1500,20691
digits_n1500,20,0,dijkstra,D,1,1,0.743022979,0.742869736,0.9997937573879528,0,1500,20691
digits_n1500,20,0,floyd_warshall,FW,2,1,4.11727824,4.11656541,0.9998268686354312,0,1500,20691
digits_n1500,20,0,dijkstra,D,2,1,0.792074671,0.791965533,0.9998622124857722,0,1500,20691
digits_n1500,20,0,johnson,J,2,1,0.940437459,0.940317634,0.9998725858919664,0,1500,20691
digits_n1500,20,0,johnson,J,3,1,0.934538363,0.934386218,0.9998371976945798,0,1500,20691
digits_n1500,20,0,dijkstra,D,3,1,0.725185033,0.725097518,0.9998793204547562,0,1500,20691
digits_n1500,20,0,floyd_warshall,FW,3,1,4.098284894,4.09764018,0.999842686875931,0,1500,20691
digits_n1500,20,0,floyd_warshall,FW,4,1,4.333688672,4.332953329,0.9998303193755586,0,1500,20691
digits_n1500,20,0,dijkstra,D,4,1,0.78665886,0.786504277,0.9998034942363708,0,1500,20691
digits_n1500,20,0,johnson,J,4,1,1.03117246,1.03104214,0.9998736195883275,0,1500,20691
digits_n1500,20,0,johnson,J,5,1,1.044717895,1.044479431,0.9997717431651728,0,1500,20691
digits_n1500,20,0,dijkstra,D,5,1,0.801694979,0.801580637,0.9998573746836452,0,1500,20691
digits_n1500,20,0,floyd_warshall,FW,5,1,4.450418637,4.449664276,0.9998304966203116,0,1500,20691
digits_n1500,20,0,floyd_warshall,FW,6,1,4.392082634,4.391427094,0.9998507450668332,0,1500,20691
digits_n1500,20,0,johnson,J,6,1,0.936762318,0.936628596,0.9998572508763104,0,1500,20691
digits_n1500,20,0,dijkstra,D,6,1,0.730476997,0.730371163,0.999855116587607,0,1500,20691
digits_n1500,5,1,dijkstra,D,1,1,0.371885433,0.37181266,0.9998043133891724,0,1500,5356
digits_n1500,5,1,floyd_warshall,FW,1,1,2.475977904,2.475595179,0.9998454247110276,0,1500,5356
digits_n1500,5,1,johnson,J,1,1,0.430010659,0.429926959,0.9998053536621752,0,1500,5356
digits_n1500,5,1,floyd_warshall,FW,2,1,2.500897534,2.500467901,0.9998282084754936,0,1500,5356
digits_n1500,5,1,johnson,J,2,1,0.442765738,0.442722019,0.9999012592975296,0,1500,5356
digits_n1500,5,1,dijkstra,D,2,1,0.373616921,0.373579019,0.99989855384521,0,1500,5356
digits_n1500,5,1,dijkstra,D,3,1,0.398703484,0.398645487,0.9998545360090207,0,1500,5356
digits_n1500,5,1,floyd_warshall,FW,3,1,2.564775566,2.564385108,0.9998477613381944,0,1500,5356
digits_n1500,5,1,johnson,J,3,1,0.441399718,0.441335343,0.9998541571338294,0,1500,5356
digits_n1500,5,1,johnson,J,4,1,0.433498283,0.43343478,0.9998535103771105,0,1500,5356
digits_n1500,5,1,dijkstra,D,4,1,0.389660414,0.38961279,0.99987778075912,0,1500,5356
digits_n1500,5,1,floyd_warshall,FW,4,1,2.456961622,2.456569283,0.999840315373066,0,1500,5356
digits_n1500,5,1,floyd_warshall,FW,5,1,2.452173587,2.451789486,0.9998433630465492,0,1500,5356
digits_n1500,5,1,johnson,J,5,1,0.426928296,0.426872177,0.999868551697028,0,1500,5356
digits_n1500,5,1,dijkstra,D,5,1,0.382158678,0.382112254,0.9998785216647624,0,1500,5356
digits_n1500,5,1,floyd_warshall,FW,6,1,2.485648352,2.485223776,0.9998291890324476,0,1500,5356
digits_n1500,5,1,johnson,J,6,1,0.440943082,0.440893343,0.999887198593128,0,1500,5356
digits_n1500,5,1,dijkstra,D,6,1,0.411529191,0.411445299,0.999796145688241,0,1500,5356
digits_n1500,10,1,floyd_warshall,FW,1,1,3.497097898,3.496584152,0.9998530936179127,0,1500,10536
digits_n1500,10,1,dijkstra,D,1,1,0.533843361,0.533778473,0.9998784512373098,0,1500,10536
digits_n1500,10,1,johnson,J,1,1,0.616541746,0.616428316,0.9998160221903288,0,1500,10536
digits_n1500,10,1,johnson,J,2,1,0.625360785,0.625272988,0.9998596058433692,0,1500,10536
digits_n1500,10,1,dijkstra,D,2,1,0.518502202,0.518421055,0.9998434972895256,0,1500,10536
digits_n1500,10,1,floyd_warshall,FW,2,1,3.48003061,3.479466532,0.9998379100464292,0,1500,10536
digits_n1500,10,1,floyd_warshall,FW,3,1,3.504386536,3.503068836,0.999623985543129,0,1500,10536
digits_n1500,10,1,johnson,J,3,1,0.598587079,0.598514226,0.999878291726374,0,1500,10536
digits_n1500,10,1,dijkstra,D,3,1,0.524181489,0.524092515,0.9998302610796698,0,1500,10536
digits_n1500,10,1,dijkstra,D,4,1,0.496497357,0.496440264,0.999885008451314,0,1500,10536
digits_n1500,10,1,johnson,J,4,1,0.609192814,0.60911384,0.9998703628831708,0,1500,10536
digits_n1500,10,1,floyd_warshall,FW,4,1,3.510067234,3.509539321,0.9998496003168011,0,1500,10536
digits_n1500,10,1,dijkstra,D,5,1,0.526750856,0.526697499,0.9998987054327632,0,1500,10536
digits_n1500,10,1,floyd_warshall,FW,5,1,3.51638883,3.515734962,0.9998140512805576,0,1500,10536
digits_n1500,10,1,johnson,J,5,1,0.620814978,0.620752887,0.9998999846939904,0,1500,10536
digits_n1500,10,1,dijkstra,D,6,1,0.542061128,0.541929378,0.9997569462313484,0,1500,10536
digits_n1500,10,1,johnson,J,6,1,0.67219104,0.672073477,0.9998251047797364,0,1500,10536
digits_n1500,10,1,floyd_warshall,FW,6,1,3.550263325,3.549623916,0.9998198981479774,0,1500,10536
digits_n1500,20,1,dijkstra,D,1,1,0.753989969,0.753916396,0.9999024217787704,0,1500,20795
digits_n1500,20,1,floyd_warshall,FW,1,1,3.967524469,3.966852337,0.9998305915930068,0,1500,20795
digits_n1500,20,1,johnson,J,1,1,0.940978441,0.940865541,0.999880018505121,0,1500,20795
digits_n1500,20,1,johnson,J,2,1,0.946455985,0.946298529,0.9998336362150004,0,1500,20795
digits_n1500,20,1,dijkstra,D,2,1,0.767140795,0.767046873,0.999877568758418,0,1500,20795
digits_n1500,20,1,floyd_warshall,FW,2,1,3.885742588,3.885102388,0.9998352438470892,0,1500,20795
digits_n1500,20,1,floyd_warshall,FW,3,1,4.007425204,4.006784711,0.9998401734362102,0,1500,20795
digits_n1500,20,1,johnson,J,3,1,0.96087246,0.960730352,0.999852105241938,0,1500,20795
digits_n1500,20,1,dijkstra,D,3,1,0.863509372,0.863377733,0.999847553478551,0,1500,20795
digits_n1500,20,1,johnson,J,4,1,0.946557338,0.946397398,0.9998310297817372,0,1500,20795
digits_n1500,20,1,floyd_warshall,FW,4,1,3.872714431,3.872045724,0.999827328605836,0,1500,20795
digits_n1500,20,1,dijkstra,D,4,1,0.748277318,0.748195993,0.9998913170317424,0,1500,20795
digits_n1500,20,1,dijkstra,D,5,1,0.744254797,0.744161978,0.9998752859902628,0,1500,20795
digits_n1500,20,1,floyd_warshall,FW,5,1,3.90997606,3.909394685,0.9998513098312934,0,1500,20795
digits_n1500,20,1,johnson,J,5,1,1.06599413,1.065844096,0.9998592543844496,0,1500,20795
digits_n1500,20,1,johnson,J,6,1,1.025250222,1.02510168,0.9998551163444664,0,1500,20795
digits_n1500,20,1,dijkstra,D,6,1,0.78995707,0.789837692,0.9998488803954876,0,1500,20795
digits_n1500,20,1,floyd_warshall,FW,6,1,3.978142176,3.977342371,0.9997989501217868,0,1500,20795
digits_n1500,5,2,dijkstra,D,1,1,0.38529798,0.385268736,0.9999241003028356,0,1500,5335
digits_n1500,5,2,floyd_warshall,FW,1,1,2.385730795,2.384595817,0.9995242640106844,0,1500,5335
digits_n1500,5,2,johnson,J,1,1,0.475178655,0.475075117,0.9997821072160744,0,1500,5335
digits_n1500,5,2,dijkstra,D,2,1,0.391938408,0.391897528,0.9998956978975124,0,1500,5335
digits_n1500,5,2,floyd_warshall,FW,2,1,2.443640769,2.443235134,0.9998340038334824,0,1500,5335
digits_n1500,5,2,johnson,J,2,1,0.475333707,0.475294184,0.9999168520990244,0,1500,5335
digits_n1500,5,2,dijkstra,D,3,1,0.387267502,0.387186726,0.999791420659924,0,1500,5335
digits_n1500,5,2,floyd_warshall,FW,3,1,2.43059594,2.430228993,0.9998490300284136,0,1500,5335
digits_n1500,5,2,johnson,J,3,1,0.471669802,0.471579951,0.9998095044465024,0,1500,5335
digits_n1500,5,2,johnson,J,4,1,0.478873743,0.478827856,0.999904177247822,0,1500,5335
digits_n1500,5,2,floyd_warshall,FW,4,1,2.38952842,2.389085172,0.9998145039848492,0,1500,5335
digits_n1500,5,2,dijkstra,D,4,1,0.384162615,0.384073676,0.99976848606156,0,1500,5335
digits_n1500,5,2,johnson,J,5,1,0.465025291,0.46497185,0.9998850793687264,0,1500,5335
digits_n1500,5,2,floyd_warshall,FW,5,1,2.341732306,2.34130823,0.9998189050051052,0,1500,5335
digits_n1500,5,2,dijkstra,D,5,1,0.364039824,0.363992245,0.999869302760678,0,1500,5335
digits_n1500,5,2,johnson,J,6,1,0.442821638,0.442726984,0.9997862480243116,0,1500,5335
digits_n1500,5,2,dijkstra,D,6,1,0.359782295,0.359754973,0.9999240596316724,0,1500,5335
digits_n1500,5,2,floyd_warshall,FW,6,1,2.248396677,2.248087441,0.9998624637711114,0,1500,5335
digits_n1500,10,2,dijkstra,D,1,1,0.506930491,0.506879674,0.999899755487385,0,1500,10510
digits_n1500,10,2,johnson,J,1,1,0.611610486,0.611540023,0.9998847910531082,0,1500,10510
digits_n1500,10,2,floyd_warshall,FW,1,1,3.620410309,3.619825401,0.9998384415162708,0,1500,10510
digits_n1500,10,2,floyd_warshall,FW,2,1,3.594907179,3.59432481,0.9998380016587348,0,1500,10510
digits_n1500,10,2,johnson,J,2,1,0.608980184,0.608893794,0.9998581398832512,0,1500,10510
digits_n1500,10,2,dijkstra,D,2,1,0.527835374,0.527784365,0.9999033619145048,0,1500,10510
digits_n1500,10,2,dijkstra,D,3,1,0.536098482,0.536011734,0.9998381864472432,0,1500,10510
digits_n1500,10,2,floyd_warshall,FW,3,1,3.554432789,3.553819174,0.9998273662672992,0,1500,10510
digits_n1500,10,2,johnson,J,3,1,0.608649172,0.608568568,0.9998675690303904,0,1500,10510
digits_n1500,10,2,floyd_warshall,FW,4,1,3.628744258,3.628164493,0.9998402298539716,0,1500,10510
digits_n1500,10,2,johnson,J,4,1,0.66111241,0.66103642,0.9998850573686856,0,1500,10510
digits_n1500,10,2,dijkstra,D,4,1,0.524414616,0.524334967,0.9998481182683132,0,1500,10510
digits_n1500,10,2,dijkstra,D,5,1,0.508395646,0.508324338,0.9998597391607088,0,1500,10510
digits_n1500,10,2,johnson,J,5,1,0.608507209,0.608420383,0.9998573131119636,0,1500,10510
digits_n1500,10,2,floyd_warshall,FW,5,1,3.497070525,3.496504597,0.99983817083586,0,1500,10510
digits_n1500,10,2,johnson,J,6,1,0.605566458,0.605475455,0.999849722522115,0,1500,10510
digits_n1500,10,2,dijkstra,D,6,1,0.491223197,0.491157281,0.9998658125259504,0,1500,10510
digits_n1500,10,2,floyd_warshall,FW,6,1,3.524769172,3.524190118,0.9998357186040436,0,1500,10510
digits_n1500,20,2,johnson,J,1,1,0.94832931,0.948188241,0.9998512447116076,0,1500,20727
digits_n1500,20,2,floyd_warshall,FW,1,1,3.997988377,3.99730302,0.99982857453915,0,1500,20727
digits_n1500,20,2,dijkstra,D,1,1,0.762170836,0.76205593,0.9998492385242618,0,1500,20727
digits_n1500,20,2,floyd_warshall,FW,2,1,4.010844306,4.010167478,0.9998312504928232,0,1500,20727
digits_n1500,20,2,dijkstra,D,2,1,0.784964021,0.784830151,0.9998294571516418,0,1500,20727
digits_n1500,20,2,johnson,J,2,1,0.946277768,0.94614024,0.999854664238503,0,1500,20727
digits_n1500,20,2,dijkstra,D,3,1,0.822085891,0.821959539,0.9998463031644464,0,1500,20727
digits_n1500,20,2,johnson,J,3,1,0.953722717,0.95356871,0.999838520151345,0,1500,20727
digits_n1500,20,2,floyd_warshall,FW,3,1,4.062850698,4.062096957,0.9998144797690028,0,1500,20727
digits_n1500,20,2,dijkstra,D,4,1,0.752909252,0.752818786,0.9998798447492048,0,1500,20727
digits_n1500,20,2,floyd_warshall,FW,4,1,4.026893172,4.026150085,0.9998154689066084,0,1500,20727
digits_n1500,20,2,johnson,J,4,1,1.064205971,1.063956572,0.99976564780992,0,1500,20727
digits_n1500,20,2,dijkstra,D,5,1,0.783708658,0.783598438,0.9998593610024912,0,1500,20727
digits_n1500,20,2,floyd_warshall,FW,5,1,4.026953786,4.026312369,0.9998407190561188,0,1500,20727
digits_n1500,20,2,johnson,J,5,1,0.944866584,0.944731125,0.9998566369027184,0,1500,20727
digits_n1500,20,2,johnson,J,6,1,0.945012341,0.944881797,0.9998618600050642,0,1500,20727
digits_n1500,20,2,floyd_warshall,FW,6,1,3.99552352,3.994812028,0.9998219277157452,0,1500,20727
digits_n1500,20,2,dijkstra,D,6,1,0.774230444,0.7740994,0.9998307428995908,0,1500,20727
digits_n1500,5,3,floyd_warshall,FW,1,1,2.638472438,2.638067305,0.999846451683874,0,1500,5361
digits_n1500,5,3,johnson,J,1,1,0.445165456,0.445121929,0.999902222871489,0,1500,5361
digits_n1500,5,3,dijkstra,D,1,1,0.406820053,0.406752221,0.9998332628898212,0,1500,5361
digits_n1500,5,3,dijkstra,D,2,1,0.415243898,0.415204,0.9999039167096924,0,1500,5361
digits_n1500,5,3,johnson,J,2,1,0.457551514,0.457455044,0.9997891603523356,0,1500,5361
digits_n1500,5,3,floyd_warshall,FW,2,1,2.590990601,2.590584665,0.9998433278762788,0,1500,5361
digits_n1500,5,3,johnson,J,3,1,0.435959901,0.435904034,0.999871852893186,0,1500,5361
digits_n1500,5,3,floyd_warshall,FW,3,1,2.564817262,2.564399912,0.9998372788556192,0,1500,5361
digits_n1500,5,3,dijkstra,D,3,1,0.391908607,0.391836821,0.9998168297436754,0,1500,5361
digits_n1500,5,3,floyd_warshall,FW,4,1,2.560886948,2.560470576,0.9998374110187392,0,1500,5361
digits_n1500,5,3,johnson,J,4,1,0.435995671,0.435943645,0.999880673127142,0,1500,5361
digits_n1500,5,3,dijkstra,D,4,1,0.376121914,0.376074313,0.9998734426306252,0,1500,5361
digits_n1500,5,3,floyd_warshall,FW,5,1,2.608238304,2.607803945,0.99983346652055,0,1500,5361
digits_n1500,5,3,johnson,J,5,1,0.42911823,0.429076344,0.9999023905369856,0,1500,5361
digits_n1500,5,3,dijkstra,D,5,1,0.381245742,0.381160364,0.999776055203785,0,1500,5361
digits_n1500,5,3,johnson,J,6,1,0.436548273,0.436506753,0.9999048902433753,0,1500,5361
digits_n1500,5,3,dijkstra,D,6,1,0.390048495,0.390000734,0.9998775511234828,0,1500,5361
digits_n1500,5,3,floyd_warshall,FW,6,1,2.58057117,2.580133078,0.9998302344825468,0,1500,5361
digits_n1500,10,3,floyd_warshall,FW,1,1,3.651784597,3.651175777,0.9998332815137838,0,1500,10522
digits_n1500,10,3,johnson,J,1,1,0.613996051,0.613906201,0.9998536635539372,0,1500,10522
digits_n1500,10,3,dijkstra,D,1,1,0.487122922,0.487072263,0.99989600366209,0,1500,10522
digits_n1500,10,3,floyd_warshall,FW,2,1,3.617850238,3.617289021,0.9998448755578369,0,1500,10522
digits_n1500,10,3,johnson,J,2,1,0.609302306,0.609225255,0.9998735422478444,0,1500,10522
digits_n1500,10,3,dijkstra,D,2,1,0.537217047,0.537098438,0.999779215866916,0,1500,10522
digits_n1500,10,3,dijkstra,D,3,1,0.543444398,0.543344662,0.9998164743249408,0,1500,10522
digits_n1500,10,3,floyd_warshall,FW,3,1,3.729781041,3.729202244,0.9998448174320056,0,1500,10522
digits_n1500,10,3,johnson,J,3,1,0.667850097,0.667752183,0.9998533892554036,0,1500,10522
digits_n1500,10,3,floyd_warshall,FW,4,1,3.687738317,3.687203039,0.9998548492452588,0,1500,10522
digits_n1500,10,3,johnson,J,4,1,0.612992805,0.612911686,0.9998676672885256,0,1500,10522
digits_n1500,10,3,dijkstra,D,4,1,0.534212479,0.534117063,0.9998213894213428,0,1500,10522
digits_n1500,10,3,floyd_warshall,FW,5,1,3.721954266,3.721385162,0.9998470953807254,0,1500,10522
digits_n1500,10,3,johnson,J,5,1,0.620197892,0.62013664,0.99990123797454,0,1500,10522
digits_n1500,10,3,dijkstra,D,5,1,0.517982087,0.517919755,0.9998796637923116,0,1500,10522
digits_n1500,10,3,dijkstra,D,6,1,0.488132449,0.48799338,0.999715099866266,0,1500,10522
digits_n1500,10,3,johnson,J,6,1,0.605067652,0.604983505,0.9998609296006457,0,1500,10522
digits_n1500,10,3,floyd_warshall,FW,6,1,3.622739555,3.622210895,0.9998540717619984,0,1500,10522
digits_n1500,20,3,dijkstra,D,1,1,0.7983699,0.79825212,0.9998524743981456,0,1500,20801
digits_n1500,20,3,johnson,J,1,1,0.942662054,0.942562125,0.9998939927627551,0,1500,20801
digits_n1500,20,3,floyd_warshall,FW,1,1,4.10038789,4.099711502,0.9998350429232196,0,1500,20801
digits_n1500,20,3,johnson,J,2,1,1.057332034,1.057197803,0.999873047448026,0,1500,20801
digits_n1500,20,3,floyd_warshall,FW,2,1,4.289515,4.288856402,0.9998464632948016,0,1500,20801
digits_n1500,20,3,dijkstra,D,2,1,0.77664261,0.776524557,0.9998479957209662,0,1500,20801
digits_n1500,20,3,johnson,J,3,1,0.941733476,0.94160961,0.999868470216726,0,1500,20801
digits_n1500,20,3,floyd_warshall,FW,3,1,4.060810092,4.060160065,0.9998399267670064,0,1500,20801
digits_n1500,20,3,dijkstra,D,3,1,0.799104233,0.79896886,0.999830594064692,0,1500,20801
digits_n1500,20,3,johnson,J,4,1,0.960073596,0.959935345,0.9998559995810988,0,1500,20801
digits_n1500,20,3,dijkstra,D,4,1,0.82229459,0.822191619,0.9998747760215716,0,1500,20801
digits_n1500,20,3,floyd_warshall,FW,4,1,4.047384631,4.046762903,0.9998463877153564,0,1500,20801
digits_n1500,20,3,floyd_warshall,FW,5,1,4.051070957,4.050397948,0.9998338688689622,0,1500,20801
digits_n1500,20,3,johnson,J,5,1,0.945280822,0.945173297,0.9998862507336472,0,1500,20801
digits_n1500,20,3,dijkstra,D,5,1,0.744682794,0.744570582,0.999849315707434,0,1500,20801
digits_n1500,20,3,johnson,J,6,1,0.968001491,0.967853017,0.9998466180048478,0,1500,20801
digits_n1500,20,3,floyd_warshall,FW,6,1,4.08631146,4.085619274,0.9998306086046608,0,1500,20801
digits_n1500,20,3,dijkstra,D,6,1,0.78825635,0.788118454,0.9998250619864972,0,1500,20801
digits_n1500,5,4,floyd_warshall,FW,1,1,2.339441807,2.338989923,0.999806841102588,0,1500,5357
digits_n1500,5,4,dijkstra,D,1,1,0.395226444,0.395164382,0.999842971033588,0,1500,5357
digits_n1500,5,4,johnson,J,1,1,0.437722412,0.437669945,0.9998801363636824,0,1500,5357
digits_n1500,5,4,johnson,J,2,1,0.440520232,0.440404439,0.9997371448764696,0,1500,5357
digits_n1500,5,4,dijkstra,D,2,1,0.364664727,0.364611826,0.9998549325007792,0,1500,5357
digits_n1500,5,4,floyd_warshall,FW,2,1,2.332311368,2.331922222,0.9998331500650646,0,1500,5357
digits_n1500,5,4,floyd_warshall,FW,3,1,2.584740757,2.584310389,0.9998334966480354,0,1500,5357
digits_n1500,5,4,dijkstra,D,3,1,0.395230669,0.395199377,0.9999208259822572,0,1500,5357
digits_n1500,5,4,johnson,J,3,1,0.477074023,0.47697128,0.999784639290662,0,1500,5357
digits_n1500,5,4,johnson,J,4,1,0.474167445,0.474117078,0.9998937780302484,0,1500,5357
digits_n1500,5,4,dijkstra,D,4,1,0.368940486,0.36886955,0.999807730507516,0,1500,5357
digits_n1500,5,4,floyd_warshall,FW,4,1,2.312411571,2.31203842,0.9998386312347336,0,1500,5357
digits_n1500,5,4,floyd_warshall,FW,5,1,2.304544216,2.304087028,0.9998016145679368,0,1500,5357
digits_n1500,5,4,dijkstra,D,5,1,0.396392832,0.396289176,0.9997385018304268,0,1500,5357
digits_n1500,5,4,johnson,J,5,1,0.432447482,0.432403957,0.9998993519402664,0,1500,5357
digits_n1500,5,4,johnson,J,6,1,0.432737627,0.432588409,0.9996551767383056,0,1500,5357
digits_n1500,5,4,dijkstra,D,6,1,0.384251528,0.384210679,0.9998936920297684,0,1500,5357
digits_n1500,5,4,floyd_warshall,FW,6,1,2.353769202,2.353420074,0.9998516727979518,0,1500,5357
digits_n1500,10,4,dijkstra,D,1,1,0.535629033,0.535568373,0.9998867499775728,0,1500,10557
digits_n1500,10,4,johnson,J,1,1,0.661636824,0.661533913,0.9998444599873116,0,1500,10557
digits_n1500,10,4,floyd_warshall,FW,1,1,3.518183089,3.517583541,0.9998295859013494,0,1500,10557
digits_n1500,10,4,floyd_warshall,FW,2,1,3.520661401,3.519472058,0.9996621819412506,0,1500,10557
digits_n1500,10,4,dijkstra,D,2,1,0.53039031,0.530328912,0.9998842399666013,0,1500,10557
digits_n1500,10,4,johnson,J,2,1,0.657540712,0.6574198,0.9998161148081124,0,1500,10557
digits_n1500,10,4,dijkstra,D,3,1,0.518933958,0.518838901,0.999816822548352,0,1500,10557
digits_n1500,10,4,floyd_warshall,FW,3,1,3.416259934,3.415671223,0.9998276738271168,0,1500,10557
digits_n1500,10,4,johnson,J,3,1,0.6158258,0.615745252,0.9998692032714446,0,1500,10557
digits_n1500,10,4,johnson,J,4,1,0.627064474,0.62699789,0.9998938163414436,0,1500,10557
digits_n1500,10,4,dijkstra,D,4,1,0.505948286,0.505828153,0.99976255873708,0,1500,10557
digits_n1500,10,4,floyd_warshall,FW,4,1,3.484855048,3.484272291,0.9998327743932034,0,1500,10557
digits_n1500,10,4,dijkstra,D,5,1,0.572935733,0.572833403,0.9998213935802812,0,1500,10557
digits_n1500,10,4,floyd_warshall,FW,5,1,3.510049596,3.509392278,0.9998127325606028,0,1500,10557
digits_n1500,10,4,johnson,J,5,1,0.613326471,0.613263507,0.9998973401557292,0,1500,10557
digits_n1500,10,4,johnson,J,6,1,0.613821007,0.613725609,0.9998445833575064,0,1500,10557
digits_n1500,10,4,dijkstra,D,6,1,0.537037888,0.536972401,0.9998780588828772,0,1500,10557
digits_n1500,10,4,floyd_warshall,FW,6,1,3.454620322,3.454039402,0.9998318425917024,0,1500,10557
digits_n1500,20,4,dijkstra,D,1,1,0.785770877,0.785665358,0.999865712762984,0,1500,20774
digits_n1500,20,4,johnson,J,1,1,0.940021928,0.93987233,0.9998408569039254,0,1500,20774
digits_n1500,20,4,floyd_warshall,FW,1,1,4.165665964,4.164988445,0.9998373563781024,0,1500,20774
digits_n1500,20,4,johnson,J,2,1,0.951907061,0.951788079,0.9998750067050926,0,1500,20774
digits_n1500,20,4,floyd_warshall,FW,2,1,4.179250458,4.178596211,0.9998434535076146,0,1500,20774
digits_n1500,20,4,dijkstra,D,2,1,0.75390164,0.753744248,0.9997912300601972,0,1500,20774
digits_n1500,20,4,johnson,J,3,1,0.939999945,0.93986608,0.9998575904171996,0,1500,20774
digits_n1500,20,4,dijkstra,D,3,1,0.761665898,0.761555612,0.9998552042302412,0,1500,20774
digits_n1500,20,4,floyd_warshall,FW,3,1,4.193576138,4.192918403,0.9998431565379152,0,1500,20774
digits_n1500,20,4,dijkstra,D,4,1,0.741923492,0.741799236,0.9998325218147964,0,1500,20774
digits_n1500,20,4,floyd_warshall,FW,4,1,4.074751104,4.074171697,0.999857805548066,0,1500,20774
digits_n1500,20,4,johnson,J,4,1,0.938747495,0.938637381,0.9998827011517086,0,1500,20774
digits_n1500,20,4,floyd_warshall,FW,5,1,4.176528141,4.175810748,0.9998282322120716,0,1500,20774
digits_n1500,20,4,dijkstra,D,5,1,0.821169285,0.821046672,0.9998506848682244,0,1500,20774
digits_n1500,20,4,johnson,J,5,1,0.976468132,0.976296073,0.999823794556769,0,1500,20774
digits_n1500,20,4,johnson,J,6,1,0.962064023,0.961932556,0.9998633490112332,0,1500,20774
digits_n1500,20,4,dijkstra,D,6,1,0.729370222,0.729297256,0.999899960270108,0,1500,20774
digits_n1500,20,4,floyd_warshall,FW,6,1,4.161915499,4.161116046,0.99980791224613,0,1500,20774
digits_n1797,5,0,dijkstra,D,1,1,0.557014589,0.556946259,0.9998773281681498,0,1797,6427
digits_n1797,5,0,johnson,J,1,1,0.626959115,0.626876874,0.9998688255772468,0,1797,6427
digits_n1797,5,0,floyd_warshall,FW,1,1,4.922698269,4.921942388,0.9998464498617028,0,1797,6427
digits_n1797,5,0,floyd_warshall,FW,2,1,4.966915012,4.966097085,0.99983532494556,0,1797,6427
digits_n1797,5,0,johnson,J,2,1,0.650992468,0.650844625,0.9997728959899423,0,1797,6427
digits_n1797,5,0,dijkstra,D,2,1,0.522112879,0.522055577,0.9998902497863876,0,1797,6427
digits_n1797,5,0,floyd_warshall,FW,3,1,4.917583637,4.916764981,0.9998335247429572,0,1797,6427
digits_n1797,5,0,dijkstra,D,3,1,0.558985864,0.558896991,0.999841010290736,0,1797,6427
digits_n1797,5,0,johnson,J,3,1,0.695670685,0.695583123,0.9998741329742824,0,1797,6427
digits_n1797,5,0,floyd_warshall,FW,4,1,4.942082748,4.941241991,0.999829878000254,0,1797,6427
digits_n1797,5,0,dijkstra,D,4,1,0.548971959,0.548877131,0.9998272625797268,0,1797,6427
digits_n1797,5,0,johnson,J,4,1,0.624441322,0.624330805,0.9998230145954372,0,1797,6427
digits_n1797,5,0,dijkstra,D,5,1,0.512545695,0.512483336,0.9998783347502312,0,1797,6427
digits_n1797,5,0,floyd_warshall,FW,5,1,4.984182627,4.983366642,0.999836285092047,0,1797,6427
digits_n1797,5,0,johnson,J,5,1,0.641378067,0.641260345,0.9998164545904248,0,1797,6427
digits_n1797,5,0,johnson,J,6,1,0.626599799,0.626530146,0.9998888397345306,0,1797,6427
digits_n1797,5,0,floyd_warshall,FW,6,1,4.832760139,4.831881619,0.999818215683226,0,1797,6427
digits_n1797,5,0,dijkstra,D,6,1,0.560519342,0.56041548,0.999814703985719,0,1797,6427
digits_n1797,5,0,johnson,J,7,1,0.635877837,0.635814175,0.999899883285286,0,1797,6427
digits_n1797,5,0,floyd_warshall,FW,7,1,4.883479999,4.882712337,0.9998428043116472,0,1797,6427
digits_n1797,5,0,dijkstra,D,7,1,0.583330623,0.583236597,0.999838811822502,0,1797,6427
digits_n1797,5,0,johnson,J,8,1,0.652905475,0.652785356,0.9998160239045324,0,1797,6427
digits_n1797,5,0,floyd_warshall,FW,8,1,4.86979993,4.869034507,0.9998428224955844,0,1797,6427
digits_n1797,5,0,dijkstra,D,8,1,0.550189405,0.550085138,0.9998104888988184,0,1797,6427
digits_n1797,5,0,johnson,J,9,1,0.62309244,0.622957552,0.9997835184776116,0,1797,6427
digits_n1797,5,0,floyd_warshall,FW,9,1,5.037057579,5.036204933,0.9998307253815094,0,1797,6427
digits_n1797,5,0,dijkstra,D,9,1,0.548576827,0.548513477,0.9998845193655984,0,1797,6427
digits_n1797,5,0,dijkstra,D,10,1,0.589741421,0.589613415,0.9997829455496224,0,1797,6427
digits_n1797,5,0,johnson,J,10,1,0.617065557,0.61698555,0.9998703427875816,0,1797,6427
digits_n1797,5,0,floyd_warshall,FW,10,1,5.059033215,5.058048658,0.9998053863340765,0,1797,6427
digits_n1797,5,0,floyd_warshall,FW,11,1,4.918606794,4.917760516,0.9998279435548636,0,1797,6427
digits_n1797,5,0,dijkstra,D,11,1,0.579684146,0.579607275,0.9998673915777576,0,1797,6427
digits_n1797,5,0,johnson,J,11,1,0.643404938,0.643313617,0.999858066056683,0,1797,6427
digits_n1797,5,0,dijkstra,D,12,1,0.58636076,0.586311573,0.9999161147823056,0,1797,6427
digits_n1797,5,0,floyd_warshall,FW,12,1,4.93655085,4.935669815,0.9998215282234963,0,1797,6427
digits_n1797,5,0,johnson,J,12,1,0.637002571,0.636883566,0.9998131797179196,0,1797,6427
digits_n1797,5,0,johnson,J,13,1,0.628346997,0.628222867,0.9998024499192444,0,1797,6427
digits_n1797,5,0,floyd_warshall,FW,13,1,4.88178827,4.881036536,0.9998460125760432,0,1797,6427
digits_n1797,5,0,dijkstra,D,13,1,0.543785046,0.543682455,0.999811339056205,0,1797,6427
digits_n1797,5,0,floyd_warshall,FW,14,1,4.986694886,4.985896473,0.9998398913472244,0,1797,6427
digits_n1797,5,0,dijkstra,D,14,1,0.588035657,0.587943391,0.9998430945489416,0,1797,6427
digits_n1797,5,0,johnson,J,14,1,0.639661016,0.639589886,0.9998888004767824,0,1797,6427
digits_n1797,5,0,johnson,J,15,1,0.626659597,0.626579352,0.999871948023482,0,1797,6427
digits_n1797,5,0,floyd_warshall,FW,15,1,5.028604089,5.027701097,0.999820428893582,0,1797,6427
digits_n1797,5,0,dijkstra,D,15,1,0.585544938,0.585470271,0.9998724828870438,0,1797,6427
digits_n1797,5,0,floyd_warshall,FW,16,1,5.003526389,5.002683111,0.9998314632652174,0,1797,6427
digits_n1797,5,0,johnson,J,16,1,0.695809834,0.695725318,0.9998785357782112,0,1797,6427
digits_n1797,5,0,dijkstra,D,16,1,0.531278031,0.531204975,0.9998624900791352,0,1797,6427
digits_n1797,5,0,dijkstra,D,17,1,0.577902205,0.577820991,0.9998594675720264,0,1797,6427
digits_n1797,5,0,floyd_warshall,FW,17,1,5.531336539,5.530370094,0.9998252782138304,0,1797,6427
digits_n1797,5,0,johnson,J,17,1,0.751476762,0.751344966,0.9998246173312808,0,1797,6427
digits_n1797,5,0,floyd_warshall,FW,18,1,5.207790864,5.206908882,0.9998306418166488,0,1797,6427
digits_n1797,5,0,johnson,J,18,1,0.62925349,0.6291216,0.9997904024338428,0,1797,6427
digits_n1797,5,0,dijkstra,D,18,1,0.527025333,0.526959466,0.9998750211880232,0,1797,6427
digits_n1797,5,0,johnson,J,19,1,0.624952892,0.624880351,0.9998839256511513,0,1797,6427
digits_n1797,5,0,floyd_warshall,FW,19,1,4.949858126,4.948929775,0.9998124489679566,0,1797,6427
digits_n1797,5,0,dijkstra,D,19,1,0.552212028,0.552107049,0.9998098936736668,0,1797,6427
digits_n1797,5,0,dijkstra,D,20,1,0.535357393,0.535289804,0.9998737497587896,0,1797,6427
digits_n1797,5,0,floyd_warshall,FW,20,1,4.888661613,4.887839546,0.9998318421144524,0,1797,6427
digits_n1797,5,0,johnson,J,20,1,0.620653453,0.620583024,0.9998865244370114,0,1797,6427
digits_n1797,5,0,johnson,J,21,1,0.625110773,0.625016207,0.9998487212121684,0,1797,6427
digits_n1797,5,0,floyd_warshall,FW,21,1,4.952890027,4.951991874,0.999818660823256,0,1797,6427
digits_n1797,5,0,dijkstra,D,21,1,0.59092918,0.590858005,0.99987955409479,0,1797,6427
digits_n1797,5,0,floyd_warshall,FW,22,1,4.925493703,4.924676468,0.99983408059186,0,1797,6427
digits_n1797,5,0,dijkstra,D,22,1,0.556429563,0.556344879,0.9998478082301316,0,1797,6427
digits_n1797,5,0,johnson,J,22,1,0.622890046,0.622789306,0.999838270011462,0,1797,6427
digits_n1797,5,0,dijkstra,D,23,1,0.564232508,0.564173259,0.9998949918709752,0,1797,6427
digits_n1797,5,0,johnson,J,23,1,0.624923884,0.624839311,0.9998646667183552,0,1797,6427
digits_n1797,5,0,floyd_warshall,FW,23,1,4.933185608,4.932279272,0.9998162777418044,0,1797,6427
digits_n1797,5,0,floyd_warshall,FW,24,1,5.017121167,5.016253206,0.9998270001917215,0,1797,6427
digits_n1797,5,0,dijkstra,D,24,1,0.558352414,0.558296512,0.999899880436444,0,1797,6427
digits_n1797,5,0,johnson,J,24,1,0.635152617,0.635004941,0.999767495250673,0,1797,6427
digits_n1797,5,0,floyd_warshall,FW,25,1,5.132051168,5.131161609,0.9998266659916512,0,1797,6427
digits_n1797,5,0,johnson,J,25,1,0.683962731,0.683860427,0.9998504245986468,0,1797,6427
digits_n1797,5,0,dijkstra,D,25,1,0.560403695,0.560312834,0.9998378650947332,0,1797,6427
digits_n1797,5,0,floyd_warshall,FW,26,1,4.916035813,4.915116507,0.9998129985144596,0,1797,6427
digits_n1797,5,0,johnson,J,26,1,0.644232081,0.644120366,0.9998265919948808,0,1797,6427
digits_n1797,5,0,dijkstra,D,26,1,0.547708748,0.547638772,0.9998722386665256,0,1797,6427
digits_n1797,5,0,johnson,J,27,1,0.628374051,0.628297795,0.9998786455298742,0,1797,6427
digits_n1797,5,0,floyd_warshall,FW,27,1,4.915244738,4.914321429,0.9998121540128284,0,1797,6427
digits_n1797,5,0,dijkstra,D,27,1,0.570648593,0.570542226,0.999813603325576,0,1797,6427
digits_n1797,5,0,johnson,J,28,1,0.702694065,0.702589225,0.9998508027814352,0,1797,6427
digits_n1797,5,0,floyd_warshall,FW,28,1,5.4106131,5.409591569,0.9998111986606472,0,1797,6427
digits_n1797,5,0,dijkstra,D,28,1,0.558608212,0.558550801,0.9998972249265824,0,1797,6427
digits_n1797,5,0,johnson,J,29,1,0.679209128,0.679073921,0.9998009346541056,0,1797,6427
digits_n1797,5,0,dijkstra,D,29,1,0.557788278,0.557684323,0.9998136300024578,0,1797,6427
digits_n1797,5,0,floyd_warshall,FW,29,1,5.061566969,5.060616376,0.9998121939300966,0,1797,6427
digits_n1797,5,0,johnson,J,30,1,0.645060586,0.644995854,0.9998996497361567,0,1797,6427
digits_n1797,5,0,dijkstra,D,30,1,0.569066237,0.56897312,0.999836368784606,0,1797,6427
digits_n1797,5,0,floyd_warshall,FW,30,1,4.898186653,4.897273732,0.999813620618267,0,1797,6427
digits_n1797,10,0,floyd_warshall,FW,1,1,6.113353999,6.112312837,0.9998296905430032,0,1797,12618
digits_n1797,10,0,johnson,J,1,1,0.893322648,0.893190899,0.9998525180120588,0,1797,12618
digits_n1797,10,0,dijkstra,D,1,1,0.781982823,0.781887144,0.9998776456500248,0,1797,12618
digits_n1797,10,0,johnson,J,2,1,0.877754574,0.877646063,0.9998763766054724,0,1797,12618
digits_n1797,10,0,dijkstra,D,2,1,0.784646973,0.784525415,0.9998450793743136,0,1797,12618
digits_n1797,10,0,floyd_warshall,FW,2,1,6.080097616,6.079080985,0.9998327936384896,0,1797,12618
digits_n1797,10,0,dijkstra,D,3,1,0.735672686,0.73551312,0.9997831019106234,0,1797,12618
digits_n1797,10,0,johnson,J,3,1,0.886540224,0.886409821,0.9998529079713816,0,1797,12618
digits_n1797,10,0,floyd_warshall,FW,3,1,6.02309061,6.022076195,0.9998315789906406,0,1797,12618
digits_n1797,10,0,floyd_warshall,FW,4,1,5.977064371,5.976081137,0.9998354988437518,0,1797,12618
digits_n1797,10,0,johnson,J,4,1,0.884555586,0.884402579,0.999827023872302,0,1797,12618
digits_n1797,10,0,dijkstra,D,4,1,0.77757419,0.777450606,0.999841064683487,0,1797,12618
digits_n1797,10,0,floyd_warshall,FW,5,1,6.063427833,6.062302166,0.999814351381594,0,1797,12618
digits_n1797,10,0,johnson,J,5,1,0.872950244,0.872844829,0.9998792428311642,0,1797,12618
digits_n1797,10,0,dijkstra,D,5,1,0.769186775,0.769090966,0.9998754411761696,0,1797,12618
digits_n1797,10,0,floyd_warshall,FW,6,1,5.938884606,5.937888753,0.999832316492731,0,1797,12618
digits_n1797,10,0,dijkstra,D,6,1,0.704947883,0.704846983,0.9998568688516796,0,1797,12618
digits_n1797,10,0,johnson,J,6,1,0.872744672,0.872597605,0.9998314890887126,0,1797,12618
digits_n1797,10,0,johnson,J,7,1,0.905531981,0.905386662,0.9998395208528807,0,1797,12618
digits_n1797,10,0,floyd_warshall,FW,7,1,6.077634688,6.076584445,0.999827195438042,0,1797,12618
digits_n1797,10,0,dijkstra,D,7,1,0.759079884,0.758938587,0.9998138575359744,0,1797,12618
digits_n1797,10,0,dijkstra,D,8,1,0.771809199,0.77171025,0.999871796034398,0,1797,12618
digits_n1797,10,0,johnson,J,8,1,0.97098917,0.970832383,0.999838528580087,0,1797,12618
digits_n1797,10,0,floyd_warshall,FW,8,1,6.026344527,6.025264231,0.99982073776314,0,1797,12618
digits_n1797,10,0,johnson,J,9,1,0.88986843,0.889727726,0.9998418822431986,0,1797,12618
digits_n1797,10,0,floyd_warshall,FW,9,1,5.982534855,5.981539907,0.9998336912322092,0,1797,12618
digits_n1797,10,0,dijkstra,D,9,1,0.763258269,0.763149224,0.9998571322389432,0,1797,12618
digits_n1797,10,0,johnson,J,10,1,0.913542676,0.91336558,0.9998061437033512,0,1797,12618
digits_n1797,10,0,dijkstra,D,10,1,0.740509207,0.740340955,0.999772788780464,0,1797,12618
digits_n1797,10,0,floyd_warshall,FW,10,1,6.064412817,6.063376674,0.9998291437223574,0,1797,12618
digits_n1797,10,0,johnson,J,11,1,0.970683109,0.970549439,0.9998622928546292,0,1797,12618
digits_n1797,10,0,floyd_warshall,FW,11,1,5.928816763,5.927794005,0.9998274937410137,0,1797,12618
digits_n1797,10,0,dijkstra,D,11,1,0.79041196,0.790280293,0.9998334197777068,0,1797,12618
digits_n1797,10,0,johnson,J,12,1,0.976396593,0.976239148,0.9998387489252536,0,1797,12618
digits_n1797,10,0,dijkstra,D,12,1,0.738696838,0.73859292,0.9998593225330688,0,1797,12618
digits_n1797,10,0,floyd_warshall,FW,12,1,5.985020393,5.983955485,0.9998220711158736,0,1797,12618
digits_n1797,10,0,dijkstra,D,13,1,0.708474462,0.708390285,0.9998811855549988,0,1797,12618
digits_n1797,10,0,johnson,J,13,1,0.871924611,0.87176486,0.9998167834718912,0,1797,12618
digits_n1797,10,0,floyd_warshall,FW,13,1,6.064908269,6.063907321,0.999834960735496,0,1797,12618
digits_n1797,10,0,dijkstra,D,14,1,0.713043409,0.712912879,0.999816939616365,0,1797,12618
digits_n1797,10,0,floyd_warshall,FW,14,1,5.993995527,5.99297831,0.9998302940008182,0,1797,12618
digits_n1797,10,0,johnson,J,14,1,0.948993967,0.948883229,0.999883310111707,0,1797,12618
digits_n1797,10,0,johnson,J,15,1,0.87002376,0.869881696,0.9998367125054148,0,1797,12618
digits_n1797,10,0,floyd_warshall,FW,15,1,6.255557668,6.254435955,0.9998206853713878,0,1797,12618
digits_n1797,10,0,dijkstra,D,15,1,0.755582973,0.755416939,0.9997802570916324,0,1797,12618
digits_n1797,10,0,floyd_warshall,FW,16,1,6.00719389,6.006126023,0.9998222353032792,0,1797,12618
digits_n1797,10,0,dijkstra,D,16,1,0.770009311,0.769898678,0.9998563225165988,0,1797,12618
digits_n1797,10,0,johnson,J,16,1,0.899227088,0.899059663,0.9998138123259028,0,1797,12618
digits_n1797,10,0,johnson,J,17,1,0.938801646,0.938672026,0.9998619303656398,0,1797,12618
digits_n1797,10,0,dijkstra,D,17,1,0.731060453,0.730956808,0.9998582264988144,0,1797,12618
digits_n1797,10,0,floyd_warshall,FW,17,1,6.057477349,6.056372875,0.9998176676632258,0,1797,12618
digits_n1797,10,0,dijkstra,D,18,1,0.771748727,0.771637205,0.9998554944166432,0,1797,12618
digits_n1797,10,0,floyd_warshall,FW,18,1,6.134812448,6.133717369,0.9998214975585183,0,1797,12618
digits_n1797,10,0,johnson,J,18,1,0.933925948,0.933725716,0.9997856018451692,0,1797,12618
digits_n1797,10,0,johnson,J,19,1,0.888070718,0.887940501,0.9998533709113916,0,1797,12618
digits_n1797,10,0,floyd_warshall,FW,19,1,5.927631133,5.926554504,0.999818371120631,0,1797,12618
digits_n1797,10,0,dijkstra,D,19,1,0.79773549,0.797608013,0.9998402014181416,0,1797,12618
digits_n1797,10,0,floyd_warshall,FW,20,1,6.159531894,6.158466803,0.9998270824766672,0,1797,12618
digits_n1797,10,0,dijkstra,D,20,1,0.778431529,0.778325451,0.999863728541242,0,1797,12618
digits_n1797,10,0,johnson,J,20,1,0.904742588,0.904584297,0.9998250430541245,0,1797,12618
digits_n1797,10,0,johnson,J,21,1,0.882067616,0.881905337,0.9998160243080502,0,1797,12618
digits_n1797,10,0,dijkstra,D,21,1,0.718053923,0.717945294,0.9998487174897028,0,1797,12618
digits_n1797,10,0,floyd_warshall,FW,21,1,6.142299983,6.141146727,0.9998122436215764,0,1797,12618
digits_n1797,10,0,johnson,J,22,1,0.99858571,0.998437786,0.999851866496267,0,1797,12618
digits_n1797,10,0,dijkstra,D,22,1,0.780383406,0.780187359,0.9997487811779536,0,1797,12618
digits_n1797,10,0,floyd_warshall,FW,22,1,6.077327399,6.076160221,0.999807945512333,0,1797,12618
digits_n1797,10,0,dijkstra,D,23,1,0.778374878,0.778251627,0.9998416559893136,0,1797,12618
digits_n1797,10,0,johnson,J,23,1,0.92523245,0.925023374,0.9997740286778743,0,1797,12618
digits_n1797,10,0,floyd_warshall,FW,23,1,6.05638244,6.055337264,0.9998274256934144,0,1797,12618
digits_n1797,10,0,johnson,J,24,1,0.97314398,0.972982097,0.999833649487304,0,1797,12618
digits_n1797,10,0,dijkstra,D,24,1,0.778067189,0.777943356,0.9998408453643196,0,1797,12618
digits_n1797,10,0,floyd_warshall,FW,24,1,6.677463082,6.67626199,0.999820127496738,0,1797,12618
digits_n1797,10,0,johnson,J,25,1,0.966625301,0.966504653,0.999875186383105,0,1797,12618
digits_n1797,10,0,dijkstra,D,25,1,0.772890234,0.772797752,0.9998803426464308,0,1797,12618
digits_n1797,10,0,floyd_warshall,FW,25,1,6.101687288,6.100652199,0.9998303602018354,0,1797,12618
digits_n1797,10,0,floyd_warshall,FW,26,1,6.293712993,6.292481147,0.9998042735661176,0,1797,12618
digits_n1797,10,0,johnson,J,26,1,0.957547452,0.957381774,0.9998269767209406,0,1797,12618
digits_n1797,10,0,dijkstra,D,26,1,0.709286481,0.709208189,0.9998896186490266,0,1797,12618
digits_n1797,10,0,johnson,J,27,1,0.875644576,0.875517041,0.9998543530063504,0,1797,12618
digits_n1797,10,0,dijkstra,D,27,1,0.732381945,0.732275653,0.999854868077066,0,1797,12618
digits_n1797,10,0,floyd_warshall,FW,27,1,6.056040514,6.054955026,0.9998207594553752,0,1797,12618
digits_n1797,10,0,floyd_warshall,FW,28,1,6.173545033,6.172492837,0.9998295637280727,0,1797,12618
digits_n1797,10,0,dijkstra,D,28,1,0.75682522,0.756706148,0.999842669090758,0,1797,12618
digits_n1797,10,0,johnson,J,28,1,0.961660754,0.961486517,0.9998188165636632,0,1797,12618
digits_n1797,10,0,floyd_warshall,FW,29,1,6.168762452,6.167817773,0.9998468608562332,0,1797,12618
digits_n1797,10,0,dijkstra,D,29,1,0.787401346,0.787238128,0.9997927130797666,0,1797,12618
digits_n1797,10,0,johnson,J,29,1,0.969397512,0.9692598,0.999857940629829,0,1797,12618
digits_n1797,10,0,dijkstra,D,30,1,0.78675563,0.786633726,0.9998450548107296,0,1797,12618
digits_n1797,10,0,johnson,J,30,1,0.965945926,0.965816591,0.9998661053413874,0,1797,12618
digits_n1797,10,0,floyd_warshall,FW,30,1,6.177355865,6.176311308,0.9998309054840244,0,1797,12618
digits_n1797,20,0,floyd_warshall,FW,1,1,7.206544913,7.205375307,0.999837702253421,0,1797,24927
digits_n1797,20,0,dijkstra,D,1,1,1.10566479,1.10548416,0.9998366322219594,0,1797,24927
digits_n1797,20,0,johnson,J,1,1,1.382580984,1.382387872,0.9998603249992334,0,1797,24927
digits_n1797,20,0,johnson,J,2,1,1.400004184,1.399820394,0.9998687218209056,0,1797,24927
digits_n1797,20,0,floyd_warshall,FW,2,1,6.894353042,6.893161561,0.9998271801584948,0,1797,24927
digits_n1797,20,0,dijkstra,D,2,1,1.107034132,1.106856118,0.9998391973699328,0,1797,24927
digits_n1797,20,0,floyd_warshall,FW,3,1,6.923543109,6.922325337,0.9998241114439778,0,1797,24927
digits_n1797,20,0,johnson,J,3,1,1.489080397,1.488849783,0.999845129920141,0,1797,24927
digits_n1797,20,0,dijkstra,D,3,1,1.158018974,1.157843737,0.999848675191051,0,1797,24927
digits_n1797,20,0,floyd_warshall,FW,4,1,7.064956598,7.063767794,0.9998317322996244,0,1797,24927
digits_n1797,20,0,johnson,J,4,1,1.571780716,1.571540977,0.9998474729982628,0,1797,24927
digits_n1797,20,0,dijkstra,D,4,1,1.159368021,1.159204229,0.9998587230309676,0,1797,24927
digits_n1797,20,0,dijkstra,D,5,1,1.157554421,1.157363557,0.9998351144477208,0,1797,24927
digits_n1797,20,0,floyd_warshall,FW,5,1,7.104210683,7.102857817,0.999809568429152,0,1797,24927
digits_n1797,20,0,johnson,J,5,1,1.477893111,1.477637712,0.999827187096212,0,1797,24927
digits_n1797,20,0,johnson,J,6,1,1.415938467,1.415766376,0.9998784615263936,0,1797,24927
digits_n1797,20,0,floyd_warshall,FW,6,1,6.830565446,6.829323387,0.999818161613439,0,1797,24927
digits_n1797,20,0,dijkstra,D,6,1,1.153450478,1.153287404,0.9998586207183487,0,1797,24927
digits_n1797,20,0,floyd_warshall,FW,7,1,7.251570206,7.250275274,0.9998214273649412,0,1797,24927
digits_n1797,20,0,johnson,J,7,1,1.474278798,1.474062148,0.9998530467912216,0,1797,24927
digits_n1797,20,0,dijkstra,D,7,1,1.14133272,1.141179027,0.9998653390047382,0,1797,24927
digits_n1797,20,0,johnson,J,8,1,1.508901612,1.508691487,0.999860743074082,0,1797,24927
digits_n1797,20,0,dijkstra,D,8,1,1.163285178,1.163092331,0.9998342220775722,0,1797,24927
digits_n1797,20,0,floyd_warshall,FW,8,1,7.589906392,7.588601829,0.9998281186970402,0,1797,24927
digits_n1797,20,0,johnson,J,9,1,1.484825045,1.484566312,0.9998257484941602,0,1797,24927
digits_n1797,20,0,dijkstra,D,9,1,1.193695456,1.193497925,0.9998345214443038,0,1797,24927
digits_n1797,20,0,floyd_warshall,FW,9,1,6.991636862,6.990466489,0.9998326038632868,0,1797,24927
digits_n1797,20,0,dijkstra,D,10,1,1.190352849,1.190158801,0.999836982790302,0,1797,24927
digits_n1797,20,0,floyd_warshall,FW,10,1,6.852358555,6.851165679,0.9998259174574088,0,1797,24927
digits_n1797,20,0,johnson,J,10,1,1.543618789,1.543326978,0.999810956563836,0,1797,24927
digits_n1797,20,0,dijkstra,D,11,1,1.19573473,1.19557908,0.999869828987906,0,1797,24927
digits_n1797,20,0,johnson,J,11,1,1.563686737,1.563484458,0.9998706396906658,0,1797,24927
digits_n1797,20,0,floyd_warshall,FW,11,1,7.001780845,7.00052322,0.9998203849809298,0,1797,24927
digits_n1797,20,0,floyd_warshall,FW,12,1,7.026556881,7.025289726,0.9998196620305704,0,1797,24927
digits_n1797,20,0,johnson,J,12,1,1.410224462,1.409973892,0.9998223190656864,0,1797,24927
digits_n1797,20,0,dijkstra,D,12,1,1.182801081,1.182620882,0.9998476506295988,0,1797,24927
digits_n1797,20,0,dijkstra,D,13,1,1.198389674,1.198171283,0.9998177629491156,0,1797,24927
digits_n1797,20,0,floyd_warshall,FW,13,1,7.388404264,7.387184916,0.9998349646342524,0,1797,24927
digits_n1797,20,0,johnson,J,13,1,1.395214219,1.39495137,0.9998116067078298,0,1797,24927
digits_n1797,20,0,dijkstra,D,14,1,1.194296727,1.194161461,0.9998867400396048,0,1797,24927
digits_n1797,20,0,johnson,J,14,1,1.528641449,1.528423426,0.999857374664188,0,1797,24927
digits_n1797,20,0,floyd_warshall,FW,14,1,6.99121866,6.990037412,0.9998310383271576,0,1797,24927
digits_n1797,20,0,floyd_warshall,FW,15,1,7.057833543,7.056508071,0.9998121984611956,0,1797,24927
digits_n1797,20,0,johnson,J,15,1,1.565073857,1.564796906,0.9998230428559256,0,1797,24927
digits_n1797,20,0,dijkstra,D,15,1,1.192893185,1.192629785,0.9997791923004408,0,1797,24927
digits_n1797,20,0,johnson,J,16,1,1.500690949,1.500448423,0.9998383904426412,0,1797,24927
digits_n1797,20,0,dijkstra,D,16,1,1.241200496,1.241045556,0.9998751692409894,0,1797,24927
digits_n1797,20,0,floyd_warshall,FW,16,1,7.638019832,7.636628961,0.9998179016249508,0,1797,24927
digits_n1797,20,0,floyd_warshall,FW,17,1,7.379045899,7.377856361,0.9998387951482776,0,1797,24927
digits_n1797,20,0,dijkstra,D,17,1,1.134780467,1.134545546,0.9997929811035424,0,1797,24927
digits_n1797,20,0,johnson,J,17,1,1.40134929,1.401099823,0.99982198085675,0,1797,24927
digits_n1797,20,0,dijkstra,D,18,1,1.162933233,1.162716613,0.9998137296330925,0,1797,24927
digits_n1797,20,0,floyd_warshall,FW,18,1,7.110987812,7.109743251,0.999824980574724,0,1797,24927
digits_n1797,20,0,johnson,J,18,1,1.559533866,1.559217874,0.9997973804821498,0,1797,24927
digits_n1797,20,0,johnson,J,19,1,1.395064027,1.394841868,0.999840753545572,0,1797,24927
digits_n1797,20,0,dijkstra,D,19,1,1.097109262,1.09691526,0.999823169845776,0,1797,24927
digits_n1797,20,0,floyd_warshall,FW,19,1,6.987229813,6.985983672,0.9998216544992292,0,1797,24927
digits_n1797,20,0,floyd_warshall,FW,20,1,7.651762867,7.65024811,0.99980203816737,0,1797,24927
digits_n1797,20,0,johnson,J,20,1,1.406819657,1.406606022,0.9998481432933234,0,1797,24927
digits_n1797,20,0,dijkstra,D,20,1,1.133522915,1.133294226,0.999798249336671,0,1797,24927
digits_n1797,20,0,johnson,J,21,1,1.430398812,1.430171174,0.9998408569707342,0,1797,24927
digits_n1797,20,0,dijkstra,D,21,1,1.108818378,1.108633083,0.9998328896745612,0,1797,24927
digits_n1797,20,0,floyd_warshall,FW,21,1,7.121381493,7.120018032,0.9998085398175424,0,1797,24927
digits_n1797,20,0,johnson,J,22,1,1.433285428,1.433004632,0.9998040892661612,0,1797,24927
digits_n1797,20,0,floyd_warshall,FW,22,1,7.177074023,7.175704379,0.9998091640136898,0,1797,24927
digits_n1797,20,0,dijkstra,D,22,1,1.115442976,1.115257927,0.999834102680297,0,1797,24927
digits_n1797,20,0,johnson,J,23,1,1.420039765,1.419806668,0.9998358517798268,0,1797,24927
digits_n1797,20,0,dijkstra,D,23,1,1.193970489,1.193724028,0.9997935786501672,0,1797,24927
digits_n1797,20,0,floyd_warshall,FW,23,1,7.077619764,7.076326305,0.9998172466107068,0,1797,24927
digits_n1797,20,0,johnson,J,24,1,1.467455114,1.467149785,0.9997919329885548,0,1797,24927
digits_n1797,20,0,floyd_warshall,FW,24,1,6.994436873,6.992993787,0.9997936808886544,0,1797,24927
digits_n1797,20,0,dijkstra,D,24,1,1.210628038,1.210403173,0.999814257564717,0,1797,24927
digits_n1797,20,0,floyd_warshall,FW,25,1,7.199866598,7.198533467,0.9998148394860024,0,1797,24927
digits_n1797,20,0,johnson,J,25,1,1.521983635,1.52175546,0.9998500805167988,0,1797,24927
digits_n1797,20,0,dijkstra,D,25,1,1.0945607,1.094388006,0.9998422252872774,0,1797,24927
digits_n1797,20,0,johnson,J,26,1,1.41787199,1.417603241,0.9998104560906091,0,1797,24927
digits_n1797,20,0,dijkstra,D,26,1,1.105919745,1.105742995,0.9998401782762274,0,1797,24927
digits_n1797,20,0,floyd_warshall,FW,26,1,7.083216016,7.08205689,0.9998363559720074,0,1797,24927
digits_n1797,20,0,johnson,J,27,1,1.55833197,1.558007091,0.9997915213149352,0,1797,24927
digits_n1797,20,0,floyd_warshall,FW,27,1,6.973219867,6.972045568,0.9998315987417008,0,1797,24927
digits_n1797,20,0,dijkstra,D,27,1,1.185625248,1.18539137,0.9998027386812196,0,1797,24927
digits_n1797,20,0,floyd_warshall,FW,28,1,6.936313537,6.934955641,0.9998042337629698,0,1797,24927
digits_n1797,20,0,johnson,J,28,1,1.533633592,1.533363936,0.999824171822131,0,1797,24927
digits_n1797,20,0,dijkstra,D,28,1,1.13547107,1.135320912,0.9998677570886946,0,1797,24927
digits_n1797,20,0,dijkstra,D,29,1,1.269739373,1.269536806,0.9998404656858664,0,1797,24927
digits_n1797,20,0,johnson,J,29,1,1.509463781,1.509232001,0.9998464487833908,0,1797,24927
digits_n1797,20,0,floyd_warshall,FW,29,1,6.986609765,6.985382427,0.9998243299624164,0,1797,24927
digits_n1797,20,0,floyd_warshall,FW,30,1,7.065960586,7.064702386,0.9998219350384584,0,1797,24927
digits_n1797,20,0,johnson,J,30,1,1.463734934,1.463489669,0.9998324389243552,0,1797,24927
digits_n1797,20,0,dijkstra,D,30,1,1.130547004,1.13036777,0.9998414625846022,0,1797,24927
